output_name,chinese_name,category,role,source_psd,layer_path,output_path,resolved_output_name,is_alias,width,height,border,sha256
UI_Auth_Login_Background,登录与标题：Login / 背景,Auth,Background,Login.psd,Background,Assets/AllResources/淘宝ui素材/RuntimeSprites/Auth/UI_Auth_Login_Background.png,UI_Auth_Login_Background,False,1922,1082,"0,0,0,0",336b1a5eada2d4edd38954301630320410eed1abfd946df96f74ba68ccb93dfd
UI_Auth_Login_BtnFacebook_Btn_Normal,登录与标题：Login / 按钮底图 / Facebook / 按钮底图 / 普通状态,Auth,Sliced,Login.psd,btn_facebook/btn,Assets/AllResources/淘宝ui素材/RuntimeSprites/Auth/UI_Auth_Login_BtnFacebook_Btn_Normal.png,UI_Auth_Login_BtnFacebook_Btn_Normal,False,604,103,"23,23,23,23",7f75cec161424efdb45f3fec78dd504456548c7e067a4f435601cba417161204
UI_Auth_Login_BtnGameCenter_Btn_Normal,登录与标题：Login / 按钮底图 / Game / Center / 按钮底图 / 普通状态,Auth,Sliced,Login.psd,btn_game center/btn,Assets/AllResources/淘宝ui素材/RuntimeSprites/Auth/UI_Auth_Login_BtnGameCenter_Btn_Normal.png,UI_Auth_Login_BtnGameCenter_Btn_Normal,False,604,103,"23,23,23,23",d845eb76685302ca94d2e73eb9553d7250ca5e24f57b70148479ca8512dd5f28
UI_Auth_Login_BtnGoogle_Btn_Normal,登录与标题：Login / 按钮底图 / Google / 按钮底图 / 普通状态,Auth,Sliced,Login.psd,btn_google/btn,Assets/AllResources/淘宝ui素材/RuntimeSprites/Auth/UI_Auth_Login_BtnGoogle_Btn_Normal.png,UI_Auth_Login_BtnGoogle_Btn_Normal,False,604,103,"23,23,23,23",a625c49c06d273eddf0499eb0c4e6b0fd9c352edb1b1630d48c3b7c848004901
UI_Auth_Login_ButtonBlue_Btn_Normal,登录与标题：Login / 按钮 / 蓝色 / 按钮底图 / 普通状态,Auth,Sliced,Login.psd,Button_Blue/btn,Assets/AllResources/淘宝ui素材/RuntimeSprites/Auth/UI_Auth_Login_ButtonBlue_Btn_Normal.png,UI_Auth_Login_ButtonBlue_Btn_Normal,False,226,103,"23,23,23,23",7c99f174761731dd363d87f9823a5e24c2f4649394960241f1f09cdd84a7686b
UI_Auth_Title_Background,登录与标题：标题 / 背景,Auth,Background,Title.psd,Background,Assets/AllResources/淘宝ui素材/RuntimeSprites/Auth/UI_Auth_Login_Background.png,UI_Auth_Login_Background,True,1922,1082,"0,0,0,0",336b1a5eada2d4edd38954301630320410eed1abfd946df96f74ba68ccb93dfd
UI_Auth_Title_Loading,登录与标题：标题 / 加载,Auth,Simple,Title.psd,Loading,Assets/AllResources/淘宝ui素材/RuntimeSprites/Auth/UI_Auth_Title_Loading.png,UI_Auth_Title_Loading,False,1133,80,"0,0,0,0",1e2ac99653a0d783bb156bed86a5a278ffcc98031be4ef50f1d292f332810273
UI_Auth_TitleStart_Background,登录与标题：标题 / Start / 背景,Auth,Background,TitleStart.psd,Background,Assets/AllResources/淘宝ui素材/RuntimeSprites/Auth/UI_Auth_TitleStart_Background.png,UI_Auth_TitleStart_Background,False,1920,1080,"0,0,0,0",cb75e786296d4e180e75d58ad79441195f89417ade0f04b6ee42ae672bcb6374
UI_Auth_TitleStart_ButtonStart_Bg_Background,登录与标题：标题 / Start / 按钮 / Start / Bg / 背景,Auth,Background,TitleStart.psd,ButtonStart/bg,Assets/AllResources/淘宝ui素材/RuntimeSprites/Auth/UI_Auth_TitleStart_ButtonStart_Bg_Background.png,UI_Auth_TitleStart_ButtonStart_Bg_Background,False,854,129,"0,0,0,0",bc1f8c3e542991bae417b651867e3aac5a4f445fbc72bc7ce032dbf634a9bdf3
UI_Auth_TitleStart_Contrast,登录与标题：标题 / Start / Contrast,Auth,Simple,TitleStart.psd,Contrast,Assets/AllResources/淘宝ui素材/RuntimeSprites/Auth/UI_Auth_TitleStart_Contrast.png,UI_Auth_TitleStart_Contrast,False,1922,1082,"0,0,0,0",ae768c0661d3083562afea4974e366bb78a53ca22f31dcabec19ba595dbeec1c
UI_Character,角色界面：未分类组件,Character,Simple,Character.psd,Character,Assets/AllResources/淘宝ui素材/RuntimeSprites/Character/UI_Character.png,UI_Character,False,613,593,"0,0,0,0",5b677d4a4f9e737f8bd03009e495c9ef722414aaf05b9f41f6f623f89800dd80
UI_Character_Background,角色界面：背景,Character,Background,Character.psd,Background,Assets/AllResources/淘宝ui素材/RuntimeSprites/Character/UI_Character_Background.png,UI_Character_Background,False,1920,1080,"0,0,0,0",9f954b649f0a65e8aff588740430aaccb881dd5d3f2b544b06d9a15aac9e3616
UI_Character_ButtonGreen,角色界面：按钮 / 绿色,Character,Simple,Character.psd,Button_Green,Assets/AllResources/淘宝ui素材/RuntimeSprites/Character/UI_Character_ButtonGreen.png,UI_Character_ButtonGreen,False,316,103,"0,0,0,0",fdfcbfe4960ab373b877cee7e0434022d355b126a019f3dc14a6ed8a0e055d7e
UI_Character_CharacterSelect_Background,角色界面：角色 / Select / 背景,Character,Background,CharacterSelect.psd,Background,Assets/AllResources/淘宝ui素材/RuntimeSprites/Character/UI_Character_CharacterSelect_Background.png,UI_Character_CharacterSelect_Background,False,1920,1080,"0,0,0,0",4e54d7b7a509bf06526e28ea33f38e15e126f8fb119afb91b6ce366becee96ed
UI_Character_CharacterSelect_ButtonGreen_Btn_Normal,角色界面：角色 / Select / 按钮 / 绿色 / 按钮底图 / 普通状态,Character,Sliced,CharacterSelect.psd,Button_Green/btn,Assets/AllResources/淘宝ui素材/RuntimeSprites/Character/UI_Character_CharacterSelect_ButtonGreen_Btn_Normal.png,UI_Character_CharacterSelect_ButtonGreen_Btn_Normal,False,316,103,"23,23,23,23",fdfcbfe4960ab373b877cee7e0434022d355b126a019f3dc14a6ed8a0e055d7e
UI_Character_CharacterSelect_Slot01_CharacterSample,角色界面：角色 / Select / Slot01 / 角色 / Sample,Character,Simple,CharacterSelect.psd,CharacterSelect/1/Character_sample,Assets/AllResources/淘宝ui素材/RuntimeSprites/Character/UI_Character_CharacterSelect_Slot01_CharacterSample.png,UI_Character_CharacterSelect_Slot01_CharacterSample,False,404,645,"0,0,0,0",18d060b4b474af797fa96f8e9d363e6d949ad117713925b6f98f4c5465080990
UI_Character_CharacterSelect_Slot01_Frame,角色界面：角色 / Select / Slot01 / 边框,Character,Frame,CharacterSelect.psd,CharacterSelect/1/frame,Assets/AllResources/淘宝ui素材/RuntimeSprites/Character/UI_Character_CharacterSelect_Slot01_Frame.png,UI_Character_CharacterSelect_Slot01_Frame,False,436,697,"0,0,0,0",89a8941ace5ad84861cb9966c3e1ddd259d7b5fbeac7d8e6f5ff5109fd84cb49
UI_Character_CharacterSelect_Slot02_Add,角色界面：角色 / Select / Slot02 / 增加,Character,Simple,CharacterSelect.psd,CharacterSelect/2/Add,Assets/AllResources/淘宝ui素材/RuntimeSprites/Character/UI_Character_CharacterSelect_Slot02_Add.png,UI_Character_CharacterSelect_Slot02_Add,False,128,202,"0,0,0,0",84e684d1af84660ceff0a3d6dd30fee444256a938512e7e8696924a647eb8cd2
UI_Character_CharacterSelect_Slot02_Frame,角色界面：角色 / Select / Slot02 / 边框,Character,Frame,CharacterSelect.psd,CharacterSelect/2/frame,Assets/AllResources/淘宝ui素材/RuntimeSprites/Character/UI_Character_CharacterSelect_Slot02_Frame.png,UI_Character_CharacterSelect_Slot02_Frame,False,435,697,"0,0,0,0",47f22c42af255bc0fc445ae10d6c2ffbfd9055b49b48244c59802cc27d41be5e
UI_Character_CharacterSelect_Slot03_Add,角色界面：角色 / Select / Slot03 / 增加,Character,Simple,CharacterSelect.psd,CharacterSelect/3/Add,Assets/AllResources/淘宝ui素材/RuntimeSprites/Character/UI_Character_CharacterSelect_Slot02_Add.png,UI_Character_CharacterSelect_Slot02_Add,True,128,202,"0,0,0,0",84e684d1af84660ceff0a3d6dd30fee444256a938512e7e8696924a647eb8cd2
UI_Character_CharacterSelect_Slot03_Frame,角色界面：角色 / Select / Slot03 / 边框,Character,Frame,CharacterSelect.psd,CharacterSelect/3/frame,Assets/AllResources/淘宝ui素材/RuntimeSprites/Character/UI_Character_CharacterSelect_Slot03_Frame.png,UI_Character_CharacterSelect_Slot03_Frame,False,435,697,"0,0,0,0",add9cfc6d1e1b723a99777d1e4162168257e48c591be76faa188996a9be8ef1a
UI_Character_CharacterSelect_Slot04_Frame,角色界面：角色 / Select / Slot04 / 边框,Character,Frame,CharacterSelect.psd,CharacterSelect/4/frame,Assets/AllResources/淘宝ui素材/RuntimeSprites/Character/UI_Character_CharacterSelect_Slot04_Frame.png,UI_Character_CharacterSelect_Slot04_Frame,False,436,697,"0,0,0,0",e2b74db0b456ec0092e42b62b7e049974233808ef07c78c7da6a41d7a3e6eca5
UI_Character_CharacterSelect_Top_Back,角色界面：角色 / Select / Top / 返回,Character,Simple,CharacterSelect.psd,Top/Back,Assets/AllResources/淘宝ui素材/RuntimeSprites/Character/UI_Character_Top_Back.png,UI_Character_Top_Back,True,39,47,"0,0,0,0",5eb11265a8d8cf80f9244d09fbf5024ec2984f04f4a13fba82ca9e3d62f2dba0
UI_Character_CharacterSelect_Top_Coin,角色界面：角色 / Select / Top / 金币,Character,Simple,CharacterSelect.psd,Top/Coin,Assets/AllResources/淘宝ui素材/RuntimeSprites/Character/UI_Character_CharacterSelect_Top_Coin.png,UI_Character_CharacterSelect_Top_Coin,False,321,73,"0,0,0,0",c5d60efcc5621583be0a3f9643d2d3514de71e8063dc3bb40a86469f73230ee0
UI_Character_CharacterSelect_Top_Home,角色界面：角色 / Select / Top / 主页,Character,Simple,CharacterSelect.psd,Top/Home,Assets/AllResources/淘宝ui素材/RuntimeSprites/Character/UI_Character_Top_Home.png,UI_Character_Top_Home,True,50,54,"0,0,0,0",de4b34505b8833c05be374d98e842e3190b2410c51361d50db5e20f7d268122e
UI_Character_CharacterTutorialChat_Background,角色界面：角色 / Tutorial / Chat / 背景,Character,Background,CharacterTutorialChat.psd,Background,Assets/AllResources/淘宝ui素材/RuntimeSprites/Character/UI_Character_CharacterTutorialChat_Background.png,UI_Character_CharacterTutorialChat_Background,False,1920,1080,"0,0,0,0",7342a88530656c9e5c3cfcbdb3e471e7be4af94051b58234bc0a6384c383efec
UI_Character_CharacterTutorialChat_Character,角色界面：角色 / Tutorial / Chat / 角色,Character,Simple,CharacterTutorialChat.psd,Character,Assets/AllResources/淘宝ui素材/RuntimeSprites/Character/UI_Character_CharacterTutorialChat_Character.png,UI_Character_CharacterTutorialChat_Character,False,870,826,"0,0,0,0",e997b3fa9b85c0a7fa05a3ec794c422a01249dc753fb6d89121df994c502eacd
UI_Character_CharacterTutorialChat_Message,角色界面：角色 / Tutorial / Chat / 消息,Character,Simple,CharacterTutorialChat.psd,Message,Assets/AllResources/淘宝ui素材/RuntimeSprites/Character/UI_Character_CharacterTutorialChat_Message.png,UI_Character_CharacterTutorialChat_Message,False,1184,441,"0,0,0,0",271afc49bf16aedb6db9a6288bcae2eb10e1a73c24db269edc05628b548716df
UI_Character_CharacterTutorialChat_Top_Back,角色界面：角色 / Tutorial / Chat / Top / 返回,Character,Simple,CharacterTutorialChat.psd,Top/Back,Assets/AllResources/淘宝ui素材/RuntimeSprites/Character/UI_Character_Top_Back.png,UI_Character_Top_Back,True,39,47,"0,0,0,0",5eb11265a8d8cf80f9244d09fbf5024ec2984f04f4a13fba82ca9e3d62f2dba0
UI_Character_CharacterTutorialChat_Top_DecoLine_Overlay,角色界面：角色 / Tutorial / Chat / Top / 装饰 / Line / 覆盖层,Character,Overlay,CharacterTutorialChat.psd,Top/Deco_line,Assets/AllResources/淘宝ui素材/RuntimeSprites/Character/UI_Character_CharacterTutorialChat_Top_DecoLine_Overlay.png,UI_Character_CharacterTutorialChat_Top_DecoLine_Overlay,False,1922,68,"0,0,0,0",7c87325ad9d2ecc40a82089208920a9a1abfbc38aff5c21e0f8f7ad2382f6878
UI_Character_CharacterTutorialChat_Top_Home,角色界面：角色 / Tutorial / Chat / Top / 主页,Character,Simple,CharacterTutorialChat.psd,Top/Home,Assets/AllResources/淘宝ui素材/RuntimeSprites/Character/UI_Character_Top_Home.png,UI_Character_Top_Home,True,50,54,"0,0,0,0",de4b34505b8833c05be374d98e842e3190b2410c51361d50db5e20f7d268122e
UI_Character_Grade_Power,角色界面：Grade / Power,Character,Simple,Character.psd,Grade/Power,Assets/AllResources/淘宝ui素材/RuntimeSprites/Character/UI_Character_Grade_Power.png,UI_Character_Grade_Power,False,316,140,"0,0,0,0",48d13449a9316a18146c7f0a74e3f3bc77d6e9e241e6eb53f8fa9671f39be85e
UI_Character_Role_Archer,角色界面：Role / Archer,Character,Simple,Character.psd,Role/Archer,Assets/AllResources/淘宝ui素材/RuntimeSprites/Character/UI_Character_Role_Archer.png,UI_Character_Role_Archer,False,83,83,"0,0,0,0",475d6ae8d3446c4b40da67f14b6e6e8f4edc217dcb9d5af7228d5acd0ce7e0b7
UI_Character_Role_Assassin,角色界面：Role / Assassin,Character,Simple,Character.psd,Role/Assassin,Assets/AllResources/淘宝ui素材/RuntimeSprites/Character/UI_Character_Role_Assassin.png,UI_Character_Role_Assassin,False,92,76,"0,0,0,0",141575db2fe12b38e58a283b4f9a1a75263d812a09e497d04ff867b252c7f53b
UI_Character_Role_DarkMage,角色界面：Role / 深色 / Mage,Character,Simple,Character.psd,Role/Dark Mage,Assets/AllResources/淘宝ui素材/RuntimeSprites/Character/UI_Character_Role_DarkMage.png,UI_Character_Role_DarkMage,False,72,81,"0,0,0,0",b382d07998020e0d54668824bd2369b5e1da2a7988e01167de6d51172e324116
UI_Character_Role_DefaultFrame_Frame,角色界面：Role / 默认 / 边框,Character,Frame,Character.psd,Role/default frame,Assets/AllResources/淘宝ui素材/RuntimeSprites/Character/UI_Character_Role_DefaultFrame_Frame.png,UI_Character_Role_DefaultFrame_Frame,False,287,869,"0,0,0,0",77040795995754668bcbb615de0b4b01e3f00eb806ad050ffbc6b5ec954d4e54
UI_Character_Role_Gladiator,角色界面：Role / Gladiator,Character,Simple,Character.psd,Role/Gladiator,Assets/AllResources/淘宝ui素材/RuntimeSprites/Character/UI_Character_Role_Gladiator.png,UI_Character_Role_Gladiator,False,76,72,"0,0,0,0",361ee3c2c8682eac86606de785252e431b358665f54af8658d79674b2c30532f
UI_Character_Role_Paladin,角色界面：Role / Paladin,Character,Simple,Character.psd,Role/Paladin,Assets/AllResources/淘宝ui素材/RuntimeSprites/Character/UI_Character_Role_Paladin.png,UI_Character_Role_Paladin,False,97,74,"0,0,0,0",67d4e2b6b67a27e04bb3997b698c75b7b08be965b6473962f146f9a3541f33fb
UI_Character_Role_Priest,角色界面：Role / Priest,Character,Simple,Character.psd,Role/Priest,Assets/AllResources/淘宝ui素材/RuntimeSprites/Character/UI_Character_Role_Priest.png,UI_Character_Role_Priest,False,83,94,"0,0,0,0",7461caf84cfde8cec0b2b87bf36743abaadc707a41af25c5356bba2d1fb71197
UI_Character_Role_Ranger,角色界面：Role / Ranger,Character,Simple,Character.psd,Role/Ranger,Assets/AllResources/淘宝ui素材/RuntimeSprites/Character/UI_Character_Role_Ranger.png,UI_Character_Role_Ranger,False,70,87,"0,0,0,0",a7de4ff95827a5d25bc9c50822ae601735d34a45da9ec8ac3d7515b50472ff11
UI_Character_Role_Sorcerer,角色界面：Role / Sorcerer,Character,Simple,Character.psd,Role/Sorcerer,Assets/AllResources/淘宝ui素材/RuntimeSprites/Character/UI_Character_Role_Sorcerer.png,UI_Character_Role_Sorcerer,False,84,95,"0,0,0,0",7fd0f968eefd4e99cd3876f68557ff1cce97192738f4f520fae10f1a8c9f2ccd
UI_Character_Role_WarriorSelect,角色界面：Role / Warrior / Select,Character,Simple,Character.psd,Role/Warrior Select,Assets/AllResources/淘宝ui素材/RuntimeSprites/Character/UI_Character_Role_WarriorSelect.png,UI_Character_Role_WarriorSelect,False,132,137,"0,0,0,0",bfd46cc5010ddf573a28903bb3555cd70a9505c340b5e78c0bfcf5b34ee3bd16
UI_Character_Role_Wizard,角色界面：Role / Wizard,Character,Simple,Character.psd,Role/Wizard,Assets/AllResources/淘宝ui素材/RuntimeSprites/Character/UI_Character_Role_Wizard.png,UI_Character_Role_Wizard,False,86,76,"0,0,0,0",47ff73299406fc58b3cf4c21a829ffed783b81ed7d731ec290ee429004329fc5
UI_Character_Stats_Icon,角色界面：Stats / 图标,Character,Icon,Character.psd,Stats/Icon,Assets/AllResources/淘宝ui素材/RuntimeSprites/Character/UI_Character_Stats_Icon.png,UI_Character_Stats_Icon,False,42,257,"0,0,0,0",2294fba2aa33d8905bbb9c6f6224a8e04992e01aa44a372cc70255a90fc1766f
UI_Character_Stats_IconRole_Icon,角色界面：Stats / 图标 / Role / 图标,Character,Icon,Character.psd,Stats/Icon Role,Assets/AllResources/淘宝ui素材/RuntimeSprites/Character/UI_Character_Stats_IconRole_Icon.png,UI_Character_Stats_IconRole_Icon,False,144,148,"0,0,0,0",8f130cbd9db59af4be87cb46f87e1eb4c82f9d839e7cd14267da82a7008574e9
UI_Character_Stats_Level,角色界面：Stats / 等级,Character,Simple,Character.psd,Stats/Level,Assets/AllResources/淘宝ui素材/RuntimeSprites/Character/UI_Character_Stats_Level.png,UI_Character_Stats_Level,False,377,59,"0,0,0,0",dbc94e15b95c7d5ca7d542f32c2288436272000bc9cd77d90a9177d265a54c30
UI_Character_Stats_Progress,角色界面：Stats / 进度,Character,Simple,Character.psd,Stats/Progress,Assets/AllResources/淘宝ui素材/RuntimeSprites/Character/UI_Character_Stats_Progress.png,UI_Character_Stats_Progress,False,314,236,"0,0,0,0",cea89f89f85d8856e331e2a165af0620cc01677b1a3705523421bf3891870133
UI_Character_Top_Back,角色界面：Top / 返回,Character,Simple,Character.psd,Top/Back,Assets/AllResources/淘宝ui素材/RuntimeSprites/Character/UI_Character_Top_Back.png,UI_Character_Top_Back,False,39,47,"0,0,0,0",5eb11265a8d8cf80f9244d09fbf5024ec2984f04f4a13fba82ca9e3d62f2dba0
UI_Character_Top_Coin,角色界面：Top / 金币,Character,Simple,Character.psd,Top/Coin,Assets/AllResources/淘宝ui素材/RuntimeSprites/Character/UI_Character_Top_Coin.png,UI_Character_Top_Coin,False,321,71,"0,0,0,0",65738aba5dad9bdbb6013b95264e5d629c1585503549a8219866807bb2486f3e
UI_Character_Top_Home,角色界面：Top / 主页,Character,Simple,Character.psd,Top/Home,Assets/AllResources/淘宝ui素材/RuntimeSprites/Character/UI_Character_Top_Home.png,UI_Character_Top_Home,False,50,54,"0,0,0,0",de4b34505b8833c05be374d98e842e3190b2410c51361d50db5e20f7d268122e
UI_Common_Button_Circle_Blue_Icon,通用控件：按钮 / 圆形 / 蓝色 / 图标,Common,Icon,Buttons.psd,Common Buttons/Button_Blue/icon,Assets/AllResources/淘宝ui素材/RuntimeSprites/Common/UI_Common_Button_Circle_Red_Icon.png,UI_Common_Button_Circle_Red_Icon,True,56,60,"0,0,0,0",bd5fa4997fd70432b7d62c01f0f8eb8cba704b27a9511be5dd76681738454645
UI_Common_Button_Circle_Blue_Normal,通用控件：按钮 / 圆形 / 蓝色 / 普通状态,Common,Normal,Buttons.psd,Common Buttons/Button_Blue/btn,Assets/AllResources/淘宝ui素材/RuntimeSprites/Common/UI_Common_Button_Circle_Blue_Normal.png,UI_Common_Button_Circle_Blue_Normal,False,146,147,"0,0,0,0",76fadaa223fbf619fe947d3a8444756e7d181cda4c40f0291fca424f1d5c02f8
UI_Common_Button_Circle_BlueGray_Icon,通用控件：按钮 / 圆形 / 蓝色 / 灰色 / 图标,Common,Icon,Buttons.psd,Common Buttons/Button_BlueGray/icon,Assets/AllResources/淘宝ui素材/RuntimeSprites/Common/UI_Common_Button_Circle_Purple_Icon.png,UI_Common_Button_Circle_Purple_Icon,True,56,60,"0,0,0,0",9710d5649d32c0ae1992fc396e6ab26e81fbb99b8502d950c98446ce5b328297
UI_Common_Button_Circle_BlueGray_Normal,通用控件：按钮 / 圆形 / 蓝色 / 灰色 / 普通状态,Common,Normal,Buttons.psd,Common Buttons/Button_BlueGray/btn,Assets/AllResources/淘宝ui素材/RuntimeSprites/Common/UI_Common_Button_Circle_BlueGray_Normal.png,UI_Common_Button_Circle_BlueGray_Normal,False,147,147,"0,0,0,0",23c5db748d41d01b06a47db3fc373438bc0dde556d4e0d76b0758b1457364e0f
UI_Common_Button_Circle_Green_Icon,通用控件：按钮 / 圆形 / 绿色 / 图标,Common,Icon,Buttons.psd,Common Buttons/Button_Green/icon,Assets/AllResources/淘宝ui素材/RuntimeSprites/Common/UI_Common_Button_Circle_Red_Icon.png,UI_Common_Button_Circle_Red_Icon,True,56,60,"0,0,0,0",bd5fa4997fd70432b7d62c01f0f8eb8cba704b27a9511be5dd76681738454645
UI_Common_Button_Circle_Green_Normal,通用控件：按钮 / 圆形 / 绿色 / 普通状态,Common,Normal,Buttons.psd,Common Buttons/Button_Green/btn,Assets/AllResources/淘宝ui素材/RuntimeSprites/Common/UI_Common_Button_Circle_Green_Normal.png,UI_Common_Button_Circle_Green_Normal,False,147,147,"0,0,0,0",be8c5b94b9b30b6def2f529f1a2f1fc5a7121b28c49dd2cbb25717c4c8213b68
UI_Common_Button_Circle_Purple_Icon,通用控件：按钮 / 圆形 / 紫色 / 图标,Common,Icon,Buttons.psd,Common Buttons/Button_Purple/icon,Assets/AllResources/淘宝ui素材/RuntimeSprites/Common/UI_Common_Button_Circle_Purple_Icon.png,UI_Common_Button_Circle_Purple_Icon,False,56,60,"0,0,0,0",9710d5649d32c0ae1992fc396e6ab26e81fbb99b8502d950c98446ce5b328297
UI_Common_Button_Circle_Purple_Normal,通用控件：按钮 / 圆形 / 紫色 / 普通状态,Common,Normal,Buttons.psd,Common Buttons/Button_Purple/btn,Assets/AllResources/淘宝ui素材/RuntimeSprites/Common/UI_Common_Button_Circle_Purple_Normal.png,UI_Common_Button_Circle_Purple_Normal,False,146,147,"0,0,0,0",a70bb7cebe7a1edf82c7c3b03c52c2ca2174dd153ddee38d79aee57a62140e5b
UI_Common_Button_Circle_Red_Icon,通用控件：按钮 / 圆形 / 红色 / 图标,Common,Icon,Buttons.psd,Common Buttons/Button_Red/icon,Assets/AllResources/淘宝ui素材/RuntimeSprites/Common/UI_Common_Button_Circle_Red_Icon.png,UI_Common_Button_Circle_Red_Icon,False,56,60,"0,0,0,0",bd5fa4997fd70432b7d62c01f0f8eb8cba704b27a9511be5dd76681738454645
UI_Common_Button_Circle_Red_Normal,通用控件：按钮 / 圆形 / 红色 / 普通状态,Common,Normal,Buttons.psd,Common Buttons/Button_Red/btn,Assets/AllResources/淘宝ui素材/RuntimeSprites/Common/UI_Common_Button_Circle_Red_Normal.png,UI_Common_Button_Circle_Red_Normal,False,147,147,"0,0,0,0",3d1a4e38816353a5e086b1cfa4a8108a6b84d2e4067979c11596f7d1f24571c6
UI_Common_Button_Rect_Blue_Normal,通用控件：按钮 / Rect / 蓝色 / 普通状态,Common,Sliced,Buttons.psd,Buttons1/Button_Blue/btn,Assets/AllResources/淘宝ui素材/RuntimeSprites/Common/UI_Common_Button_Rect_Blue_Normal.png,UI_Common_Button_Rect_Blue_Normal,False,315,103,"23,23,23,23",6bc5c1bd0c778d4cdfd8f13bcdcea0af0a8d8167c809cf5b34d05bb98c1e67fb
UI_Common_Button_Rect_BlueGray_Normal,通用控件：按钮 / Rect / 蓝色 / 灰色 / 普通状态,Common,Sliced,Buttons.psd,Buttons1/Button_BlueGray/btn,Assets/AllResources/淘宝ui素材/RuntimeSprites/Common/UI_Common_Button_Rect_BlueGray_Normal.png,UI_Common_Button_Rect_BlueGray_Normal,False,314,103,"23,23,23,23",b03f47952a3f5fdb3f648ed1e430e38124fe92c46053a56dc7e2c47bb8404a1b
UI_Common_Button_Rect_Dark_Normal,通用控件：按钮 / Rect / 深色 / 普通状态,Common,Sliced,Buttons.psd,Buttons2/Button_Dark/btn,Assets/AllResources/淘宝ui素材/RuntimeSprites/Common/UI_Common_Button_Rect_Dark_Normal.png,UI_Common_Button_Rect_Dark_Normal,False,314,103,"23,23,23,23",62baeda893d2b177d865379880043cc0e2952cad2551ddfc1ed5368af8a104e4
UI_Common_Button_Rect_Gray_Normal,通用控件：按钮 / Rect / 灰色 / 普通状态,Common,Sliced,Buttons.psd,Buttons1/Button_Gray/btn,Assets/AllResources/淘宝ui素材/RuntimeSprites/Common/UI_Common_Button_Rect_Gray_Normal.png,UI_Common_Button_Rect_Gray_Normal,False,315,103,"23,23,23,23",35e43e1815377350d675b919dc8e944e61508d59e4d1d04ba4dbc4149aa04600
UI_Common_Button_Rect_Green_Normal,通用控件：按钮 / Rect / 绿色 / 普通状态,Common,Sliced,Buttons.psd,Buttons1/Button_Green/btn,Assets/AllResources/淘宝ui素材/RuntimeSprites/Common/UI_Common_Button_Rect_Green_Normal.png,UI_Common_Button_Rect_Green_Normal,False,315,103,"23,23,23,23",440ea94c65d84d44e743f5efdfbbd4891bc054deb7a8166842c06671879ce8c2
UI_Common_Button_Rect_Mint_Normal,通用控件：按钮 / Rect / 薄荷色 / 普通状态,Common,Sliced,Buttons.psd,Buttons2/Button_Mint/btn,Assets/AllResources/淘宝ui素材/RuntimeSprites/Common/UI_Common_Button_Rect_Mint_Normal.png,UI_Common_Button_Rect_Mint_Normal,False,314,103,"23,23,23,23",12132afdc2e210b95ac40f712a6731231f82bf2b7c8d736a56bb32d1be3bdfe6
UI_Common_Button_Rect_Purple_Normal,通用控件：按钮 / Rect / 紫色 / 普通状态,Common,Sliced,Buttons.psd,Buttons2/Button_Purple/btn,Assets/AllResources/淘宝ui素材/RuntimeSprites/Common/UI_Common_Button_Rect_Purple_Normal.png,UI_Common_Button_Rect_Purple_Normal,False,315,103,"23,23,23,23",768772972fb29d359ce3956d2cacc4e7ab6a662f7d5a44bf4a14614da0bd7ea3
UI_Common_Button_Rect_Red_Normal,通用控件：按钮 / Rect / 红色 / 普通状态,Common,Sliced,Buttons.psd,Buttons2/Button_Red/btn,Assets/AllResources/淘宝ui素材/RuntimeSprites/Common/UI_Common_Button_Rect_Red_Normal.png,UI_Common_Button_Rect_Red_Normal,False,315,103,"23,23,23,23",2f98358ae1bc2e46cd1986e6973bfd3e915b3949d8360dc0453a4bff449e49ae
UI_Common_Button_Rect_Yellow_Normal,通用控件：按钮 / Rect / 黄色 / 普通状态,Common,Sliced,Buttons.psd,Buttons1/Button_Yellow/btn,Assets/AllResources/淘宝ui素材/RuntimeSprites/Common/UI_Common_Button_Rect_Yellow_Normal.png,UI_Common_Button_Rect_Yellow_Normal,False,316,103,"23,23,23,23",72dbfaf0b31155034b2c4ad6f14ce6c0e66a500574f34a567895453a332bc21a
UI_Common_Buttons_Buttons2_ButtonBrown,通用控件：Buttons / Buttons2 / 按钮 / 棕色,Common,Simple,Buttons.psd,Buttons2/Button_Brown,Assets/AllResources/淘宝ui素材/RuntimeSprites/Common/UI_Common_Buttons_Buttons2_ButtonBrown.png,UI_Common_Buttons_Buttons2_ButtonBrown,False,316,103,"0,0,0,0",92cc7f905b75195152da7eba1f52af4da2057da355a76bb6d1bb2b459684e8e1
UI_Common_Buttons_CommonUiElements_CheckboxOff_Off,通用控件：Buttons / 通用 / Ui / Elements / 复选框 / 关闭状态,Common,Off,Buttons.psd,Common UI Elements/Checkbox_Off,Assets/AllResources/淘宝ui素材/RuntimeSprites/Common/UI_Common_Buttons_CommonUiElements_CheckboxOff_Off.png,UI_Common_Buttons_CommonUiElements_CheckboxOff_Off,False,63,63,"0,0,0,0",e7d2a9e0ebe3e92ee37a57aa5d5a20b606cf957ea0ee24210cd02b1482367079
UI_Common_Buttons_CommonUiElements_CheckboxOn_On,通用控件：Buttons / 通用 / Ui / Elements / 复选框 / 开启状态,Common,On,Buttons.psd,Common UI Elements/Checkbox_On,Assets/AllResources/淘宝ui素材/RuntimeSprites/Common/UI_Common_Buttons_CommonUiElements_CheckboxOn_On.png,UI_Common_Buttons_CommonUiElements_CheckboxOn_On,False,63,63,"0,0,0,0",aad4c344092c06b98be23046ce967fa6c0e0d1a43e82675f3bb70767aed3d9b4
UI_Common_Buttons_CommonUiElements_SwitchOff_Handle,通用控件：Buttons / 通用 / Ui / Elements / 开关 / 关闭状态 / 滑块,Common,Handle,Buttons.psd,Common UI Elements/SwitchOff,Assets/AllResources/淘宝ui素材/RuntimeSprites/Common/UI_Common_Buttons_CommonUiElements_SwitchOff_Handle.png,UI_Common_Buttons_CommonUiElements_SwitchOff_Handle,False,179,81,"0,0,0,0",1a5eeb4007fac646a59f2d8ce451c1044cda25977a42d0c9a66fe2cf0c98e8b4
UI_Common_Buttons_CommonUiElements_SwitchOn_Handle,通用控件：Buttons / 通用 / Ui / Elements / 开关 / 开启状态 / 滑块,Common,Handle,Buttons.psd,Common UI Elements/SwitchOn,Assets/AllResources/淘宝ui素材/RuntimeSprites/Common/UI_Common_Buttons_CommonUiElements_SwitchOn_Handle.png,UI_Common_Buttons_CommonUiElements_SwitchOn_Handle,False,179,83,"0,0,0,0",44c2db1fa2cf43b943627ec664665bbc263de69fad4dd417dbff96c41787ca5f
UI_Common_Buttons_CommonUiElements_Tab_Line,通用控件：Buttons / 通用 / Ui / Elements / 页签 / Line,Common,Simple,Buttons.psd,Common UI Elements/Tab/line,Assets/AllResources/淘宝ui素材/RuntimeSprites/Common/UI_Common_Buttons_CommonUiElements_Tab_Line.png,UI_Common_Buttons_CommonUiElements_Tab_Line,False,355,5,"0,0,0,0",8932dfc9ab55b68bda3425dbb7426604738b359ee12a341e35bd52c2415067bc
UI_Common_Buttons_TextInput_Entered,通用控件：Buttons / Text / 输入框 / Entered,Common,Sliced,Buttons.psd,Text input/Entered,Assets/AllResources/淘宝ui素材/RuntimeSprites/Common/UI_Common_Buttons_TextInput_Entered.png,UI_Common_Buttons_TextInput_Entered,False,434,123,"27,24,27,24",fd930fe38b45206e1fa13c68365a4fd332ccdd1a461abf98f7b1081aa86e050b
UI_Common_Buttons_TextInput_Error,通用控件：Buttons / Text / 输入框 / 错误,Common,Sliced,Buttons.psd,Text input/Error,Assets/AllResources/淘宝ui素材/RuntimeSprites/Common/UI_Common_Buttons_TextInput_Error.png,UI_Common_Buttons_TextInput_Error,False,434,123,"27,24,27,24",efb4dd31f17d63c2b263715468feca65381e62c15b7032aef0bc4479af9903e8
UI_Common_Buttons_TextInput_Required,通用控件：Buttons / Text / 输入框 / Required,Common,Sliced,Buttons.psd,Text input/Required,Assets/AllResources/淘宝ui素材/RuntimeSprites/Common/UI_Common_Buttons_TextInput_Required.png,UI_Common_Buttons_TextInput_Required,False,434,123,"27,24,27,24",b5422aca0832768f448f59a02f4dc0c703dd83d4fb4ead779f9d375f75e452d5
UI_Common_Buttons_TextInput_Typing,通用控件：Buttons / Text / 输入框 / Typing,Common,Sliced,Buttons.psd,Text input/Typing,Assets/AllResources/淘宝ui素材/RuntimeSprites/Common/UI_Common_Buttons_TextInput_Typing.png,UI_Common_Buttons_TextInput_Typing,False,434,123,"27,24,27,24",91282c0502d5576fd2e4796672d7f51c99c3103a7016dcd14265871a52deca7b
UI_Common_CommonMessage_Background,通用控件：通用 / 消息 / 背景,Common,Background,CommonMessage.psd,Background,Assets/AllResources/淘宝ui素材/RuntimeSprites/Common/UI_Common_CommonMessage_Background.png,UI_Common_CommonMessage_Background,False,1922,1082,"0,0,0,0",6da5ac08e856e97207dfefacc0e4cac9fdcfa26522fd4f9dc7cf512960a12301
UI_Common_CommonMessage_Collect,通用控件：通用 / 消息 / Collect,Common,Simple,CommonMessage.psd,Collect,Assets/AllResources/淘宝ui素材/RuntimeSprites/Common/UI_Common_CommonMessage_Collect.png,UI_Common_CommonMessage_Collect,False,923,109,"0,0,0,0",4a36999e5dab7ad66e93e2ed1442eb3e4404a781cd0ed77b65cb1eb278d4c06d
UI_Common_CommonMessage_Default,通用控件：通用 / 消息 / 默认,Common,Simple,CommonMessage.psd,Default,Assets/AllResources/淘宝ui素材/RuntimeSprites/Common/UI_Common_CommonMessage_Default.png,UI_Common_CommonMessage_Default,False,923,109,"0,0,0,0",25fc087933725527dd05fadbd40d9510e87948a54316b2d056eef6a5b8111454
UI_Common_CommonMessage_ErrorIcon_Icon,通用控件：通用 / 消息 / 错误 / 图标,Common,Icon,CommonMessage.psd,Error _Icon,Assets/AllResources/淘宝ui素材/RuntimeSprites/Common/UI_Common_CommonMessage_ErrorIcon_Icon.png,UI_Common_CommonMessage_ErrorIcon_Icon,False,924,177,"0,0,0,0",c6d17797113f6ecf1570473ca348799a10bd2886d0edab84f4ce88a99d8f3f99
UI_Common_CommonMessage_ErrorText,通用控件：通用 / 消息 / 错误 / Text,Common,Simple,CommonMessage.psd,Error_Text,Assets/AllResources/淘宝ui素材/RuntimeSprites/Common/UI_Common_CommonMessage_ErrorText.png,UI_Common_CommonMessage_ErrorText,False,923,109,"0,0,0,0",932ad045ba7544302286142599705b439e4b813d7dd048ef8d985d732d2cd70c
UI_Common_Component_Account,通用控件：Component / 账号信息,Common,Simple,Component.psd,Account,Assets/AllResources/淘宝ui素材/RuntimeSprites/Common/UI_Common_Component_Account.png,UI_Common_Component_Account,False,477,113,"0,0,0,0",32b5c34b101f63c0b854c4666b296c60110b416fe4d4b964cb86a8860307d606
UI_Common_Component_Arrow_Next,通用控件：Component / 箭头 / Next,Common,Simple,Component.psd,Arrow/Next,Assets/AllResources/淘宝ui素材/RuntimeSprites/Common/UI_Common_Component_Arrow_Next.png,UI_Common_Component_Arrow_Next,False,63,91,"0,0,0,0",7b3d47c3206b8920185771349f573294ae2ac16e478ceac4c96a3c58cf3109fb
UI_Common_Component_Arrow_Prev,通用控件：Component / 箭头 / Prev,Common,Simple,Component.psd,Arrow/Prev,Assets/AllResources/淘宝ui素材/RuntimeSprites/Common/UI_Common_Component_Arrow_Prev.png,UI_Common_Component_Arrow_Prev,False,63,91,"0,0,0,0",0c4758addd23181fd5c9a50120a3509f07116c8a24ef805932c89f8601b9650e
UI_Common_Component_CharacterLevel_CharacterLevelBlue,通用控件：Component / 角色 / 等级 / 角色 / 等级 / 蓝色,Common,Simple,Component.psd,Character_Level/Character_Level_Blue,Assets/AllResources/淘宝ui素材/RuntimeSprites/Common/UI_Common_Component_CharacterLevel_CharacterLevelBlue.png,UI_Common_Component_CharacterLevel_CharacterLevelBlue,False,51,69,"0,0,0,0",23a7f6c6c6cae34161f028d6513446a65264aed58ba779f18b0cd713943f0995
UI_Common_Component_CharacterLevel_CharacterLevelPurple,通用控件：Component / 角色 / 等级 / 角色 / 等级 / 紫色,Common,Simple,Component.psd,Character_Level/Character_Level_Purple,Assets/AllResources/淘宝ui素材/RuntimeSprites/Common/UI_Common_Component_CharacterLevel_CharacterLevelPurple.png,UI_Common_Component_CharacterLevel_CharacterLevelPurple,False,51,69,"0,0,0,0",9fdf2bea5c67dfbc95e0b2ebe962ee53b78d1868a1de5415cb6b1f6a1b2344d9
UI_Common_Component_CharacterLevel_CharacterLevelRed,通用控件：Component / 角色 / 等级 / 角色 / 等级 / 红色,Common,Simple,Component.psd,Character_Level/Character_Level_Red,Assets/AllResources/淘宝ui素材/RuntimeSprites/Common/UI_Common_Component_CharacterLevel_CharacterLevelRed.png,UI_Common_Component_CharacterLevel_CharacterLevelRed,False,51,69,"0,0,0,0",b1c909438b9d2d5e156ea7f10d1941f5edeb3a83d6b26e6f1565e04608148009
UI_Common_Component_Control,通用控件：Component / 控制,Common,Simple,Component.psd,Control,Assets/AllResources/淘宝ui素材/RuntimeSprites/Common/UI_Common_Component_Control.png,UI_Common_Component_Control,False,279,279,"0,0,0,0",d5fe406107887358d58b1d36cc2613233ce45e2acd0374bf014dbad01600aefd
UI_Common_Component_EquipmentGrade_EquipmentGradeBlue,通用控件：Component / 装备 / Grade / 装备 / Grade / 蓝色,Common,Simple,Component.psd,Equipment_Grade/Equipment_Grade_Blue,Assets/AllResources/淘宝ui素材/RuntimeSprites/Common/UI_Common_Component_EquipmentGrade_EquipmentGradeBlue.png,UI_Common_Component_EquipmentGrade_EquipmentGradeBlue,False,133,134,"0,0,0,0",b754dccee6adb92e74458a0dd3d2fc65116da7c144d4db4afd9cec5f83b6c5b4
UI_Common_Component_EquipmentGrade_EquipmentGradeGold,通用控件：Component / 装备 / Grade / 装备 / Grade / 金币,Common,Simple,Component.psd,Equipment_Grade/Equipment_Grade_Gold,Assets/AllResources/淘宝ui素材/RuntimeSprites/Common/UI_Common_Component_EquipmentGrade_EquipmentGradeGold.png,UI_Common_Component_EquipmentGrade_EquipmentGradeGold,False,133,134,"0,0,0,0",848357836b1f4f9f55a07f42637c74fa9d61102ebb8ad2fbc6880e2577351fcc
UI_Common_Component_EquipmentGrade_EquipmentGradeGreen,通用控件：Component / 装备 / Grade / 装备 / Grade / 绿色,Common,Simple,Component.psd,Equipment_Grade/Equipment_Grade_Green,Assets/AllResources/淘宝ui素材/RuntimeSprites/Common/UI_Common_Component_EquipmentGrade_EquipmentGradeGreen.png,UI_Common_Component_EquipmentGrade_EquipmentGradeGreen,False,133,134,"0,0,0,0",0d992e40442e746e739c76977dc3691a99097e0aa3c799dae215c72e9154e1f9
UI_Common_Component_EquipmentGrade_EquipmentGradePurple,通用控件：Component / 装备 / Grade / 装备 / Grade / 紫色,Common,Simple,Component.psd,Equipment_Grade/Equipment_Grade_Purple,Assets/AllResources/淘宝ui素材/RuntimeSprites/Common/UI_Common_Component_EquipmentGrade_EquipmentGradePurple.png,UI_Common_Component_EquipmentGrade_EquipmentGradePurple,False,133,134,"0,0,0,0",fd7ecf3993992481215358b2bd392bc1995b46984e09a6d47b65ab5af1f22d1a
UI_Common_Component_EquipmentGrade_EquipmentGradeRed,通用控件：Component / 装备 / Grade / 装备 / Grade / 红色,Common,Simple,Component.psd,Equipment_Grade/Equipment_Grade_Red,Assets/AllResources/淘宝ui素材/RuntimeSprites/Common/UI_Common_Component_EquipmentGrade_EquipmentGradeRed.png,UI_Common_Component_EquipmentGrade_EquipmentGradeRed,False,133,134,"0,0,0,0",9195d4c99d85250a8cdedd2a409ae7dc1edc3a9c73c0cbd44c07143c1fed12fe
UI_Common_Component_EquipmentGrade_EquipmentGradeSilver,通用控件：Component / 装备 / Grade / 装备 / Grade / 银色,Common,Simple,Component.psd,Equipment_Grade/Equipment_Grade_Silver,Assets/AllResources/淘宝ui素材/RuntimeSprites/Common/UI_Common_Component_EquipmentGrade_EquipmentGradeSilver.png,UI_Common_Component_EquipmentGrade_EquipmentGradeSilver,False,133,134,"0,0,0,0",31a535778e2fccc0154df02f4bdc157406d5fac66e1d57ab9a7ff64ddb46d6eb
UI_Common_Component_EquipmentGrade_Focus_Selected,通用控件：Component / 装备 / Grade / 选中高亮 / 选中状态,Common,Selected,Component.psd,Equipment_Grade/focus,Assets/AllResources/淘宝ui素材/RuntimeSprites/Common/UI_Common_Component_EquipmentGrade_Focus_Selected.png,UI_Common_Component_EquipmentGrade_Focus_Selected,False,134,133,"0,0,0,0",517bf8b53274f8a7e13b2882042895fabcd3b6a29d4f31ab82fcc5db2fd40b1d
UI_Common_Component_LoadingBar_Artwork_Bar_Fill,通用控件：Component / 加载 / 进度条 / Artwork / 进度条 / 填充,Common,Fill,Component.psd,Loading_Bar/Group 184/bar,Assets/AllResources/淘宝ui素材/RuntimeSprites/Common/UI_Common_Component_LoadingBar_Artwork_Bar_Fill.png,UI_Common_Component_LoadingBar_Artwork_Bar_Fill,False,573,43,"0,0,0,0",32b1794c4d23ae922c5c113d0bc3cc2b8080ae30dddd05b9e47664d6dad87d1a
UI_Common_Component_LoadingBar_Artwork_Bg_Background,通用控件：Component / 加载 / 进度条 / Artwork / Bg / 背景,Common,Background,Component.psd,Loading_Bar/Group 184/bg,Assets/AllResources/淘宝ui素材/RuntimeSprites/Common/UI_Common_Component_LoadingBar_Artwork_Bg_Background.png,UI_Common_Component_LoadingBar_Artwork_Bg_Background,False,1204,48,"0,0,0,0",3fd2e7c2662650bdab61c7ab8b6fb08af8dcb3c0a6375e890f54699cbfb86202
UI_Common_Component_LoadingBar_Artwork_Frame,通用控件：Component / 加载 / 进度条 / Artwork / 边框,Common,Sliced,Component.psd,Loading_Bar/Group 184/frame,Assets/AllResources/淘宝ui素材/RuntimeSprites/Common/UI_Common_Component_LoadingBar_Artwork_Frame.png,UI_Common_Component_LoadingBar_Artwork_Frame,False,1253,80,"18,18,18,18",04fe41cb9fb510779aa2c0832a39c5af4e5b0087683afda500a326fd9b06a144
UI_Common_Component_LoadingCircle,通用控件：Component / 加载 / 圆形,Common,Simple,Component.psd,Loading_Circle,Assets/AllResources/淘宝ui素材/RuntimeSprites/Common/UI_Common_Component_LoadingCircle.png,UI_Common_Component_LoadingCircle,False,107,109,"0,0,0,0",2133ca1f8d78874052c1ff3e65b01e74cd359460be6ad878748ef49bad589144
UI_Common_Component_NotificationBlue,通用控件：Component / 通知 / 蓝色,Common,Simple,Component.psd,Notification_Blue,Assets/AllResources/淘宝ui素材/RuntimeSprites/Common/UI_Common_Component_NotificationBlue.png,UI_Common_Component_NotificationBlue,False,58,57,"0,0,0,0",aed7a7eb6000fba7be229a48c6e780679663621a59f94dbe517105247e0f0fc7
UI_Common_Component_NotificationGreen,通用控件：Component / 通知 / 绿色,Common,Simple,Component.psd,Notification_Green,Assets/AllResources/淘宝ui素材/RuntimeSprites/Common/UI_Common_Component_NotificationGreen.png,UI_Common_Component_NotificationGreen,False,57,57,"0,0,0,0",5618c868c29d0ad1afb99578e8573bd3e15a1e14256062e5bddd2f36dfb89bb8
UI_Common_Component_PageNavi,通用控件：Component / 页面 / Navi,Common,Simple,Component.psd,PageNavi,Assets/AllResources/淘宝ui素材/RuntimeSprites/Common/UI_Common_Component_PageNavi.png,UI_Common_Component_PageNavi,False,232,41,"0,0,0,0",89aa5d4615d5c4614ed7af9432bafae824a616d46394abd4631cd3ee7a510746
UI_Common_Component_PlayBtn_Bomb,通用控件：Component / 开始游戏 / 按钮底图 / Bomb,Common,Simple,Component.psd,PlayBtn/Bomb,Assets/AllResources/淘宝ui素材/RuntimeSprites/Common/UI_Common_Component_PlayBtn_Bomb.png,UI_Common_Component_PlayBtn_Bomb,False,154,155,"0,0,0,0",23b844ee5c5e34503079496e32b692b60ba074c27e119d49b0d732c9de40322d
UI_Common_Component_PlayBtn_Defense,通用控件：Component / 开始游戏 / 按钮底图 / Defense,Common,Simple,Component.psd,PlayBtn/defense,Assets/AllResources/淘宝ui素材/RuntimeSprites/Common/UI_Common_Component_PlayBtn_Defense.png,UI_Common_Component_PlayBtn_Defense,False,158,158,"0,0,0,0",119b70a42ca9a72eecc6a5d75af7390d9bc30a6429d1a12e621737c3adcc9b3e
UI_Common_Component_PlayBtn_Jump,通用控件：Component / 开始游戏 / 按钮底图 / Jump,Common,Simple,Component.psd,PlayBtn/Jump,Assets/AllResources/淘宝ui素材/RuntimeSprites/Common/UI_Common_Component_PlayBtn_Jump.png,UI_Common_Component_PlayBtn_Jump,False,125,125,"0,0,0,0",3d53c9f3b40b7db074a777f026c113fae55bfc871ea32792ff6d5849805dd671
UI_Common_Component_PlayBtn_Shoot,通用控件：Component / 开始游戏 / 按钮底图 / Shoot,Common,Simple,Component.psd,PlayBtn/Shoot,Assets/AllResources/淘宝ui素材/RuntimeSprites/Common/UI_Common_Component_PlayBtn_Shoot.png,UI_Common_Component_PlayBtn_Shoot,False,178,178,"0,0,0,0",a3451dcd6b45eb9e41a104c12fda327a86c024dd7384bcb94ea5ca6629883f48
UI_Common_Component_PlayHpBar_BossHp_Prg_Fill,通用控件：Component / 开始游戏 / 生命值 / 进度条 / Boss / 生命值 / Prg / 填充,Common,Fill,Component.psd,Play_Hp_Bar/Boss_Hp/prg,Assets/AllResources/淘宝ui素材/RuntimeSprites/Common/UI_Common_Component_PlayHpBar_BossHp_Prg_Fill.png,UI_Common_Component_PlayHpBar_BossHp_Prg_Fill,False,402,42,"0,0,0,0",a88b58d327280820b44b3a510a7f09f3f79c9298793355f206ebee8378f9bd43
UI_Common_Component_PlayHpBar_BossHp_PrgBg_Background,通用控件：Component / 开始游戏 / 生命值 / 进度条 / Boss / 生命值 / Prg / Bg / 背景,Common,Background,Component.psd,Play_Hp_Bar/Boss_Hp/prg bg,Assets/AllResources/淘宝ui素材/RuntimeSprites/Common/UI_Common_Component_PlayHpBar_BossHp_PrgBg_Background.png,UI_Common_Component_PlayHpBar_BossHp_PrgBg_Background,False,492,82,"0,0,0,0",d9fc5e8958ed4831bd8fefb3f7595b701c95d35d705802ef19592cf206700794
UI_Common_Component_PlayHpBar_DefaultHp_Prg_Fill,通用控件：Component / 开始游戏 / 生命值 / 进度条 / 默认 / 生命值 / Prg / 填充,Common,Fill,Component.psd,Play_Hp_Bar/Default_Hp/prg,Assets/AllResources/淘宝ui素材/RuntimeSprites/Common/UI_Common_Component_PlayHpBar_DefaultHp_Prg_Fill.png,UI_Common_Component_PlayHpBar_DefaultHp_Prg_Fill,False,111,20,"0,0,0,0",37a31ac31c74c26874820d3292b087bebb6bdcb98ea90294c1b25f0e70211f00
UI_Common_Component_PlayHpBar_DefaultHp_PrgBg_Background,通用控件：Component / 开始游戏 / 生命值 / 进度条 / 默认 / 生命值 / Prg / Bg / 背景,Common,Background,Component.psd,Play_Hp_Bar/Default_Hp/prg bg,Assets/AllResources/淘宝ui素材/RuntimeSprites/Common/UI_Common_Component_PlayHpBar_DefaultHp_PrgBg_Background.png,UI_Common_Component_PlayHpBar_DefaultHp_PrgBg_Background,False,118,26,"0,0,0,0",4314cab30d708e1c6160d18d066aafb74aa600cb1b283857c4876d2e9eea307b
UI_Common_Component_PlayHpBar_MinibossHp_Prg_Fill,通用控件：Component / 开始游戏 / 生命值 / 进度条 / Miniboss / 生命值 / Prg / 填充,Common,Fill,Component.psd,Play_Hp_Bar/Miniboss_Hp/prg,Assets/AllResources/淘宝ui素材/RuntimeSprites/Common/UI_Common_Component_PlayHpBar_MinibossHp_Prg_Fill.png,UI_Common_Component_PlayHpBar_MinibossHp_Prg_Fill,False,170,19,"0,0,0,0",1f6fe22594bc752fa730761ac374a68c239bffe16a82f9e813995f85ca48d359
UI_Common_Component_PlayHpBar_MinibossHp_PrgBg_Background,通用控件：Component / 开始游戏 / 生命值 / 进度条 / Miniboss / 生命值 / Prg / Bg / 背景,Common,Background,Component.psd,Play_Hp_Bar/Miniboss_Hp/prg bg,Assets/AllResources/淘宝ui素材/RuntimeSprites/Common/UI_Common_Component_PlayHpBar_MinibossHp_PrgBg_Background.png,UI_Common_Component_PlayHpBar_MinibossHp_PrgBg_Background,False,189,37,"0,0,0,0",68b5da25cd8be8f1a5ac19c98e4746521e7fb7fe3843caaee5213c405c4d946e
UI_Common_Component_Resource_Coin,通用控件：Component / 资源栏 / 金币,Common,Simple,Component.psd,Resource/Coin,Assets/AllResources/淘宝ui素材/RuntimeSprites/Common/UI_Common_Component_Resource_Coin.png,UI_Common_Component_Resource_Coin,False,321,71,"0,0,0,0",6f5c44014a00179a3f50479ce44c38bb73c9fe890dc5d3cd97d47333e1805f48
UI_Common_Component_Resource_Energy,通用控件：Component / 资源栏 / 体力,Common,Simple,Component.psd,Resource/Energy,Assets/AllResources/淘宝ui素材/RuntimeSprites/Common/UI_Common_Component_Resource_Energy.png,UI_Common_Component_Resource_Energy,False,256,74,"0,0,0,0",c104cc5a2b7183e69d0dbbaa8a779ca28ba282d0bb27b48ffc84ab0a8ee6f803
UI_Common_Component_Resource_Gem,通用控件：Component / 资源栏 / 宝石,Common,Simple,Component.psd,Resource/Gem,Assets/AllResources/淘宝ui素材/RuntimeSprites/Common/UI_Common_Component_Resource_Gem.png,UI_Common_Component_Resource_Gem,False,236,71,"0,0,0,0",cc0b4df0aa2fe0a4e3e49bd4c073b950cf55642f01928ffff98017cab78dcb21
UI_Common_Component_Reward_Book,通用控件：Component / 奖励 / Book,Common,Simple,Component.psd,Reward/Reward/book,Assets/AllResources/淘宝ui素材/RuntimeSprites/Common/UI_Common_Component_Reward_Book.png,UI_Common_Component_Reward_Book,False,133,247,"0,0,0,0",5f9b6ec0c32908f540254e662e5a955c85e3e7a51a01ec0de1c34609713eeef0
UI_Common_Component_Reward_Coin,通用控件：Component / 奖励 / 金币,Common,Simple,Component.psd,Reward/Reward/coin,Assets/AllResources/淘宝ui素材/RuntimeSprites/Common/UI_Common_Component_Reward_Coin.png,UI_Common_Component_Reward_Coin,False,132,239,"0,0,0,0",a0dc7a0d0f9ea4943f08cf959f44b17ac3c7d4c984f26388e3ae8bca603526f1
UI_Common_Component_Reward_Gem,通用控件：Component / 奖励 / 宝石,Common,Simple,Component.psd,Reward/Reward/gem,Assets/AllResources/淘宝ui素材/RuntimeSprites/Common/UI_Common_Component_Reward_Gem.png,UI_Common_Component_Reward_Gem,False,132,245,"0,0,0,0",7aa140692e85247ca234ea2cac320c9eea0e51f6111e055daf3a94a1ecf846ba
UI_Common_Component_Reward_Gift,通用控件：Component / 奖励 / Gift,Common,Simple,Component.psd,Reward/Reward/gift,Assets/AllResources/淘宝ui素材/RuntimeSprites/Common/UI_Common_Component_Reward_Gift.png,UI_Common_Component_Reward_Gift,False,132,246,"0,0,0,0",d968a60b5acb2c30c948d4c429f715e925e0a30af6cce7b271e5d38b4bf83f85
UI_Common_Component_Reward_Potion,通用控件：Component / 奖励 / Potion,Common,Simple,Component.psd,Reward/Reward/potion,Assets/AllResources/淘宝ui素材/RuntimeSprites/Common/UI_Common_Component_Reward_Potion.png,UI_Common_Component_Reward_Potion,False,133,247,"0,0,0,0",6b5d8e57a0aa42a11f843bc6716b79053eaa7f440fe5214ff08baac8f7bf16e0
UI_Common_Component_Reward_RewardLabelOrange,通用控件：Component / 奖励 / 标签 / 橙色,Common,Simple,Component.psd,Reward/reward_label_orange,Assets/AllResources/淘宝ui素材/RuntimeSprites/Common/UI_Common_Component_Reward_RewardLabelOrange.png,UI_Common_Component_Reward_RewardLabelOrange,False,85,31,"0,0,0,0",830f1329f0ce7f75c23efccaf77c2ee703ab4ee0120f9b790c21b170bd1c7fc5
UI_Common_Component_ShopLabelBlue,通用控件：Component / 商店 / 标签 / 蓝色,Common,Simple,Component.psd,Shop_Label_Blue,Assets/AllResources/淘宝ui素材/RuntimeSprites/Common/UI_Common_Component_ShopLabelBlue.png,UI_Common_Component_ShopLabelBlue,False,319,77,"0,0,0,0",ae9cfa93ada82fcafbb0ad51cccd5144180ee55de36de4760a6786053f350403
UI_Common_Component_ShopLabelRed,通用控件：Component / 商店 / 标签 / 红色,Common,Simple,Component.psd,Shop_Label_Red,Assets/AllResources/淘宝ui素材/RuntimeSprites/Common/UI_Common_Component_ShopLabelRed.png,UI_Common_Component_ShopLabelRed,False,319,77,"0,0,0,0",ebd8e7dbf3857d547da03ae8a61fe011ca85f8b55501ed03274d02d8b24d5542
UI_Common_Component_Stage_Lock,通用控件：Component / 关卡 / 锁定,Common,Simple,Component.psd,Stage/Lock,Assets/AllResources/淘宝ui素材/RuntimeSprites/Common/UI_Common_Component_Stage_Lock.png,UI_Common_Component_Stage_Lock,False,202,201,"0,0,0,0",d1284a1da7f4aa695248eca2f79fd26d0f1eb92b43ba562739812aec0cf99b11
UI_Common_Component_Stage_Slot01_Frame,通用控件：Component / 关卡 / Slot01 / 边框,Common,Frame,Component.psd,Stage/1/frame,Assets/AllResources/淘宝ui素材/RuntimeSprites/Common/UI_Common_Component_Stage_Slot01_Frame.png,UI_Common_Component_Stage_Slot01_Frame,False,202,200,"0,0,0,0",efe2321e161e38bdb6093463f06e162c05a1e4ff3d2ebe68eef702f2cdb87bd7
UI_Common_Component_Stage_Slot01_Grade,通用控件：Component / 关卡 / Slot01 / Grade,Common,Simple,Component.psd,Stage/1/grade,Assets/AllResources/淘宝ui素材/RuntimeSprites/Common/UI_Common_Component_Stage_Slot01_Grade.png,UI_Common_Component_Stage_Slot01_Grade,False,140,46,"0,0,0,0",a7d1d2db6a02eadc9cc33a4703def298ead79b071b8688f63d766a72a31c3dff
UI_Common_Component_Stage_Slot04_Frame,通用控件：Component / 关卡 / Slot04 / 边框,Common,Frame,Component.psd,Stage/4/frame,Assets/AllResources/淘宝ui素材/RuntimeSprites/Common/UI_Common_Component_Stage_Slot04_Frame.png,UI_Common_Component_Stage_Slot04_Frame,False,202,200,"0,0,0,0",869eefb95a44199cfdf1f1967ad6606d107acc78018933c4848b24c41d471fcc
UI_Common_Component_Stage_Slot05_Frame,通用控件：Component / 关卡 / Slot05 / 边框,Common,Frame,Component.psd,Stage/5/frame,Assets/AllResources/淘宝ui素材/RuntimeSprites/Common/UI_Common_Component_Stage_Slot05_Frame.png,UI_Common_Component_Stage_Slot05_Frame,False,201,200,"0,0,0,0",43d5a1f588f2c8393d0b711b44b588d6217dbc86adcdd759322aefda389533c9
UI_Common_Component_Title,通用控件：Component / 标题,Common,Simple,Component.psd,Title,Assets/AllResources/淘宝ui素材/RuntimeSprites/Common/UI_Common_Component_Title.png,UI_Common_Component_Title,False,609,97,"0,0,0,0",602d31c16bc7b5efdfa0fbb2f96317bf32ad7d3bbe118aad358f015f701439c7
UI_Common_ErrorNetwork_Background,通用控件：错误 / Network / 背景,Common,Background,ErrorNetwork.psd,Background,Assets/AllResources/淘宝ui素材/RuntimeSprites/Common/UI_Common_ErrorNetwork_Background.png,UI_Common_ErrorNetwork_Background,False,1922,1082,"0,0,0,0",7743ab62888e530d8bba56ec67f5d49157ba1caa961c2b0143e93bb21d4ddc38
UI_Common_ErrorNetwork_Popup,通用控件：错误 / Network / 弹窗,Common,Sliced,ErrorNetwork.psd,Popup,Assets/AllResources/淘宝ui素材/RuntimeSprites/Common/UI_Common_ErrorNetwork_Popup.png,UI_Common_ErrorNetwork_Popup,False,1923,596,"32,24,32,24",5a6e7efc9c37ea289b3a36a4c5e96c5ec17e3e2a0095f03ba4b6fb66db056a76
UI_Common_LoadingBar_Background,通用控件：加载 / 进度条 / 背景,Common,Background,LoadingBar.psd,Background,Assets/AllResources/淘宝ui素材/RuntimeSprites/Common/UI_Common_LoadingBar_Background.png,UI_Common_LoadingBar_Background,False,1920,1080,"0,0,0,0",bd1de820a0785a7d8e00dab8e936f0f1ad531b03f214abc78dbec5621a01fdab
UI_Common_LoadingBar_Bar_Fill,通用控件：加载 / 进度条 / 填充,Common,Fill,LoadingBar.psd,Loading_Bar/Loading_Bar/bar,Assets/AllResources/淘宝ui素材/RuntimeSprites/Common/UI_Common_LoadingBar_Bar_Fill.png,UI_Common_LoadingBar_Bar_Fill,False,1193,43,"0,0,0,0",b3f425085834fe2616754e7da7128f3c515fd76e2eec289e8c66a06f1dc88ef3
UI_Common_LoadingBar_Bg_Background,通用控件：加载 / 进度条 / Bg / 背景,Common,Background,LoadingBar.psd,Loading_Bar/Loading_Bar/bg,Assets/AllResources/淘宝ui素材/RuntimeSprites/Common/UI_Common_LoadingBar_Bg_Background.png,UI_Common_LoadingBar_Bg_Background,False,1604,48,"0,0,0,0",5e4681517a04e0f34759a325fca3668c3517f7dbd00313cf0067ee97a4980f58
UI_Common_LoadingBar_Frame,通用控件：加载 / 进度条 / 边框,Common,Sliced,LoadingBar.psd,Loading_Bar/Loading_Bar/frame,Assets/AllResources/淘宝ui素材/RuntimeSprites/Common/UI_Common_LoadingBar_Frame.png,UI_Common_LoadingBar_Frame,False,1653,80,"18,18,18,18",50a50e6268f328c8bf0c3541e8243efac562646a11a46de7b0bbad3462a2c25c
UI_Common_LoadingBar_LoadingCircle,通用控件：加载 / 进度条 / 加载 / 圆形,Common,Simple,LoadingBar.psd,Loading_Circle,Assets/AllResources/淘宝ui素材/RuntimeSprites/Common/UI_Common_LoadingBar_LoadingCircle.png,UI_Common_LoadingBar_LoadingCircle,False,107,109,"0,0,0,0",e5d054141c570ea937fcb73152adb59e4cde381da4a799ca9045677b25bd0fa3
UI_Common_Slider_Orange_Fill,通用控件：Slider / 橙色 / 填充,Common,Fill,Buttons.psd,Common UI Elements/ControlBar/Control/prg/Rounded Rectangle 69 copy 2,Assets/AllResources/淘宝ui素材/RuntimeSprites/Common/UI_Common_Slider_Orange_Fill.png,UI_Common_Slider_Orange_Fill,False,177,23,"0,0,0,0",bfa755bf670cd409f69a2d65234cfbba3a31b6ce2b197357248a9155ea7263e0
UI_Common_Slider_Orange_Handle,通用控件：Slider / 橙色 / 滑块,Common,Handle,Buttons.psd,Common UI Elements/ControlBar/Control/pointer,Assets/AllResources/淘宝ui素材/RuntimeSprites/Common/UI_Common_Slider_Orange_Handle.png,UI_Common_Slider_Orange_Handle,False,54,54,"0,0,0,0",0be02a6ce3a3926be3fb8e974fa0ad09fe3687dbe45f39f9a9ffcac9eed15604
UI_Common_Slider_Orange_Track,通用控件：Slider / 橙色 / 轨道,Common,Track,Buttons.psd,Common UI Elements/ControlBar/Control/prg/Rounded Rectangle 69 copy,Assets/AllResources/淘宝ui素材/RuntimeSprites/Common/UI_Common_Slider_Orange_Track.png,UI_Common_Slider_Orange_Track,False,390,34,"0,0,0,0",a62299a076faaf391ab659aeccd4e13ef75caf77b3d64b1235a90bc7c16291f3
UI_Common_StageProgress_Fill,通用控件：关卡 / 进度 / 填充,Common,Fill,Component.psd,Stage Progress/Bar/bar/Shape 1323 copy 4,Assets/AllResources/淘宝ui素材/RuntimeSprites/Common/UI_Common_StageProgress_Fill.png,UI_Common_StageProgress_Fill,False,102,18,"0,0,0,0",22abb4b7655b7bb820efde9f035fe355c1530b76bdfd0593e5ba3c2b219d4f8b
UI_Common_StageProgress_Points,通用控件：关卡 / 进度 / Points,Common,Overlay,Component.psd,Stage Progress/Bar/point,Assets/AllResources/淘宝ui素材/RuntimeSprites/Common/UI_Common_StageProgress_Points.png,UI_Common_StageProgress_Points,False,407,40,"0,0,0,0",64300ef7e3125e2b02709290e17ff762d0c60995fdd0a56a7c751fa03ac9d6b3
UI_Common_StageProgress_Track,通用控件：关卡 / 进度 / 轨道,Common,Track,Component.psd,Stage Progress/Bar/bar/bar,Assets/AllResources/淘宝ui素材/RuntimeSprites/Common/UI_Common_StageProgress_Track.png,UI_Common_StageProgress_Track,False,357,18,"0,0,0,0",2bf710c5d75de7fd8464c83f23b6513c3654b62be37a87934487c53e1bb7410f
UI_Equipment,装备界面：未分类组件,Equipment,Simple,Equipment.psd,Equipment,Assets/AllResources/淘宝ui素材/RuntimeSprites/Equipment/UI_Equipment.png,UI_Equipment,False,842,574,"0,0,0,0",66406bc7faa54238ad731cc2ffec43f22f6a80dd258e9122814c1f7e87b0632d
UI_Equipment_Background,装备界面：背景,Equipment,Background,Equipment.psd,Background,Assets/AllResources/淘宝ui素材/RuntimeSprites/Equipment/UI_Equipment_Background.png,UI_Equipment_Background,False,1920,1080,"0,0,0,0",830881064540f62d5b9c1fd102a82c889d2c03ab65847b4b273b9b1ed67ed6da
UI_Equipment_ButtonGreen,装备界面：按钮 / 绿色,Equipment,Simple,Equipment.psd,Button_Green,Assets/AllResources/淘宝ui素材/RuntimeSprites/Equipment/UI_Equipment_ButtonGreen.png,UI_Equipment_ButtonGreen,False,275,103,"0,0,0,0",4a976b1003569b7538670c73d9bd54169c554bbf354461a922b2404cfc31af57
UI_Equipment_CharacterSample,装备界面：角色 / Sample,Equipment,Simple,Equipment.psd,Character_sample,Assets/AllResources/淘宝ui素材/RuntimeSprites/Equipment/UI_Equipment_CharacterSample.png,UI_Equipment_CharacterSample,False,585,561,"0,0,0,0",ae104f73715b95afce5c11a5076d290d0a47cb6921695bc0334bc6869bad5dc9
UI_Equipment_EquipmentDetail1_Background,装备界面：装备 / Detail1 / 背景,Equipment,Background,EquipmentDetail1.psd,Background,Assets/AllResources/淘宝ui素材/RuntimeSprites/Equipment/UI_Equipment_EquipmentDetail1_Background.png,UI_Equipment_EquipmentDetail1_Background,False,1922,1082,"0,0,0,0",f772369ff46cd72601749e8549df90d93777f3744974f6cee1fa6b65106b486f
UI_Equipment_EquipmentDetail1_ButtonGreen_Btn_Normal,装备界面：装备 / Detail1 / 按钮 / 绿色 / 按钮底图 / 普通状态,Equipment,Normal,EquipmentDetail1.psd,Button_Green/btn,Assets/AllResources/淘宝ui素材/RuntimeSprites/Equipment/UI_Equipment_EquipmentDetail1_ButtonGreen_Btn_Normal.png,UI_Equipment_EquipmentDetail1_ButtonGreen_Btn_Normal,False,196,109,"0,0,0,0",862f30c39d2def382acd4130cae34b4e8e8616d2b0f9994cf00ad21c2d9576fe
UI_Equipment_EquipmentDetail1_ButtonWhite_Btn_Normal,装备界面：装备 / Detail1 / 按钮 / 白色 / 按钮底图 / 普通状态,Equipment,Normal,EquipmentDetail1.psd,Button_White/btn,Assets/AllResources/淘宝ui素材/RuntimeSprites/Equipment/UI_Equipment_EquipmentDetail1_ButtonWhite_Btn_Normal.png,UI_Equipment_EquipmentDetail1_ButtonWhite_Btn_Normal,False,196,109,"0,0,0,0",3cd8200a67df0e96440786c7d0f879b073d020f8234ca7e5d19d859de23c9ed8
UI_Equipment_EquipmentDetail1_ButtonWhite_Price,装备界面：装备 / Detail1 / 按钮 / 白色 / Price,Equipment,Simple,EquipmentDetail1.psd,Button_White/Price,Assets/AllResources/淘宝ui素材/RuntimeSprites/Equipment/UI_Equipment_EquipmentDetail1_ButtonWhite_Price.png,UI_Equipment_EquipmentDetail1_ButtonWhite_Price,False,135,38,"0,0,0,0",919e44edd10d19fe11b39f155f445d2fd4eea716168b85af431660c5d2865e49
UI_Equipment_EquipmentDetail1_ButtonYellow_Btn_Normal,装备界面：装备 / Detail1 / 按钮 / 黄色 / 按钮底图 / 普通状态,Equipment,Normal,EquipmentDetail1.psd,Button_Yellow/btn,Assets/AllResources/淘宝ui素材/RuntimeSprites/Equipment/UI_Equipment_EquipmentDetail1_ButtonYellow_Btn_Normal.png,UI_Equipment_EquipmentDetail1_ButtonYellow_Btn_Normal,False,196,109,"0,0,0,0",969b3e8bf0e1d274d2edd76deac57890c34e4de291fc9037fda8bfee66514645
UI_Equipment_EquipmentDetail1_Popup,装备界面：装备 / Detail1 / 弹窗,Equipment,Sliced,EquipmentDetail1.psd,Popup,Assets/AllResources/淘宝ui素材/RuntimeSprites/Equipment/UI_Equipment_EquipmentDetail1_Popup.png,UI_Equipment_EquipmentDetail1_Popup,False,684,811,"32,24,32,24",dc042a94ded449c1d361e6d8fb3e90790c77c5244104d226d397a00e0a9d29c2
UI_Equipment_EquipmentDetail2_Background,装备界面：装备 / Detail2 / 背景,Equipment,Background,EquipmentDetail2.psd,Background,Assets/AllResources/淘宝ui素材/RuntimeSprites/Equipment/UI_Equipment_EquipmentDetail1_Background.png,UI_Equipment_EquipmentDetail1_Background,True,1922,1082,"0,0,0,0",f772369ff46cd72601749e8549df90d93777f3744974f6cee1fa6b65106b486f
UI_Equipment_EquipmentDetail2_ButtonGreen_Btn_Normal,装备界面：装备 / Detail2 / 按钮 / 绿色 / 按钮底图 / 普通状态,Equipment,Sliced,EquipmentDetail2.psd,Button_Green/btn,Assets/AllResources/淘宝ui素材/RuntimeSprites/Equipment/UI_Equipment_EquipmentDetail2_ButtonGreen_Btn_Normal.png,UI_Equipment_EquipmentDetail2_ButtonGreen_Btn_Normal,False,275,109,"24,24,24,24",03e830dfcb9d29cd2f58858d415a90acea54f75486388cdb16ae308899f4d430
UI_Equipment_EquipmentDetail2_ButtonGreen_Price,装备界面：装备 / Detail2 / 按钮 / 绿色 / Price,Equipment,Simple,EquipmentDetail2.psd,Button_Green/Price,Assets/AllResources/淘宝ui素材/RuntimeSprites/Equipment/UI_Equipment_EquipmentDetail2_ButtonGreen_Price.png,UI_Equipment_EquipmentDetail2_ButtonGreen_Price,False,98,33,"0,0,0,0",19f34178c5a0afdaad91509dd06bddeaff93e6cd4ef7a1b726544717aa91cecf
UI_Equipment_EquipmentDetail2_ButtonYellow_Btn_Normal,装备界面：装备 / Detail2 / 按钮 / 黄色 / 按钮底图 / 普通状态,Equipment,Sliced,EquipmentDetail2.psd,Button_Yellow/btn,Assets/AllResources/淘宝ui素材/RuntimeSprites/Equipment/UI_Equipment_EquipmentDetail2_ButtonYellow_Btn_Normal.png,UI_Equipment_EquipmentDetail2_ButtonYellow_Btn_Normal,False,275,109,"24,24,24,24",04ac5dc266df9ce925f6c1d26c7e1d854fd5fd9d8a482f05c30a8932e279b8fb
UI_Equipment_EquipmentDetail2_Popup,装备界面：装备 / Detail2 / 弹窗,Equipment,Sliced,EquipmentDetail2.psd,Popup,Assets/AllResources/淘宝ui素材/RuntimeSprites/Equipment/UI_Equipment_EquipmentDetail2_Popup.png,UI_Equipment_EquipmentDetail2_Popup,False,684,911,"32,24,32,24",afab26cd3fbb82ee09b0b5e7e75c9ac9bc5e8dd63d5fbea1ea1fe96ede56540b
UI_Equipment_EquipmentDetail3_Background,装备界面：装备 / Detail3 / 背景,Equipment,Background,EquipmentDetail3.psd,Background,Assets/AllResources/淘宝ui素材/RuntimeSprites/Equipment/UI_Equipment_EquipmentDetail3_Background.png,UI_Equipment_EquipmentDetail3_Background,False,1922,1082,"0,0,0,0",d1535fa686932de93ef68636bb6da0a61ef48945dd17aabae6f0443048827054
UI_Equipment_EquipmentDetail3_ButtonGreen_Btn_Normal,装备界面：装备 / Detail3 / 按钮 / 绿色 / 按钮底图 / 普通状态,Equipment,Sliced,EquipmentDetail3.psd,Button_Green/btn,Assets/AllResources/淘宝ui素材/RuntimeSprites/Equipment/UI_Equipment_EquipmentDetail2_ButtonGreen_Btn_Normal.png,UI_Equipment_EquipmentDetail2_ButtonGreen_Btn_Normal,True,275,109,"24,24,24,24",03e830dfcb9d29cd2f58858d415a90acea54f75486388cdb16ae308899f4d430
UI_Equipment_EquipmentDetail3_Popup,装备界面：装备 / Detail3 / 弹窗,Equipment,Sliced,EquipmentDetail3.psd,Popup,Assets/AllResources/淘宝ui素材/RuntimeSprites/Equipment/UI_Equipment_EquipmentDetail3_Popup.png,UI_Equipment_EquipmentDetail3_Popup,False,684,811,"32,24,32,24",88f66095b8b260a7829fc84408fa7f53d493d4e7334933de6c4ba099ad328019
UI_Equipment_Item_Slot01,装备界面：物品 / Slot01,Equipment,Simple,Equipment.psd,Item/1/1,Assets/AllResources/淘宝ui素材/RuntimeSprites/Equipment/UI_Equipment_Item_Slot01.png,UI_Equipment_Item_Slot01,False,133,134,"0,0,0,0",a7d8635d4845549922fbcbde5ac37721525fd1a32e94b5ac3beb8d55c2e683fb
UI_Equipment_Item_Slot01_Slot02,装备界面：物品 / Slot01 / Slot02,Equipment,Simple,Equipment.psd,Item/1/2,Assets/AllResources/淘宝ui素材/RuntimeSprites/Equipment/UI_Equipment_Item_Slot01_Slot02.png,UI_Equipment_Item_Slot01_Slot02,False,133,134,"0,0,0,0",4db6ff15a7a403cce2397c0ca05ac5b6ae06932481fec2ba41ba4ff59f054140
UI_Equipment_Item_Slot01_Slot03,装备界面：物品 / Slot01 / Slot03,Equipment,Simple,Equipment.psd,Item/1/3,Assets/AllResources/淘宝ui素材/RuntimeSprites/Equipment/UI_Equipment_Item_Slot01_Slot03.png,UI_Equipment_Item_Slot01_Slot03,False,133,134,"0,0,0,0",80cad62fac8aa8d1764061b86d0450ac43ea9393ec670b85bacbb1a69b8ca56d
UI_Equipment_Item_Slot01_Slot04,装备界面：物品 / Slot01 / Slot04,Equipment,Simple,Equipment.psd,Item/1/4,Assets/AllResources/淘宝ui素材/RuntimeSprites/Equipment/UI_Equipment_Item_Slot01_Slot04.png,UI_Equipment_Item_Slot01_Slot04,False,133,134,"0,0,0,0",cd71a7674814f56107d72e226c8f1b052842fe048cecf83739e3d6271062df51
UI_Equipment_Item_Slot01_Slot05,装备界面：物品 / Slot01 / Slot05,Equipment,Simple,Equipment.psd,Item/1/5,Assets/AllResources/淘宝ui素材/RuntimeSprites/Equipment/UI_Equipment_Item_Slot01_Slot05.png,UI_Equipment_Item_Slot01_Slot05,False,133,134,"0,0,0,0",35f12e614e66d5d12f394d4911c07f968e5beeece73c7d4b297f5b587fdf8710
UI_Equipment_Item_Slot01_Slot06,装备界面：物品 / Slot01 / Slot06,Equipment,Simple,Equipment.psd,Item/1/6,Assets/AllResources/淘宝ui素材/RuntimeSprites/Equipment/UI_Equipment_Item_Slot01_Slot06.png,UI_Equipment_Item_Slot01_Slot06,False,133,134,"0,0,0,0",2b97fe9e2250c433594adf95cbb7904428f7c4f72915479dde59c43d862ad4a0
UI_Equipment_Item_Slot02,装备界面：物品 / Slot02,Equipment,Simple,Equipment.psd,Item/2/2,Assets/AllResources/淘宝ui素材/RuntimeSprites/Equipment/UI_Equipment_Item_Slot02.png,UI_Equipment_Item_Slot02,False,133,134,"0,0,0,0",9dfc2d3e5be94f8694ac55478bb406cd6d74e7d0b5317b5b9e88abe970e414ad
UI_Equipment_Item_Slot02_Slot01,装备界面：物品 / Slot02 / Slot01,Equipment,Simple,Equipment.psd,Item/2/1,Assets/AllResources/淘宝ui素材/RuntimeSprites/Equipment/UI_Equipment_Item_Slot02_Slot01.png,UI_Equipment_Item_Slot02_Slot01,False,133,134,"0,0,0,0",ea42e4caaf74238ca4ea2d8ae64fc66554907a99f3f79bd237928d2a4de1578f
UI_Equipment_Item_Slot02_Slot03,装备界面：物品 / Slot02 / Slot03,Equipment,Simple,Equipment.psd,Item/2/3,Assets/AllResources/淘宝ui素材/RuntimeSprites/Equipment/UI_Equipment_Item_Slot02_Slot03.png,UI_Equipment_Item_Slot02_Slot03,False,133,134,"0,0,0,0",7e9c1a2c84ee689089d338eb0caa387784cf96036c731030f7637a2d84f48112
UI_Equipment_Item_Slot02_Slot04,装备界面：物品 / Slot02 / Slot04,Equipment,Simple,Equipment.psd,Item/2/4,Assets/AllResources/淘宝ui素材/RuntimeSprites/Equipment/UI_Equipment_Item_Slot02_Slot04.png,UI_Equipment_Item_Slot02_Slot04,False,133,134,"0,0,0,0",56db7447658b0dcd487dfea2ca54c4158b3be0979ce91f41bd68a0fce12f7a8a
UI_Equipment_Item_Slot02_Slot05,装备界面：物品 / Slot02 / Slot05,Equipment,Simple,Equipment.psd,Item/2/5,Assets/AllResources/淘宝ui素材/RuntimeSprites/Equipment/UI_Equipment_Item_Slot02_Slot05.png,UI_Equipment_Item_Slot02_Slot05,False,133,134,"0,0,0,0",bed6515659d32e05c9b285c1c2e55ffefba5ba64a6b47d17376d56d9e4aa0327
UI_Equipment_Item_Slot02_Slot06,装备界面：物品 / Slot02 / Slot06,Equipment,Simple,Equipment.psd,Item/2/6,Assets/AllResources/淘宝ui素材/RuntimeSprites/Equipment/UI_Equipment_Item_Slot02_Slot06.png,UI_Equipment_Item_Slot02_Slot06,False,133,134,"0,0,0,0",bbec42aa11950f372a3cae9bfa67ae7e4f7b46397133a761dd4646187209b266
UI_Equipment_Item_Slot03,装备界面：物品 / Slot03,Equipment,Simple,Equipment.psd,Item/3/3,Assets/AllResources/淘宝ui素材/RuntimeSprites/Equipment/UI_Equipment_Item_Slot03.png,UI_Equipment_Item_Slot03,False,133,134,"0,0,0,0",b397e0392a908fe5f2ad1583fc6ff297fd0099ff457e3f4a1460ce7182c3bca3
UI_Equipment_Item_Slot03_Slot01,装备界面：物品 / Slot03 / Slot01,Equipment,Simple,Equipment.psd,Item/3/1,Assets/AllResources/淘宝ui素材/RuntimeSprites/Equipment/UI_Equipment_Item_Slot03_Slot01.png,UI_Equipment_Item_Slot03_Slot01,False,133,134,"0,0,0,0",6f3bef43d7790b515792b9806e27f0b1ec3337c13755ae3fcb6bc185e59ea183
UI_Equipment_Item_Slot03_Slot02,装备界面：物品 / Slot03 / Slot02,Equipment,Simple,Equipment.psd,Item/3/2,Assets/AllResources/淘宝ui素材/RuntimeSprites/Equipment/UI_Equipment_Item_Slot03_Slot02.png,UI_Equipment_Item_Slot03_Slot02,False,133,134,"0,0,0,0",04e68ab4ceff6228d82287a2a5d29178335a21b458e6ec6f59ef0e252e66f26d
UI_Equipment_Item_Slot03_Slot04,装备界面：物品 / Slot03 / Slot04,Equipment,Simple,Equipment.psd,Item/3/4,Assets/AllResources/淘宝ui素材/RuntimeSprites/Equipment/UI_Equipment_Item_Slot03_Slot04.png,UI_Equipment_Item_Slot03_Slot04,False,133,134,"0,0,0,0",7bf788e0ac890a14caf4f277c7b5b2f11395d8697b1ac9a87c69d6ba31c15eb1
UI_Equipment_Item_Slot03_Slot05,装备界面：物品 / Slot03 / Slot05,Equipment,Simple,Equipment.psd,Item/3/5,Assets/AllResources/淘宝ui素材/RuntimeSprites/Equipment/UI_Equipment_Item_Slot03_Slot05.png,UI_Equipment_Item_Slot03_Slot05,False,133,134,"0,0,0,0",5b16ec6d69cc912178e60f6824d91928bbb6d73414e94e8d3f3a67080bda316c
UI_Equipment_Item_Slot03_Slot06,装备界面：物品 / Slot03 / Slot06,Equipment,Simple,Equipment.psd,Item/3/6,Assets/AllResources/淘宝ui素材/RuntimeSprites/Equipment/UI_Equipment_Item_Slot03_Slot06.png,UI_Equipment_Item_Slot03_Slot06,False,133,134,"0,0,0,0",1db03f30afe27bbd13195561ed3703b3bad7fe3300b33685e0f19e0e8780237d
UI_Equipment_Item_Slot04,装备界面：物品 / Slot04,Equipment,Simple,Equipment.psd,Item/4/4,Assets/AllResources/淘宝ui素材/RuntimeSprites/Equipment/UI_Equipment_Item_Slot04.png,UI_Equipment_Item_Slot04,False,133,134,"0,0,0,0",3ae31d84d766f2ef5261d3f2a3cdcfd5c7b480a6f0fd2df1980bc22dca46c1ac
UI_Equipment_Item_Slot04_Slot01,装备界面：物品 / Slot04 / Slot01,Equipment,Simple,Equipment.psd,Item/4/1,Assets/AllResources/淘宝ui素材/RuntimeSprites/Equipment/UI_Equipment_Item_Slot04_Slot01.png,UI_Equipment_Item_Slot04_Slot01,False,133,134,"0,0,0,0",cb77cf385f289c321387d4111501e50c1b01e27da3c792e5e98149ef4ded4e73
UI_Equipment_Item_Slot04_Slot02,装备界面：物品 / Slot04 / Slot02,Equipment,Simple,Equipment.psd,Item/4/2,Assets/AllResources/淘宝ui素材/RuntimeSprites/Equipment/UI_Equipment_Item_Slot04_Slot02.png,UI_Equipment_Item_Slot04_Slot02,False,133,134,"0,0,0,0",069b193fbaaf86ca7cce233a9afff7a81ca7817ccbfe3b6a314c5fb9c39a0782
UI_Equipment_Item_Slot04_Slot03,装备界面：物品 / Slot04 / Slot03,Equipment,Simple,Equipment.psd,Item/4/3,Assets/AllResources/淘宝ui素材/RuntimeSprites/Equipment/UI_Equipment_Item_Slot04_Slot03.png,UI_Equipment_Item_Slot04_Slot03,False,133,134,"0,0,0,0",7240a6564a72b2a6626c37c760b6515f2a48e5387c68105c17cce4b34ce9e01b
UI_Equipment_Item_Slot04_Slot05,装备界面：物品 / Slot04 / Slot05,Equipment,Simple,Equipment.psd,Item/4/5,Assets/AllResources/淘宝ui素材/RuntimeSprites/Equipment/UI_Equipment_Item_Slot04_Slot05.png,UI_Equipment_Item_Slot04_Slot05,False,133,134,"0,0,0,0",e8355ba4e573ad9015d5b143f2d30f9eaefdcd8f5cd195beec83be32f1c8ea88
UI_Equipment_Item_Slot04_Slot06,装备界面：物品 / Slot04 / Slot06,Equipment,Simple,Equipment.psd,Item/4/6,Assets/AllResources/淘宝ui素材/RuntimeSprites/Equipment/UI_Equipment_Item_Slot04_Slot06.png,UI_Equipment_Item_Slot04_Slot06,False,133,134,"0,0,0,0",3b0c73f75895aeded599e82d3cf25da03721a4b3ce14865951e609f315faebc7
UI_Equipment_Item_Slot05,装备界面：物品 / Slot05,Equipment,Simple,Equipment.psd,Item/5/5,Assets/AllResources/淘宝ui素材/RuntimeSprites/Equipment/UI_Equipment_Item_Slot05.png,UI_Equipment_Item_Slot05,False,133,134,"0,0,0,0",13043e741c2b095992b4359539abd5d931a57da6950ea83de2e48b5f9cf2fbd1
UI_Equipment_Item_Slot05_Slot01,装备界面：物品 / Slot05 / Slot01,Equipment,Simple,Equipment.psd,Item/5/1,Assets/AllResources/淘宝ui素材/RuntimeSprites/Equipment/UI_Equipment_Item_Slot05_Slot01.png,UI_Equipment_Item_Slot05_Slot01,False,133,134,"0,0,0,0",90d49e6c50203fde74a0bfdb8738b13376d2715387a1c41ee53e1fdbde836099
UI_Equipment_Item_Slot05_Slot02,装备界面：物品 / Slot05 / Slot02,Equipment,Simple,Equipment.psd,Item/5/2,Assets/AllResources/淘宝ui素材/RuntimeSprites/Equipment/UI_Equipment_Item_Slot05_Slot02.png,UI_Equipment_Item_Slot05_Slot02,False,133,134,"0,0,0,0",8bf119c395fec08ceec550ecc307aa151d1ad7eb727cb10b1736d55dae71405d
UI_Equipment_Item_Slot05_Slot03,装备界面：物品 / Slot05 / Slot03,Equipment,Simple,Equipment.psd,Item/5/3,Assets/AllResources/淘宝ui素材/RuntimeSprites/Equipment/UI_Equipment_Item_Slot05_Slot03.png,UI_Equipment_Item_Slot05_Slot03,False,133,134,"0,0,0,0",4816df32e13a0e795461b9c6f9b79e03d1f927c1a8ec0d54b5d78c3a1697de2d
UI_Equipment_Item_Slot05_Slot04,装备界面：物品 / Slot05 / Slot04,Equipment,Simple,Equipment.psd,Item/5/4,Assets/AllResources/淘宝ui素材/RuntimeSprites/Equipment/UI_Equipment_Item_Slot05_Slot04.png,UI_Equipment_Item_Slot05_Slot04,False,133,134,"0,0,0,0",e1eb3070c5c670cbd013f1d1110d7cd1acc89d2eab343c41179f1ceb5b523737
UI_Equipment_Item_Slot05_Slot06,装备界面：物品 / Slot05 / Slot06,Equipment,Simple,Equipment.psd,Item/5/6,Assets/AllResources/淘宝ui素材/RuntimeSprites/Equipment/UI_Equipment_Item_Slot05_Slot06.png,UI_Equipment_Item_Slot05_Slot06,False,133,134,"0,0,0,0",9344771d3e601d2fb8baa891eba8549debdd6476b9d1bdae293b671608c0fa84
UI_Equipment_ItemOption,装备界面：物品 / Option,Equipment,Simple,Equipment.psd,Item Option,Assets/AllResources/淘宝ui素材/RuntimeSprites/Equipment/UI_Equipment_ItemOption.png,UI_Equipment_ItemOption,False,629,774,"0,0,0,0",12ee830e2449a91986c59c4f70b06890fd5dd7a8169c17fe83cd8a218928a647
UI_Equipment_Stat,装备界面：属性,Equipment,Simple,Equipment.psd,stat,Assets/AllResources/淘宝ui素材/RuntimeSprites/Equipment/UI_Equipment_Stat.png,UI_Equipment_Stat,False,837,279,"0,0,0,0",5ed001ab3005a57df3672d0709ed1d0db9abd2ba40671132425ce5bfc45c5ee7
UI_Equipment_Tab_Artwork,装备界面：页签 / Artwork,Equipment,Simple,Equipment.psd,Tab/Group 7568,Assets/AllResources/淘宝ui素材/RuntimeSprites/Equipment/UI_Equipment_Tab_Artwork.png,UI_Equipment_Tab_Artwork,False,893,5,"0,0,0,0",74626bee9aa4534e6015afe8200d03e3b2cdc48c81d88fd4adef388cd6978591
UI_Equipment_Tab_Menu_Icon,装备界面：页签 / 菜单 / 图标,Equipment,Icon,Equipment.psd,Tab/menu/icon,Assets/AllResources/淘宝ui素材/RuntimeSprites/Equipment/UI_Equipment_Tab_Menu_Icon.png,UI_Equipment_Tab_Menu_Icon,False,54,59,"0,0,0,0",a7358a128b980d07567c1914b29914f50ff9d5f4880442f33354a200857637d4
UI_Equipment_Tab_Menu_Icon_02,装备界面：页签 / 菜单 / 图标 / 02号,Equipment,Icon,Equipment.psd,Tab/menu/icon#2,Assets/AllResources/淘宝ui素材/RuntimeSprites/Equipment/UI_Equipment_Tab_Menu_Icon_02.png,UI_Equipment_Tab_Menu_Icon_02,False,54,58,"0,0,0,0",83ddb3c56a96b6c0022d0173ac1412ed7a073c5f869320486b21ee5f0e05eee1
UI_Equipment_Tab_Menu_Icon_03,装备界面：页签 / 菜单 / 图标 / 03号,Equipment,Icon,Equipment.psd,Tab/menu/icon#3,Assets/AllResources/淘宝ui素材/RuntimeSprites/Equipment/UI_Equipment_Tab_Menu_Icon_03.png,UI_Equipment_Tab_Menu_Icon_03,False,56,54,"0,0,0,0",ffcadf541f1ca98da29cd52c68dc55735174d2c60e82a5885c9c28db7c62d373
UI_Equipment_Tab_Menu_Icon_04,装备界面：页签 / 菜单 / 图标 / 04号,Equipment,Icon,Equipment.psd,Tab/menu/icon#4,Assets/AllResources/淘宝ui素材/RuntimeSprites/Equipment/UI_Equipment_Tab_Menu_Icon_04.png,UI_Equipment_Tab_Menu_Icon_04,False,54,54,"0,0,0,0",3db971aba8f20e3dc57f2ade81bc5d66e9d6d429389775c7ea8205aafd19d4f4
UI_Equipment_Top_Back,装备界面：Top / 返回,Equipment,Simple,Equipment.psd,Top/Back,Assets/AllResources/淘宝ui素材/RuntimeSprites/Equipment/UI_Equipment_Top_Back.png,UI_Equipment_Top_Back,False,39,47,"0,0,0,0",5eb11265a8d8cf80f9244d09fbf5024ec2984f04f4a13fba82ca9e3d62f2dba0
UI_Equipment_Top_Home,装备界面：Top / 主页,Equipment,Simple,Equipment.psd,Top/Home,Assets/AllResources/淘宝ui素材/RuntimeSprites/Equipment/UI_Equipment_Top_Home.png,UI_Equipment_Top_Home,False,50,54,"0,0,0,0",de4b34505b8833c05be374d98e842e3190b2410c51361d50db5e20f7d268122e
UI_Equipment_Top_Resource_Coin,装备界面：Top / 资源栏 / 金币,Equipment,Simple,Equipment.psd,Top/Resource/Coin,Assets/AllResources/淘宝ui素材/RuntimeSprites/Equipment/UI_Equipment_Top_Resource_Coin.png,UI_Equipment_Top_Resource_Coin,False,321,73,"0,0,0,0",c5d60efcc5621583be0a3f9643d2d3514de71e8063dc3bb40a86469f73230ee0
UI_Equipment_Top_Resource_Gem,装备界面：Top / 资源栏 / 宝石,Equipment,Simple,Equipment.psd,Top/Resource/Gem,Assets/AllResources/淘宝ui素材/RuntimeSprites/Equipment/UI_Equipment_Top_Resource_Gem.png,UI_Equipment_Top_Resource_Gem,False,236,78,"0,0,0,0",f647f5c4344abb5cf8c40ded7e9dd0afb5b0f0792a2eb7ce9b76d42d8dac72f8
UI_Equipment_Top_Resource_Key,装备界面：Top / 资源栏 / Key,Equipment,Simple,Equipment.psd,Top/Resource/Key,Assets/AllResources/淘宝ui素材/RuntimeSprites/Equipment/UI_Equipment_Top_Resource_Key.png,UI_Equipment_Top_Resource_Key,False,239,75,"0,0,0,0",2bfae5d45fd7b2a74db8a940a33b5210382e498b3839b81dc20b43557ad58534
UI_FunctionIcon_Abstract,功能图标：图标 / Abstract,FunctionIcons,Simple,FunctionIcons.psd,3/btn_icon_abstract,Assets/AllResources/淘宝ui素材/RuntimeSprites/FunctionIcons/UI_FunctionIcon_Abstract.png,UI_FunctionIcon_Abstract,False,104,104,"0,0,0,0",c191c5cdfa1bb1476e902d8101b9ef563b64662c3a5188b903fed34a49453f2e
UI_FunctionIcon_Account,功能图标：图标 / 账号信息,FunctionIcons,Simple,FunctionIcons.psd,10/btn_icon_account,Assets/AllResources/淘宝ui素材/RuntimeSprites/FunctionIcons/UI_FunctionIcon_Account.png,UI_FunctionIcon_Account,False,104,104,"0,0,0,0",b93e9fdc9d64b8ed8b14f3403a0b9941c09a779c9d83e79260915ca7e0d9f768
UI_FunctionIcon_Achievement,功能图标：图标 / Achievement,FunctionIcons,Simple,FunctionIcons.psd,11/btn_icon_achievement,Assets/AllResources/淘宝ui素材/RuntimeSprites/FunctionIcons/UI_FunctionIcon_Achievement.png,UI_FunctionIcon_Achievement,False,104,104,"0,0,0,0",12cfc098702664f4972dadd98878df2266c73399f8a43631d9b877dc573af7dc
UI_FunctionIcon_Alarm,功能图标：图标 / Alarm,FunctionIcons,Simple,FunctionIcons.psd,4/btn_icon_alarm,Assets/AllResources/淘宝ui素材/RuntimeSprites/FunctionIcons/UI_FunctionIcon_Alarm.png,UI_FunctionIcon_Alarm,False,104,104,"0,0,0,0",58f4c0a63f880fb6ae9ec5c4dfe21f38a2f39f591a037233242d3216d2316d6b
UI_FunctionIcon_Album,功能图标：图标 / Album,FunctionIcons,Simple,FunctionIcons.psd,6/btn_icon_album,Assets/AllResources/淘宝ui素材/RuntimeSprites/FunctionIcons/UI_FunctionIcon_Album.png,UI_FunctionIcon_Album,False,104,104,"0,0,0,0",f4fc96b1f6d5f637cc7d82a161cc07979e2a8005c0a0bb9ca0e9205584573c19
UI_FunctionIcon_AlignHorizontal,功能图标：图标 / Align / Horizontal,FunctionIcons,Simple,FunctionIcons.psd,15/btn_icon_align_horizontal,Assets/AllResources/淘宝ui素材/RuntimeSprites/FunctionIcons/UI_FunctionIcon_AlignHorizontal.png,UI_FunctionIcon_AlignHorizontal,False,104,104,"0,0,0,0",7e4274b375f035fba468b523f1b9808ab37975c43388734c76b8114bb093d1af
UI_FunctionIcon_AlignList,功能图标：图标 / Align / List,FunctionIcons,Simple,FunctionIcons.psd,15/btn_icon_align_list,Assets/AllResources/淘宝ui素材/RuntimeSprites/FunctionIcons/UI_FunctionIcon_AlignList.png,UI_FunctionIcon_AlignList,False,104,104,"0,0,0,0",cacb67ad517f6d7bc15c0dfd0adec44d83a16471d5181b3e7f57173e189c1b5b
UI_FunctionIcon_AlignVertical,功能图标：图标 / Align / Vertical,FunctionIcons,Simple,FunctionIcons.psd,15/btn_icon_align_vertical,Assets/AllResources/淘宝ui素材/RuntimeSprites/FunctionIcons/UI_FunctionIcon_AlignVertical.png,UI_FunctionIcon_AlignVertical,False,104,104,"0,0,0,0",97022c103edaab20398f963d7ff6d1eb0722c2b02c8c5d53f52887b11f098613
UI_FunctionIcon_Anchor,功能图标：图标 / Anchor,FunctionIcons,Simple,FunctionIcons.psd,7/btn_icon_anchor,Assets/AllResources/淘宝ui素材/RuntimeSprites/FunctionIcons/UI_FunctionIcon_Anchor.png,UI_FunctionIcon_Anchor,False,104,104,"0,0,0,0",b14f433a45b6432e01d6c6ad44f124faf18855874ccdd8032edcdd4833be2e70
UI_FunctionIcon_Anvil,功能图标：图标 / Anvil,FunctionIcons,Simple,FunctionIcons.psd,2/btn_icon_anvil,Assets/AllResources/淘宝ui素材/RuntimeSprites/FunctionIcons/UI_FunctionIcon_Anvil.png,UI_FunctionIcon_Anvil,False,104,104,"0,0,0,0",6db5ee10a34823d9c0ecbcfa50e8d711aa94307fb730a0318b88f25837d44278
UI_FunctionIcon_Archer,功能图标：图标 / Archer,FunctionIcons,Simple,FunctionIcons.psd,1/btn_icon_archer,Assets/AllResources/淘宝ui素材/RuntimeSprites/FunctionIcons/UI_FunctionIcon_Archer.png,UI_FunctionIcon_Archer,False,104,104,"0,0,0,0",436a856280c6430eeb7cedaf84dcaf59a47aaa17423599a3fca8a0a63bc81e3d
UI_FunctionIcon_Arcon,功能图标：图标 / Arcon,FunctionIcons,Simple,FunctionIcons.psd,7/btn_icon_arcon,Assets/AllResources/淘宝ui素材/RuntimeSprites/FunctionIcons/UI_FunctionIcon_Arcon.png,UI_FunctionIcon_Arcon,False,104,104,"0,0,0,0",6f907c2d6c2bb9fc30f44bf9cd0f0989a0909e04dd606159f6340622ef75d5e9
UI_FunctionIcon_Arrow,功能图标：图标 / 箭头,FunctionIcons,Simple,FunctionIcons.psd,3/btn_icon_arrow,Assets/AllResources/淘宝ui素材/RuntimeSprites/FunctionIcons/UI_FunctionIcon_Arrow.png,UI_FunctionIcon_Arrow,False,104,104,"0,0,0,0",5c18f0384b54843381ce25be841e9db381c4f39c9c1d0b0a8230a6dc56c994da
UI_FunctionIcon_ArrowBack,功能图标：图标 / 箭头 / 返回,FunctionIcons,Simple,FunctionIcons.psd,16/btn_icon_arrow_back,Assets/AllResources/淘宝ui素材/RuntimeSprites/FunctionIcons/UI_FunctionIcon_ArrowBack.png,UI_FunctionIcon_ArrowBack,False,104,104,"0,0,0,0",9ee4a181abed978910380e2b461804516f9b5612865de0cfb2ad15a4fc6a8977
UI_FunctionIcon_ArrowBottom,功能图标：图标 / 箭头 / Bottom,FunctionIcons,Simple,FunctionIcons.psd,16/btn_icon_arrow_bottom,Assets/AllResources/淘宝ui素材/RuntimeSprites/FunctionIcons/UI_FunctionIcon_ArrowBottom.png,UI_FunctionIcon_ArrowBottom,False,104,104,"0,0,0,0",d1f5f5fcb44303e5b202d70cc7cc1e6b94221883a124ce19cf02a3692758992c
UI_FunctionIcon_ArrowDown,功能图标：图标 / 箭头 / Down,FunctionIcons,Simple,FunctionIcons.psd,16/btn_icon_arrow_down,Assets/AllResources/淘宝ui素材/RuntimeSprites/FunctionIcons/UI_FunctionIcon_ArrowDown.png,UI_FunctionIcon_ArrowDown,False,104,104,"0,0,0,0",8f088d331c43ab79e79a63e922cad9ca15327f96b09ef7ac80a3e72da0d79070
UI_FunctionIcon_ArrowGo,功能图标：图标 / 箭头 / Go,FunctionIcons,Simple,FunctionIcons.psd,16/btn_icon_arrow_go,Assets/AllResources/淘宝ui素材/RuntimeSprites/FunctionIcons/UI_FunctionIcon_ArrowGo.png,UI_FunctionIcon_ArrowGo,False,104,104,"0,0,0,0",90a23ff287f5f05def5d60913721db16835dfbb6496c80d665a8299e98e530d1
UI_FunctionIcon_ArrowNext,功能图标：图标 / 箭头 / Next,FunctionIcons,Simple,FunctionIcons.psd,16/btn_icon_arrow_next,Assets/AllResources/淘宝ui素材/RuntimeSprites/FunctionIcons/UI_FunctionIcon_ArrowNext.png,UI_FunctionIcon_ArrowNext,False,104,104,"0,0,0,0",87ac37902fec00b783bc4e7f029f9de525661a1e9687f6632e02c834673d0df3
UI_FunctionIcon_ArrowPrev,功能图标：图标 / 箭头 / Prev,FunctionIcons,Simple,FunctionIcons.psd,16/btn_icon_arrow_prev,Assets/AllResources/淘宝ui素材/RuntimeSprites/FunctionIcons/UI_FunctionIcon_ArrowPrev.png,UI_FunctionIcon_ArrowPrev,False,104,104,"0,0,0,0",8ab313a710549e69b5c72a66e7781ce59338b5586548cc3dc4e735554c3871b7
UI_FunctionIcon_ArrowTop,功能图标：图标 / 箭头 / Top,FunctionIcons,Simple,FunctionIcons.psd,16/btn_icon_arrow_top,Assets/AllResources/淘宝ui素材/RuntimeSprites/FunctionIcons/UI_FunctionIcon_ArrowTop.png,UI_FunctionIcon_ArrowTop,False,104,104,"0,0,0,0",b40c29ea5da4b4085e9b29f6d5fded59f349927a8b067303ad6ca590f5a05ba1
UI_FunctionIcon_ArrowUp,功能图标：图标 / 箭头 / Up,FunctionIcons,Simple,FunctionIcons.psd,16/btn_icon_arrow_up,Assets/AllResources/淘宝ui素材/RuntimeSprites/FunctionIcons/UI_FunctionIcon_ArrowUp.png,UI_FunctionIcon_ArrowUp,False,104,104,"0,0,0,0",14555977c47ab6bfd54c12336536031fc159e2ae20075ae9cc5890d4ef92d533
UI_FunctionIcon_Assassin,功能图标：图标 / Assassin,FunctionIcons,Simple,FunctionIcons.psd,2/btn_icon_assassin,Assets/AllResources/淘宝ui素材/RuntimeSprites/FunctionIcons/UI_FunctionIcon_Assassin.png,UI_FunctionIcon_Assassin,False,104,104,"0,0,0,0",33847f839d259280ed1979353040b1b5d4b260d1244a9d0fbfbf3d8679bdf6fa
UI_FunctionIcon_Axe,功能图标：图标 / Axe,FunctionIcons,Simple,FunctionIcons.psd,1/btn_icon_axe,Assets/AllResources/淘宝ui素材/RuntimeSprites/FunctionIcons/UI_FunctionIcon_Axe.png,UI_FunctionIcon_Axe,False,104,104,"0,0,0,0",9895e76d3a252f3203e1888e8b3fc9b171f77c3bb66676e6ab274cb752b22b93
UI_FunctionIcon_Back,功能图标：图标 / 返回,FunctionIcons,Simple,FunctionIcons.psd,15/btn_icon_back,Assets/AllResources/淘宝ui素材/RuntimeSprites/FunctionIcons/UI_FunctionIcon_Back.png,UI_FunctionIcon_Back,False,104,104,"0,0,0,0",3ac3ea0865405c71e08fd0aed008686fa81a56a56d59c6751d1e934e2a4db5ee
UI_FunctionIcon_Badge,功能图标：图标 / 角标,FunctionIcons,Simple,FunctionIcons.psd,11/btn_icon_badge,Assets/AllResources/淘宝ui素材/RuntimeSprites/FunctionIcons/UI_FunctionIcon_Badge.png,UI_FunctionIcon_Badge,False,104,104,"0,0,0,0",6bf8f8d79be932e03c0107bb53566ec8e3b59f746d87569fa74cdf34bf587e91
UI_FunctionIcon_Bag1,功能图标：图标 / Bag1,FunctionIcons,Simple,FunctionIcons.psd,2/btn_icon_bag_1,Assets/AllResources/淘宝ui素材/RuntimeSprites/FunctionIcons/UI_FunctionIcon_Bag1.png,UI_FunctionIcon_Bag1,False,104,104,"0,0,0,0",1c13135ae352a3f2b00b30bacf7baa62148bc4adbaf7993c5cb6f67efb2daa3e
UI_FunctionIcon_Bag2,功能图标：图标 / Bag2,FunctionIcons,Simple,FunctionIcons.psd,2/btn_icon_bag_2,Assets/AllResources/淘宝ui素材/RuntimeSprites/FunctionIcons/UI_FunctionIcon_Bag2.png,UI_FunctionIcon_Bag2,False,104,104,"0,0,0,0",a03b49eaeeb6c4cc9a4c6bb8682840e0d29f54618818648d2e8afcbeb3b5403b
UI_FunctionIcon_Bank,功能图标：图标 / Bank,FunctionIcons,Simple,FunctionIcons.psd,4/btn_icon_bank,Assets/AllResources/淘宝ui素材/RuntimeSprites/FunctionIcons/UI_FunctionIcon_Bank.png,UI_FunctionIcon_Bank,False,104,104,"0,0,0,0",79ee9b9c27615470d3058cf05a5ecf7161877265e9a996734cbe80f0f10bbdca
UI_FunctionIcon_BatteryCharging,功能图标：图标 / Battery / Charging,FunctionIcons,Simple,FunctionIcons.psd,13/btn_icon_battery_charging,Assets/AllResources/淘宝ui素材/RuntimeSprites/FunctionIcons/UI_FunctionIcon_BatteryCharging.png,UI_FunctionIcon_BatteryCharging,False,104,104,"0,0,0,0",cfa4d5c2b2f14b107d489baae488971e9c0ddb6a21b318cce1219050613cf12d
UI_FunctionIcon_BatteryEmpty,功能图标：图标 / Battery / Empty,FunctionIcons,Simple,FunctionIcons.psd,13/btn_icon_battery_empty,Assets/AllResources/淘宝ui素材/RuntimeSprites/FunctionIcons/UI_FunctionIcon_BatteryEmpty.png,UI_FunctionIcon_BatteryEmpty,False,104,104,"0,0,0,0",3279905334cc986c0a376ccfd87563945691fd2f0b3cdcd0dd1f96cd3b5861f0
UI_FunctionIcon_BatteryFull,功能图标：图标 / Battery / Full,FunctionIcons,Simple,FunctionIcons.psd,13/btn_icon_battery_full,Assets/AllResources/淘宝ui素材/RuntimeSprites/FunctionIcons/UI_FunctionIcon_BatteryFull.png,UI_FunctionIcon_BatteryFull,False,104,104,"0,0,0,0",9f1e9c564019c0912c56b107ae5181fbc01d17454a74d6a11bc88e4ec9473fba
UI_FunctionIcon_BatteryHalf,功能图标：图标 / Battery / Half,FunctionIcons,Simple,FunctionIcons.psd,13/btn_icon_battery_half,Assets/AllResources/淘宝ui素材/RuntimeSprites/FunctionIcons/UI_FunctionIcon_BatteryHalf.png,UI_FunctionIcon_BatteryHalf,False,104,104,"0,0,0,0",c2b509d58ba2b09595ade2e33acbfc0cce1b7e4a3629ead53c8db950a087e60d
UI_FunctionIcon_Battle,功能图标：图标 / 战斗,FunctionIcons,Simple,FunctionIcons.psd,2/btn_icon_battle,Assets/AllResources/淘宝ui素材/RuntimeSprites/FunctionIcons/UI_FunctionIcon_Battle.png,UI_FunctionIcon_Battle,False,104,104,"0,0,0,0",bcdae89ea6b48d557496ef58d70046edf2a7e778bfe9d89bab24f37b281ec0ef
UI_FunctionIcon_Blast,功能图标：图标 / Blast,FunctionIcons,Simple,FunctionIcons.psd,4/btn_icon_blast,Assets/AllResources/淘宝ui素材/RuntimeSprites/FunctionIcons/UI_FunctionIcon_Blast.png,UI_FunctionIcon_Blast,False,104,104,"0,0,0,0",c320fa4bec38c38fc80f3ec667a140eb1d076e59b4361aada78c3a85ea0a9210
UI_FunctionIcon_Block,功能图标：图标 / Block,FunctionIcons,Simple,FunctionIcons.psd,11/btn_icon_block,Assets/AllResources/淘宝ui素材/RuntimeSprites/FunctionIcons/UI_FunctionIcon_Block.png,UI_FunctionIcon_Block,False,104,104,"0,0,0,0",d3972c9c0d797d34524477cb24d9f9532f46474c5ff571de6bdab16743b7f3b5
UI_FunctionIcon_Bluetooth,功能图标：图标 / Bluetooth,FunctionIcons,Simple,FunctionIcons.psd,12/btn_icon_bluetooth,Assets/AllResources/淘宝ui素材/RuntimeSprites/FunctionIcons/UI_FunctionIcon_Bluetooth.png,UI_FunctionIcon_Bluetooth,False,104,104,"0,0,0,0",aacb639f9a1442ca7cddc4d8fd601f768e5395cc70c9cd3ac8841c57d82c6709
UI_FunctionIcon_BluetoothMute,功能图标：图标 / Bluetooth / Mute,FunctionIcons,Simple,FunctionIcons.psd,12/btn_icon_bluetooth_mute,Assets/AllResources/淘宝ui素材/RuntimeSprites/FunctionIcons/UI_FunctionIcon_BluetoothMute.png,UI_FunctionIcon_BluetoothMute,False,104,104,"0,0,0,0",d27b050c1d47702a7644b02087441990d7f6edad0e3e5c72d2288a1fa1394561
UI_FunctionIcon_Bomb,功能图标：图标 / Bomb,FunctionIcons,Simple,FunctionIcons.psd,3/btn_icon_bomb,Assets/AllResources/淘宝ui素材/RuntimeSprites/FunctionIcons/UI_FunctionIcon_Bomb.png,UI_FunctionIcon_Bomb,False,104,104,"0,0,0,0",ceed5226021998b2116e761e94543a2423cb3a0bd0c5fe4f58849929c59bc46f
UI_FunctionIcon_Book,功能图标：图标 / Book,FunctionIcons,Simple,FunctionIcons.psd,13/btn_icon_book,Assets/AllResources/淘宝ui素材/RuntimeSprites/FunctionIcons/UI_FunctionIcon_Book.png,UI_FunctionIcon_Book,False,104,104,"0,0,0,0",709f3b6bbe25f403b5610a93f05954c0078ee65d32f87cb3cbf67964c4c440c5
UI_FunctionIcon_Bookmark,功能图标：图标 / Bookmark,FunctionIcons,Simple,FunctionIcons.psd,12/btn_icon_bookmark,Assets/AllResources/淘宝ui素材/RuntimeSprites/FunctionIcons/UI_FunctionIcon_Bookmark.png,UI_FunctionIcon_Bookmark,False,104,104,"0,0,0,0",255d6ae12008cacb1b0ccf9dd5506432ff95384a233e55e1b51f62c38225c802
UI_FunctionIcon_BookmarkAdd,功能图标：图标 / Bookmark / 增加,FunctionIcons,Simple,FunctionIcons.psd,12/btn_icon_bookmark_add,Assets/AllResources/淘宝ui素材/RuntimeSprites/FunctionIcons/UI_FunctionIcon_BookmarkAdd.png,UI_FunctionIcon_BookmarkAdd,False,104,104,"0,0,0,0",1f15c6f835aba911fcb4ca2ee5bda26a17f3901ab0de1aea78856d91391211a7
UI_FunctionIcon_BookOpen,功能图标：图标 / Book / Open,FunctionIcons,Simple,FunctionIcons.psd,4/btn_icon_book_open,Assets/AllResources/淘宝ui素材/RuntimeSprites/FunctionIcons/UI_FunctionIcon_BookOpen.png,UI_FunctionIcon_BookOpen,False,104,104,"0,0,0,0",ac86e33afd58a9b4400e8f5a178816be26c3b7114be61bb27713c9c0bce95159
UI_FunctionIcon_BootFly,功能图标：图标 / Boot / Fly,FunctionIcons,Simple,FunctionIcons.psd,3/btn_icon_boot_fly,Assets/AllResources/淘宝ui素材/RuntimeSprites/FunctionIcons/UI_FunctionIcon_BootFly.png,UI_FunctionIcon_BootFly,False,104,104,"0,0,0,0",940b261d253e37876ef3c23857245f3d3aa233a0cc913d6c7ceb5f5e33c8f5fa
UI_FunctionIcon_BootSpeed,功能图标：图标 / Boot / Speed,FunctionIcons,Simple,FunctionIcons.psd,3/btn_icon_boot_speed,Assets/AllResources/淘宝ui素材/RuntimeSprites/FunctionIcons/UI_FunctionIcon_BootSpeed.png,UI_FunctionIcon_BootSpeed,False,104,104,"0,0,0,0",1b7581b66a190fe8d49010e3280a0dd7fcb19a8bd61f035df8906e922729a457
UI_FunctionIcon_Buckler,功能图标：图标 / Buckler,FunctionIcons,Simple,FunctionIcons.psd,1/btn_icon_buckler,Assets/AllResources/淘宝ui素材/RuntimeSprites/FunctionIcons/UI_FunctionIcon_Buckler.png,UI_FunctionIcon_Buckler,False,104,104,"0,0,0,0",c34e4974e307a735d13f27f941c7745e785696e4e635fc339b3759cbd08e605a
UI_FunctionIcon_Bug1,功能图标：图标 / Bug1,FunctionIcons,Simple,FunctionIcons.psd,10/btn_icon_bug_1,Assets/AllResources/淘宝ui素材/RuntimeSprites/FunctionIcons/UI_FunctionIcon_Bug1.png,UI_FunctionIcon_Bug1,False,104,104,"0,0,0,0",00439e33c39c35d0753464385f26cc957d50202dc5232aadf7109d46362be65f
UI_FunctionIcon_Bug2,功能图标：图标 / Bug2,FunctionIcons,Simple,FunctionIcons.psd,10/btn_icon_bug_2,Assets/AllResources/淘宝ui素材/RuntimeSprites/FunctionIcons/UI_FunctionIcon_Bug2.png,UI_FunctionIcon_Bug2,False,104,104,"0,0,0,0",6ce60f56b99a24cc67a72578c9331bce28c910142f75b4e3db7dbe6de4c68feb
UI_FunctionIcon_Building,功能图标：图标 / Building,FunctionIcons,Simple,FunctionIcons.psd,4/btn_icon_building,Assets/AllResources/淘宝ui素材/RuntimeSprites/FunctionIcons/UI_FunctionIcon_Building.png,UI_FunctionIcon_Building,False,104,104,"0,0,0,0",35287fc9ffdba9660ac77f53f14c367bb0e8450f4bc400c9b535e9fdb8998613
UI_FunctionIcon_Bulb,功能图标：图标 / Bulb,FunctionIcons,Simple,FunctionIcons.psd,8/btn_icon_bulb,Assets/AllResources/淘宝ui素材/RuntimeSprites/FunctionIcons/UI_FunctionIcon_Bulb.png,UI_FunctionIcon_Bulb,False,104,104,"0,0,0,0",a12488ab602c855996ca210b4d1044ed9db1aa39da7ab7341187af8c05cce778
UI_FunctionIcon_Calculator,功能图标：图标 / Calculator,FunctionIcons,Simple,FunctionIcons.psd,11/btn_icon_calculator,Assets/AllResources/淘宝ui素材/RuntimeSprites/FunctionIcons/UI_FunctionIcon_Calculator.png,UI_FunctionIcon_Calculator,False,104,104,"0,0,0,0",15e465b5ab244fec16b954052dc8d923d52e4076277d45d95995faf0ec316d85
UI_FunctionIcon_Calendar,功能图标：图标 / Calendar,FunctionIcons,Simple,FunctionIcons.psd,14/btn_icon_calendar,Assets/AllResources/淘宝ui素材/RuntimeSprites/FunctionIcons/UI_FunctionIcon_Calendar.png,UI_FunctionIcon_Calendar,False,104,104,"0,0,0,0",7a59f88402cd8bd0108b0736e720ba7f859fa5b4d9199ff8d1603bc33b4e2d3c
UI_FunctionIcon_CalendarMonth,功能图标：图标 / Calendar / Month,FunctionIcons,Simple,FunctionIcons.psd,14/btn_icon_calendar_month,Assets/AllResources/淘宝ui素材/RuntimeSprites/FunctionIcons/UI_FunctionIcon_CalendarMonth.png,UI_FunctionIcon_CalendarMonth,False,104,104,"0,0,0,0",5fb1748ea5195b796f877f474f35d7a358b9d6c4a6e35f59f0c8eb78ccd24aee
UI_FunctionIcon_CalendarWeek,功能图标：图标 / Calendar / 每周,FunctionIcons,Simple,FunctionIcons.psd,14/btn_icon_calendar_week,Assets/AllResources/淘宝ui素材/RuntimeSprites/FunctionIcons/UI_FunctionIcon_CalendarWeek.png,UI_FunctionIcon_CalendarWeek,False,104,104,"0,0,0,0",6426f1548888c9405f5baaf8672c302afe09b4288ccb9ae3bd162ea9fc30f7ed
UI_FunctionIcon_Call,功能图标：图标 / Call,FunctionIcons,Simple,FunctionIcons.psd,17/btn_icon_call,Assets/AllResources/淘宝ui素材/RuntimeSprites/FunctionIcons/UI_FunctionIcon_Call.png,UI_FunctionIcon_Call,False,104,104,"0,0,0,0",cd534f7129b1dc4231961eaaaf97cb0ce427c14bba04ba05d986a7cf907ac6af
UI_FunctionIcon_Camera,功能图标：图标 / Camera,FunctionIcons,Simple,FunctionIcons.psd,6/btn_icon_camera,Assets/AllResources/淘宝ui素材/RuntimeSprites/FunctionIcons/UI_FunctionIcon_Camera.png,UI_FunctionIcon_Camera,False,104,104,"0,0,0,0",95308ca306c2cd41572e1f50f77095c25c45058cfc1a592aa7cbeb8edcb1c3b3
UI_FunctionIcon_Cart,功能图标：图标 / Cart,FunctionIcons,Simple,FunctionIcons.psd,8/btn_icon_cart,Assets/AllResources/淘宝ui素材/RuntimeSprites/FunctionIcons/UI_FunctionIcon_Cart.png,UI_FunctionIcon_Cart,False,104,104,"0,0,0,0",a18a06fdcb91b6c8d4f4c99fe3b2359c1caadb5465825060d9a0cc90073ae065
UI_FunctionIcon_Castle,功能图标：图标 / Castle,FunctionIcons,Simple,FunctionIcons.psd,1/btn_icon_castle,Assets/AllResources/淘宝ui素材/RuntimeSprites/FunctionIcons/UI_FunctionIcon_Castle.png,UI_FunctionIcon_Castle,False,104,104,"0,0,0,0",059934a0a01417c1d40a83202b1d980d0e1e917237781e212f4f0ef669797bd0
UI_FunctionIcon_Category,功能图标：图标 / Category,FunctionIcons,Simple,FunctionIcons.psd,13/btn_icon_category,Assets/AllResources/淘宝ui素材/RuntimeSprites/FunctionIcons/UI_FunctionIcon_Category.png,UI_FunctionIcon_Category,False,104,104,"0,0,0,0",52b0470330dc886078b8a942596199ecece64808a59a2a0a5c100f1262f27074
UI_FunctionIcon_Caution,功能图标：图标 / Caution,FunctionIcons,Simple,FunctionIcons.psd,10/btn_icon_caution,Assets/AllResources/淘宝ui素材/RuntimeSprites/FunctionIcons/UI_FunctionIcon_Caution.png,UI_FunctionIcon_Caution,False,104,104,"0,0,0,0",6769f55babce8c140da4193a4707625a808d302b853fedc934365e0b77797611
UI_FunctionIcon_Chat1,功能图标：图标 / Chat1,FunctionIcons,Simple,FunctionIcons.psd,6/btn_icon_chat_1,Assets/AllResources/淘宝ui素材/RuntimeSprites/FunctionIcons/UI_FunctionIcon_Chat1.png,UI_FunctionIcon_Chat1,False,104,104,"0,0,0,0",4126f87c850efdc439d6fd220dff91b3ce74f1f6adad00b409d5a76e3da70ab6
UI_FunctionIcon_Chat2,功能图标：图标 / Chat2,FunctionIcons,Simple,FunctionIcons.psd,6/btn_icon_chat_2,Assets/AllResources/淘宝ui素材/RuntimeSprites/FunctionIcons/UI_FunctionIcon_Chat2.png,UI_FunctionIcon_Chat2,False,104,104,"0,0,0,0",334b74e498a562ff60e46fdb65a6536949057c3713a9ff74925cae1dda0af9dc
UI_FunctionIcon_Check,功能图标：图标 / 勾选,FunctionIcons,Simple,FunctionIcons.psd,16/btn_icon_check,Assets/AllResources/淘宝ui素材/RuntimeSprites/FunctionIcons/UI_FunctionIcon_Check.png,UI_FunctionIcon_Check,False,104,104,"0,0,0,0",16b00d783d5f60e94fcf475824fb933909a2cd72f7126b0aa146bd3b645a2e90
UI_FunctionIcon_Checks,功能图标：图标 / Checks,FunctionIcons,Simple,FunctionIcons.psd,14/btn_icon_checks,Assets/AllResources/淘宝ui素材/RuntimeSprites/FunctionIcons/UI_FunctionIcon_Checks.png,UI_FunctionIcon_Checks,False,104,104,"0,0,0,0",85c01a5c75878dbaa46dc7cc11c3dad9ab0bad61e5e50038463522960f4d94ab
UI_FunctionIcon_Chess1,功能图标：图标 / Chess1,FunctionIcons,Simple,FunctionIcons.psd,11/btn_icon_chess_1,Assets/AllResources/淘宝ui素材/RuntimeSprites/FunctionIcons/UI_FunctionIcon_Chess1.png,UI_FunctionIcon_Chess1,False,104,104,"0,0,0,0",171e87f3dca81d62bd0ad088bfbadb946a965d0e7b54b26321dcde82c36bad0e
UI_FunctionIcon_Chess2,功能图标：图标 / Chess2,FunctionIcons,Simple,FunctionIcons.psd,11/btn_icon_chess_2,Assets/AllResources/淘宝ui素材/RuntimeSprites/FunctionIcons/UI_FunctionIcon_Chess2.png,UI_FunctionIcon_Chess2,False,104,104,"0,0,0,0",d97c41940d11bbc3d7f386532b882bf7a7deb0af11dd022adf46cf567ba66ab7
UI_FunctionIcon_Chess3,功能图标：图标 / Chess3,FunctionIcons,Simple,FunctionIcons.psd,11/btn_icon_chess_3,Assets/AllResources/淘宝ui素材/RuntimeSprites/FunctionIcons/UI_FunctionIcon_Chess3.png,UI_FunctionIcon_Chess3,False,104,104,"0,0,0,0",5a3c9e15cc16d2f83c797cc89a5a60202be8d04c582e17eb44e63a6f015d6b43
UI_FunctionIcon_Chess4,功能图标：图标 / Chess4,FunctionIcons,Simple,FunctionIcons.psd,11/btn_icon_chess_4,Assets/AllResources/淘宝ui素材/RuntimeSprites/FunctionIcons/UI_FunctionIcon_Chess4.png,UI_FunctionIcon_Chess4,False,104,104,"0,0,0,0",c967acb0416b669afa04c92915d6457b02cdf591d50eaf29801c84bf2e154e2a
UI_FunctionIcon_Chest1,功能图标：图标 / Chest1,FunctionIcons,Simple,FunctionIcons.psd,2/btn_icon_chest_1,Assets/AllResources/淘宝ui素材/RuntimeSprites/FunctionIcons/UI_FunctionIcon_Chest1.png,UI_FunctionIcon_Chest1,False,104,104,"0,0,0,0",f5c0ed8bbda067517c47e0159cd6ff6fe78de87d7aa6a4b23bf4f9c51266f416
UI_FunctionIcon_Chest2,功能图标：图标 / Chest2,FunctionIcons,Simple,FunctionIcons.psd,2/btn_icon_chest_2,Assets/AllResources/淘宝ui素材/RuntimeSprites/FunctionIcons/UI_FunctionIcon_Chest2.png,UI_FunctionIcon_Chest2,False,104,104,"0,0,0,0",ef2655bb67d600615c14f3bc5272beae56939ab298a6c666e7f42d84e0fa69f7
UI_FunctionIcon_Clan,功能图标：图标 / Clan,FunctionIcons,Simple,FunctionIcons.psd,2/btn_icon_clan,Assets/AllResources/淘宝ui素材/RuntimeSprites/FunctionIcons/UI_FunctionIcon_Clan.png,UI_FunctionIcon_Clan,False,104,104,"0,0,0,0",2826d262261ca7a415c42966da08927ee52347f577109fc64d86d1d5c4a6f98c
UI_FunctionIcon_Clear,功能图标：图标 / Clear,FunctionIcons,Simple,FunctionIcons.psd,16/btn_icon_clear,Assets/AllResources/淘宝ui素材/RuntimeSprites/FunctionIcons/UI_FunctionIcon_Clear.png,UI_FunctionIcon_Clear,False,104,104,"0,0,0,0",04b619b4e0a42dda0d10b0e83af9f8e059a7e188b77054b7b9ba4cb3e3d61252
UI_FunctionIcon_Clip,功能图标：图标 / Clip,FunctionIcons,Simple,FunctionIcons.psd,14/btn_icon_clip,Assets/AllResources/淘宝ui素材/RuntimeSprites/FunctionIcons/UI_FunctionIcon_Clip.png,UI_FunctionIcon_Clip,False,104,104,"0,0,0,0",3da35ef35294f7048edb67f8776bb901e8c4ad6e4a9f7b0fcf01dde8b1ac5395
UI_FunctionIcon_Cloud1,功能图标：图标 / Cloud1,FunctionIcons,Simple,FunctionIcons.psd,10/btn_icon_cloud_1,Assets/AllResources/淘宝ui素材/RuntimeSprites/FunctionIcons/UI_FunctionIcon_Cloud1.png,UI_FunctionIcon_Cloud1,False,104,104,"0,0,0,0",814fbcc40091a7bdb437f38ffb2017045150a0c519d66b063771965dc4229e35
UI_FunctionIcon_Cloud2,功能图标：图标 / Cloud2,FunctionIcons,Simple,FunctionIcons.psd,10/btn_icon_cloud_2,Assets/AllResources/淘宝ui素材/RuntimeSprites/FunctionIcons/UI_FunctionIcon_Cloud2.png,UI_FunctionIcon_Cloud2,False,104,104,"0,0,0,0",0a41a2a9de1902417b972377ae0665db7145e29a1bfa90100e38824e972b1ece
UI_FunctionIcon_Coin,功能图标：图标 / 金币,FunctionIcons,Simple,FunctionIcons.psd,5/btn_icon_coin,Assets/AllResources/淘宝ui素材/RuntimeSprites/FunctionIcons/UI_FunctionIcon_Coin.png,UI_FunctionIcon_Coin,False,104,104,"0,0,0,0",092cc016eb069f20410844a361f5f268a715dc7ab7ee0d994d242cdec47ea609
UI_FunctionIcon_CoinBaht,功能图标：图标 / 金币 / Baht,FunctionIcons,Simple,FunctionIcons.psd,18/btn_icon_coin_baht,Assets/AllResources/淘宝ui素材/RuntimeSprites/FunctionIcons/UI_FunctionIcon_CoinBaht.png,UI_FunctionIcon_CoinBaht,False,104,104,"0,0,0,0",c0d8e97d8554549833e2b560dc5f666b4a116ef53349f152e6829fb2a2573b63
UI_FunctionIcon_CoinBitcoin,功能图标：图标 / 金币 / Bitcoin,FunctionIcons,Simple,FunctionIcons.psd,18/btn_icon_coin_bitcoin,Assets/AllResources/淘宝ui素材/RuntimeSprites/FunctionIcons/UI_FunctionIcon_CoinBitcoin.png,UI_FunctionIcon_CoinBitcoin,False,104,104,"0,0,0,0",44fd1c8ed00761bd3bc23d89c527ca7cdb769d72385e2a0db84a90936a359af1
UI_FunctionIcon_CoinDollar,功能图标：图标 / 金币 / Dollar,FunctionIcons,Simple,FunctionIcons.psd,18/btn_icon_coin_dollar,Assets/AllResources/淘宝ui素材/RuntimeSprites/FunctionIcons/UI_FunctionIcon_CoinDollar.png,UI_FunctionIcon_CoinDollar,False,104,104,"0,0,0,0",c510797757e42397061f49c86998d2678e10d2b2ebfcc15246e1dcfcec715707
UI_FunctionIcon_CoinEuro,功能图标：图标 / 金币 / Euro,FunctionIcons,Simple,FunctionIcons.psd,18/btn_icon_coin_euro,Assets/AllResources/淘宝ui素材/RuntimeSprites/FunctionIcons/UI_FunctionIcon_CoinEuro.png,UI_FunctionIcon_CoinEuro,False,104,104,"0,0,0,0",47fc7d6c2ace454c031c9de1cfb417ea8c5d2b7c60b9dcabd862637c9f3cf9e2
UI_FunctionIcon_CoinPeso,功能图标：图标 / 金币 / Peso,FunctionIcons,Simple,FunctionIcons.psd,18/btn_icon_coin_peso,Assets/AllResources/淘宝ui素材/RuntimeSprites/FunctionIcons/UI_FunctionIcon_CoinPeso.png,UI_FunctionIcon_CoinPeso,False,104,104,"0,0,0,0",502b8c974f0b13cbe0ff5798828e2d8271d508b6b8e1127b862b3a88a162074c
UI_FunctionIcon_CoinPound,功能图标：图标 / 金币 / Pound,FunctionIcons,Simple,FunctionIcons.psd,18/btn_icon_coin_pound,Assets/AllResources/淘宝ui素材/RuntimeSprites/FunctionIcons/UI_FunctionIcon_CoinPound.png,UI_FunctionIcon_CoinPound,False,104,104,"0,0,0,0",85151d1942b1cfee9df72052ce46b12e7127b7c8e13ad5cd289ecc3e9a3647c6
UI_FunctionIcon_CoinWon,功能图标：图标 / 金币 / Won,FunctionIcons,Simple,FunctionIcons.psd,18/btn_icon_coin_won,Assets/AllResources/淘宝ui素材/RuntimeSprites/FunctionIcons/UI_FunctionIcon_CoinWon.png,UI_FunctionIcon_CoinWon,False,104,104,"0,0,0,0",9edf60fe48da25fe69514205d1538b9f240c90d1df4340e1de436c4ccd4a69ad
UI_FunctionIcon_CoinYen,功能图标：图标 / 金币 / Yen,FunctionIcons,Simple,FunctionIcons.psd,18/btn_icon_coin_yen,Assets/AllResources/淘宝ui素材/RuntimeSprites/FunctionIcons/UI_FunctionIcon_CoinYen.png,UI_FunctionIcon_CoinYen,False,104,104,"0,0,0,0",28974b8d6451db8216d683e42a17c47398d80fb49687685898fd70e3b7e17072
UI_FunctionIcon_Comment,功能图标：图标 / Comment,FunctionIcons,Simple,FunctionIcons.psd,18/btn_icon_comment,Assets/AllResources/淘宝ui素材/RuntimeSprites/FunctionIcons/UI_FunctionIcon_Comment.png,UI_FunctionIcon_Comment,False,104,104,"0,0,0,0",6b1fbcc7adf8a845d7233c82c18f2686d759cee2d08fbbb9c5788601262ab056
UI_FunctionIcon_Compass1,功能图标：图标 / Compass1,FunctionIcons,Simple,FunctionIcons.psd,3/btn_icon_compass_1,Assets/AllResources/淘宝ui素材/RuntimeSprites/FunctionIcons/UI_FunctionIcon_Compass1.png,UI_FunctionIcon_Compass1,False,104,104,"0,0,0,0",1800f575c7bdea0a9ae17827499b994998c89f354e42d2158602a98d9a92fe9c
UI_FunctionIcon_Compass2,功能图标：图标 / Compass2,FunctionIcons,Simple,FunctionIcons.psd,7/btn_icon_compass_2,Assets/AllResources/淘宝ui素材/RuntimeSprites/FunctionIcons/UI_FunctionIcon_Compass2.png,UI_FunctionIcon_Compass2,False,104,104,"0,0,0,0",7183c4bc82739523c152a7aa195add6dda87f1ebdd0f5ee9d09eeae04a74e693
UI_FunctionIcon_Connect,功能图标：图标 / Connect,FunctionIcons,Simple,FunctionIcons.psd,17/btn_icon_connect,Assets/AllResources/淘宝ui素材/RuntimeSprites/FunctionIcons/UI_FunctionIcon_Connect.png,UI_FunctionIcon_Connect,False,104,104,"0,0,0,0",64d6d5445b457a72849f4c315277317c318acb3ff13110b9fcfb1a2589d37c48
UI_FunctionIcon_Copy,功能图标：图标 / Copy,FunctionIcons,Simple,FunctionIcons.psd,17/btn_icon_copy,Assets/AllResources/淘宝ui素材/RuntimeSprites/FunctionIcons/UI_FunctionIcon_Copy.png,UI_FunctionIcon_Copy,False,104,104,"0,0,0,0",b7d5e4bb695b9b33dbf881c585d2f08797ae8e895caf7bcb855224de6bf62993
UI_FunctionIcon_Coupon,功能图标：图标 / Coupon,FunctionIcons,Simple,FunctionIcons.psd,8/btn_icon_coupon,Assets/AllResources/淘宝ui素材/RuntimeSprites/FunctionIcons/UI_FunctionIcon_Coupon.png,UI_FunctionIcon_Coupon,False,104,104,"0,0,0,0",6fb0c6df8b01793004ba5946b5d01c03df49d32942d4737b2a9529c1f42bb6e7
UI_FunctionIcon_Crown1,功能图标：图标 / Crown1,FunctionIcons,Simple,FunctionIcons.psd,1/btn_icon_crown_1,Assets/AllResources/淘宝ui素材/RuntimeSprites/FunctionIcons/UI_FunctionIcon_Crown1.png,UI_FunctionIcon_Crown1,False,104,104,"0,0,0,0",faeafafdea2b719484cdf40da309f6723e9a26b8b803c9a677f7eeef9f3632c9
UI_FunctionIcon_Crown2,功能图标：图标 / Crown2,FunctionIcons,Simple,FunctionIcons.psd,1/btn_icon_crown_2,Assets/AllResources/淘宝ui素材/RuntimeSprites/FunctionIcons/UI_FunctionIcon_Crown2.png,UI_FunctionIcon_Crown2,False,104,104,"0,0,0,0",ecdaaf55b95c3376186d2ba8fd3a13521c10d47e369dd165631df9648925df9f
UI_FunctionIcon_Cupcake,功能图标：图标 / Cupcake,FunctionIcons,Simple,FunctionIcons.psd,7/btn_icon_cupcake,Assets/AllResources/淘宝ui素材/RuntimeSprites/FunctionIcons/UI_FunctionIcon_Cupcake.png,UI_FunctionIcon_Cupcake,False,104,104,"0,0,0,0",c363eeff209d12ec5af6131f5f595612fe48d76a86c1d526f815ee7f4b07c62c
UI_FunctionIcon_CurrencyBaht,功能图标：图标 / 货币 / Baht,FunctionIcons,Simple,FunctionIcons.psd,18/btn_icon_currency_baht,Assets/AllResources/淘宝ui素材/RuntimeSprites/FunctionIcons/UI_FunctionIcon_CurrencyBaht.png,UI_FunctionIcon_CurrencyBaht,False,104,104,"0,0,0,0",6b71ee0b39893686c879e1fd3589345f7602ffa8559f48461a453cbd4ac1fd18
UI_FunctionIcon_CurrencyBitcoin,功能图标：图标 / 货币 / Bitcoin,FunctionIcons,Simple,FunctionIcons.psd,18/btn_icon_currency_bitcoin,Assets/AllResources/淘宝ui素材/RuntimeSprites/FunctionIcons/UI_FunctionIcon_CurrencyBitcoin.png,UI_FunctionIcon_CurrencyBitcoin,False,104,104,"0,0,0,0",5b69c4dbb0ce8a3da5c97b0536407643287e9f55d1ae13f0cbc071ce3af64996
UI_FunctionIcon_CurrencyDollar,功能图标：图标 / 货币 / Dollar,FunctionIcons,Simple,FunctionIcons.psd,18/btn_icon_currency_dollar,Assets/AllResources/淘宝ui素材/RuntimeSprites/FunctionIcons/UI_FunctionIcon_CurrencyDollar.png,UI_FunctionIcon_CurrencyDollar,False,104,104,"0,0,0,0",9d2bfb6ec5af5040be1d0375f3cce82e5033f3133294cda84218d991113271f1
UI_FunctionIcon_CurrencyEuro,功能图标：图标 / 货币 / Euro,FunctionIcons,Simple,FunctionIcons.psd,18/btn_icon_currency_euro,Assets/AllResources/淘宝ui素材/RuntimeSprites/FunctionIcons/UI_FunctionIcon_CurrencyEuro.png,UI_FunctionIcon_CurrencyEuro,False,104,104,"0,0,0,0",bdb2bf7350553d991ce393aeac7e26efafa4a72cb4bdb0d2baee92016de7eff5
UI_FunctionIcon_CurrencyPeso,功能图标：图标 / 货币 / Peso,FunctionIcons,Simple,FunctionIcons.psd,18/btn_icon_currency_peso,Assets/AllResources/淘宝ui素材/RuntimeSprites/FunctionIcons/UI_FunctionIcon_CurrencyPeso.png,UI_FunctionIcon_CurrencyPeso,False,104,104,"0,0,0,0",06fcf252bc330b91de80d1ef4ca59729696a79145ff8f842c828c6812ba663b2
UI_FunctionIcon_CurrencyPound,功能图标：图标 / 货币 / Pound,FunctionIcons,Simple,FunctionIcons.psd,18/btn_icon_currency_pound,Assets/AllResources/淘宝ui素材/RuntimeSprites/FunctionIcons/UI_FunctionIcon_CurrencyPound.png,UI_FunctionIcon_CurrencyPound,False,104,104,"0,0,0,0",1ed5df04da9c1c74003e67d8b8849a2e4d91a276f6f5d18fc155b35d45e790b0
UI_FunctionIcon_CurrencyWon,功能图标：图标 / 货币 / Won,FunctionIcons,Simple,FunctionIcons.psd,18/btn_icon_currency_won,Assets/AllResources/淘宝ui素材/RuntimeSprites/FunctionIcons/UI_FunctionIcon_CurrencyWon.png,UI_FunctionIcon_CurrencyWon,False,104,104,"0,0,0,0",209d105608b9679868e5cfa4e00455f3dc57ef4c369c26a60fdc301d0cd8a5c1
UI_FunctionIcon_CurrencyYen,功能图标：图标 / 货币 / Yen,FunctionIcons,Simple,FunctionIcons.psd,18/btn_icon_currency_yen,Assets/AllResources/淘宝ui素材/RuntimeSprites/FunctionIcons/UI_FunctionIcon_CurrencyYen.png,UI_FunctionIcon_CurrencyYen,False,104,104,"0,0,0,0",416158dca846ba889f4b8878f86dea5417ff22cd0932ab087425699a905cfae7
UI_FunctionIcon_CustumeBoots,功能图标：图标 / Custume / Boots,FunctionIcons,Simple,FunctionIcons.psd,1/btn_icon_custume_boots,Assets/AllResources/淘宝ui素材/RuntimeSprites/FunctionIcons/UI_FunctionIcon_CustumeBoots.png,UI_FunctionIcon_CustumeBoots,False,104,104,"0,0,0,0",4ac2d073585fc660d2d2847083babd8cff141e5f31a3c11ffabf355ab791692a
UI_FunctionIcon_CustumeTop,功能图标：图标 / Custume / Top,FunctionIcons,Simple,FunctionIcons.psd,1/btn_icon_custume_top,Assets/AllResources/淘宝ui素材/RuntimeSprites/FunctionIcons/UI_FunctionIcon_CustumeTop.png,UI_FunctionIcon_CustumeTop,False,104,104,"0,0,0,0",1ad02c5984f4463bb858072ef2aa5e3468d1e82f75179c4a514a072195f1f66e
UI_FunctionIcon_Cut,功能图标：图标 / Cut,FunctionIcons,Simple,FunctionIcons.psd,11/btn_icon_cut,Assets/AllResources/淘宝ui素材/RuntimeSprites/FunctionIcons/UI_FunctionIcon_Cut.png,UI_FunctionIcon_Cut,False,104,104,"0,0,0,0",f054ff812668aa975220f1e150919c5ad88d7a6780eefb85bd756a3c1e6d8892
UI_FunctionIcon_Cyclone,功能图标：图标 / Cyclone,FunctionIcons,Simple,FunctionIcons.psd,3/btn_icon_cyclone,Assets/AllResources/淘宝ui素材/RuntimeSprites/FunctionIcons/UI_FunctionIcon_Cyclone.png,UI_FunctionIcon_Cyclone,False,104,104,"0,0,0,0",50f297da46dd81bc798a8bcfaa4839fa4c5b4410a172f853bebd188fbfe8e4a3
UI_FunctionIcon_Dagger,功能图标：图标 / Dagger,FunctionIcons,Simple,FunctionIcons.psd,1/btn_icon_dagger,Assets/AllResources/淘宝ui素材/RuntimeSprites/FunctionIcons/UI_FunctionIcon_Dagger.png,UI_FunctionIcon_Dagger,False,104,104,"0,0,0,0",79e5229fafa27d6fb84be906ce675e8af954e77d3588af143b95602fd99f6766
UI_FunctionIcon_Death,功能图标：图标 / Death,FunctionIcons,Simple,FunctionIcons.psd,7/btn_icon_death,Assets/AllResources/淘宝ui素材/RuntimeSprites/FunctionIcons/UI_FunctionIcon_Death.png,UI_FunctionIcon_Death,False,104,104,"0,0,0,0",d0c66757cf7b0ea55baf3097b855f1b5f668c7c9e551480bb6ee6a37619dcadc
UI_FunctionIcon_Delete,功能图标：图标 / Delete,FunctionIcons,Simple,FunctionIcons.psd,12/btn_icon_delete,Assets/AllResources/淘宝ui素材/RuntimeSprites/FunctionIcons/UI_FunctionIcon_Delete.png,UI_FunctionIcon_Delete,False,104,104,"0,0,0,0",e75efb7705eabafc645ed1b6c7712d6870deb42b5030bbc17d8902b2c4036bdf
UI_FunctionIcon_Diamond,功能图标：图标 / Diamond,FunctionIcons,Simple,FunctionIcons.psd,5/btn_icon_diamond,Assets/AllResources/淘宝ui素材/RuntimeSprites/FunctionIcons/UI_FunctionIcon_Diamond.png,UI_FunctionIcon_Diamond,False,104,104,"0,0,0,0",62e82f4b2c295260006d5f30c3f9e8b9a305f9cc3fcaa4e73a798bd08767d88f
UI_FunctionIcon_Dice,功能图标：图标 / Dice,FunctionIcons,Simple,FunctionIcons.psd,4/btn_icon_dice,Assets/AllResources/淘宝ui素材/RuntimeSprites/FunctionIcons/UI_FunctionIcon_Dice.png,UI_FunctionIcon_Dice,False,104,104,"0,0,0,0",9ad73a727d8d84aeb6b708d3d47efe6914206ef7f6bf35964b8796f5a2442611
UI_FunctionIcon_Discount,功能图标：图标 / Discount,FunctionIcons,Simple,FunctionIcons.psd,8/btn_icon_discount,Assets/AllResources/淘宝ui素材/RuntimeSprites/FunctionIcons/UI_FunctionIcon_Discount.png,UI_FunctionIcon_Discount,False,104,104,"0,0,0,0",6d1d29e6c0aca4708ca4c54f67afec397a0de6b413b97650cde6850fc1675554
UI_FunctionIcon_Display,功能图标：图标 / Display,FunctionIcons,Simple,FunctionIcons.psd,13/btn_icon_display,Assets/AllResources/淘宝ui素材/RuntimeSprites/FunctionIcons/UI_FunctionIcon_Display.png,UI_FunctionIcon_Display,False,104,104,"0,0,0,0",ff5bf40f8200165da692e3ffd240f8ca01f79103e6cee4b938a0519857922089
UI_FunctionIcon_Document,功能图标：图标 / Document,FunctionIcons,Simple,FunctionIcons.psd,13/btn_icon_document,Assets/AllResources/淘宝ui素材/RuntimeSprites/FunctionIcons/UI_FunctionIcon_Document.png,UI_FunctionIcon_Document,False,104,104,"0,0,0,0",8f0e40c24c882d5465bbdfd2e24e2ce9bcefd2f3ac60da4ff1c3c7e1ba3015a4
UI_FunctionIcon_DoubleStar,功能图标：图标 / Double / Star,FunctionIcons,Simple,FunctionIcons.psd,3/btn_icon_double_star,Assets/AllResources/淘宝ui素材/RuntimeSprites/FunctionIcons/UI_FunctionIcon_DoubleStar.png,UI_FunctionIcon_DoubleStar,False,104,104,"0,0,0,0",d8ef5ef53415916dfd0a4859f27a33fc978d2b48791422a0936816ad44fd5ef2
UI_FunctionIcon_Earth,功能图标：图标 / Earth,FunctionIcons,Simple,FunctionIcons.psd,8/btn_icon_earth,Assets/AllResources/淘宝ui素材/RuntimeSprites/FunctionIcons/UI_FunctionIcon_Earth.png,UI_FunctionIcon_Earth,False,104,104,"0,0,0,0",edcaf5789718cb7272105cdb47f47526e13d46bd3e0238ae88618cbdd30d0d8d
UI_FunctionIcon_Education,功能图标：图标 / Education,FunctionIcons,Simple,FunctionIcons.psd,9/btn_icon_education,Assets/AllResources/淘宝ui素材/RuntimeSprites/FunctionIcons/UI_FunctionIcon_Education.png,UI_FunctionIcon_Education,False,104,104,"0,0,0,0",dae8ca0e0baed63c1681afdd36f4c7c688eb6319b22e024554dde8f48296d5b2
UI_FunctionIcon_EmojiHappy,功能图标：图标 / Emoji / Happy,FunctionIcons,Simple,FunctionIcons.psd,17/btn_icon_emoji_happy,Assets/AllResources/淘宝ui素材/RuntimeSprites/FunctionIcons/UI_FunctionIcon_EmojiHappy.png,UI_FunctionIcon_EmojiHappy,False,104,104,"0,0,0,0",f3d012dd0fb9c9650ed70039e0ea3252488e75c906c4521b1176458443359756
UI_FunctionIcon_EmojiHate,功能图标：图标 / Emoji / Hate,FunctionIcons,Simple,FunctionIcons.psd,17/btn_icon_emoji_hate,Assets/AllResources/淘宝ui素材/RuntimeSprites/FunctionIcons/UI_FunctionIcon_EmojiHate.png,UI_FunctionIcon_EmojiHate,False,104,104,"0,0,0,0",13a55b69f77d22052b0fd1641d5931e2ac8a11eb165b5657585391aeff645bb3
UI_FunctionIcon_EmojiSad,功能图标：图标 / Emoji / Sad,FunctionIcons,Simple,FunctionIcons.psd,17/btn_icon_emoji_sad,Assets/AllResources/淘宝ui素材/RuntimeSprites/FunctionIcons/UI_FunctionIcon_EmojiSad.png,UI_FunctionIcon_EmojiSad,False,104,104,"0,0,0,0",61e055dd6d70474805e5d3911ac9a535ff3b897ab5bff5684fe8aed060ec52cc
UI_FunctionIcon_EmojiSmile,功能图标：图标 / Emoji / Smile,FunctionIcons,Simple,FunctionIcons.psd,17/btn_icon_emoji_smile,Assets/AllResources/淘宝ui素材/RuntimeSprites/FunctionIcons/UI_FunctionIcon_EmojiSmile.png,UI_FunctionIcon_EmojiSmile,False,104,104,"0,0,0,0",4fb1a3a3937327413fd24403e565518802285a65bcbfbd14b9c7a0657b0a0adc
UI_FunctionIcon_EmojiSoso,功能图标：图标 / Emoji / Soso,FunctionIcons,Simple,FunctionIcons.psd,17/btn_icon_emoji_soso,Assets/AllResources/淘宝ui素材/RuntimeSprites/FunctionIcons/UI_FunctionIcon_EmojiSoso.png,UI_FunctionIcon_EmojiSoso,False,104,104,"0,0,0,0",3c644d16fa57dd27aec5aeb0123236c70e28deb4d028ee9319ff4d142b95086c
UI_FunctionIcon_Enemy,功能图标：图标 / Enemy,FunctionIcons,Simple,FunctionIcons.psd,3/btn_icon_enemy,Assets/AllResources/淘宝ui素材/RuntimeSprites/FunctionIcons/UI_FunctionIcon_Enemy.png,UI_FunctionIcon_Enemy,False,104,104,"0,0,0,0",76ad142ec42df7feb5abe50879019b2697d3a6a256e5f1972624e52a2d1f38a7
UI_FunctionIcon_Energy,功能图标：图标 / 体力,FunctionIcons,Simple,FunctionIcons.psd,14/btn_icon_energy,Assets/AllResources/淘宝ui素材/RuntimeSprites/FunctionIcons/UI_FunctionIcon_Energy.png,UI_FunctionIcon_Energy,False,104,104,"0,0,0,0",531d344bfc3d122243d632f8c3674565b3c3dba02f5d3dfecb20e5e44248a3bd
UI_FunctionIcon_Event,功能图标：图标 / Event,FunctionIcons,Simple,FunctionIcons.psd,7/btn_icon_event,Assets/AllResources/淘宝ui素材/RuntimeSprites/FunctionIcons/UI_FunctionIcon_Event.png,UI_FunctionIcon_Event,False,104,104,"0,0,0,0",6a0e795cd4aa05b13961a6e8282f5677dec3426e90a71b7cbf15b64df1d07cca
UI_FunctionIcon_Exclamation,功能图标：图标 / Exclamation,FunctionIcons,Simple,FunctionIcons.psd,14/btn_icon_exclamation,Assets/AllResources/淘宝ui素材/RuntimeSprites/FunctionIcons/UI_FunctionIcon_Exclamation.png,UI_FunctionIcon_Exclamation,False,104,104,"0,0,0,0",a53e66a2e6a31d93ca75f3f8c26cd10f5e8d948c953a9fa44445075e4d99bfa9
UI_FunctionIcon_Exit,功能图标：图标 / Exit,FunctionIcons,Simple,FunctionIcons.psd,18/btn_icon_exit,Assets/AllResources/淘宝ui素材/RuntimeSprites/FunctionIcons/UI_FunctionIcon_Exit.png,UI_FunctionIcon_Exit,False,104,104,"0,0,0,0",9b37466c8b6830f2fcb43c92e77a615b27adf012745f6a0703e770c8fcb63ced
UI_FunctionIcon_Explore,功能图标：图标 / Explore,FunctionIcons,Simple,FunctionIcons.psd,8/btn_icon_explore,Assets/AllResources/淘宝ui素材/RuntimeSprites/FunctionIcons/UI_FunctionIcon_Explore.png,UI_FunctionIcon_Explore,False,104,104,"0,0,0,0",4089ac8af496a133dc97c3cbea431486ff1fcce295880684b7ef39a5851336db
UI_FunctionIcon_Export,功能图标：图标 / Export,FunctionIcons,Simple,FunctionIcons.psd,15/btn_icon_export,Assets/AllResources/淘宝ui素材/RuntimeSprites/FunctionIcons/UI_FunctionIcon_Export.png,UI_FunctionIcon_Export,False,104,104,"0,0,0,0",98342b687403a2f8f6bae9cf623c68c8965078f7d3f25d87908663ab561e08e1
UI_FunctionIcon_EyeHide,功能图标：图标 / Eye / Hide,FunctionIcons,Simple,FunctionIcons.psd,12/btn_icon_eye_hide,Assets/AllResources/淘宝ui素材/RuntimeSprites/FunctionIcons/UI_FunctionIcon_EyeHide.png,UI_FunctionIcon_EyeHide,False,104,104,"0,0,0,0",795b06d81c75e12582aa73bd87c51b4089248ff8fbb8e290cf9c46f42a27e349
UI_FunctionIcon_EyeShow,功能图标：图标 / Eye / Show,FunctionIcons,Simple,FunctionIcons.psd,12/btn_icon_eye_show,Assets/AllResources/淘宝ui素材/RuntimeSprites/FunctionIcons/UI_FunctionIcon_EyeShow.png,UI_FunctionIcon_EyeShow,False,104,104,"0,0,0,0",db8400a2633a6adbef89ba1e8fe3b4b7c655ce5d95b055c48390a413331d81ba
UI_FunctionIcon_Feather,功能图标：图标 / Feather,FunctionIcons,Simple,FunctionIcons.psd,2/btn_icon_feather,Assets/AllResources/淘宝ui素材/RuntimeSprites/FunctionIcons/UI_FunctionIcon_Feather.png,UI_FunctionIcon_Feather,False,104,104,"0,0,0,0",8be3b6aef21a895a3719a1e9a870a70a8967737e4b92e8095220c7a3d4fbb5cb
UI_FunctionIcon_Female,功能图标：图标 / Female,FunctionIcons,Simple,FunctionIcons.psd,11/btn_icon_female,Assets/AllResources/淘宝ui素材/RuntimeSprites/FunctionIcons/UI_FunctionIcon_Female.png,UI_FunctionIcon_Female,False,104,104,"0,0,0,0",fbb26e15de583b611b300b4544b56e5ce236c1022543e0a4a2030d487ad00b33
UI_FunctionIcon_FileExport,功能图标：图标 / File / Export,FunctionIcons,Simple,FunctionIcons.psd,15/btn_icon_file_export,Assets/AllResources/淘宝ui素材/RuntimeSprites/FunctionIcons/UI_FunctionIcon_FileExport.png,UI_FunctionIcon_FileExport,False,104,104,"0,0,0,0",de4dd676216b5ca0614ec0669c575cab4bf8afc8e200533b1f7d5acd8a86a683
UI_FunctionIcon_FileImport,功能图标：图标 / File / Import,FunctionIcons,Simple,FunctionIcons.psd,15/btn_icon_file_import,Assets/AllResources/淘宝ui素材/RuntimeSprites/FunctionIcons/UI_FunctionIcon_FileImport.png,UI_FunctionIcon_FileImport,False,104,104,"0,0,0,0",d628421da71bb7415b06cfc05ddb11456d7e63527950a12da99f239adda0e011
UI_FunctionIcon_Film,功能图标：图标 / Film,FunctionIcons,Simple,FunctionIcons.psd,6/btn_icon_film,Assets/AllResources/淘宝ui素材/RuntimeSprites/FunctionIcons/UI_FunctionIcon_Film.png,UI_FunctionIcon_Film,False,104,104,"0,0,0,0",d0ca3da3f3a47d44e0977f6e83d63a5f291ac4b71abc2a679d115cebec9629ec
UI_FunctionIcon_Filter,功能图标：图标 / Filter,FunctionIcons,Simple,FunctionIcons.psd,10/btn_icon_filter,Assets/AllResources/淘宝ui素材/RuntimeSprites/FunctionIcons/UI_FunctionIcon_Filter.png,UI_FunctionIcon_Filter,False,104,104,"0,0,0,0",44c82c59b05670f955e59d7f1d6c3f341e74613fc388082d33f0f53606bc28de
UI_FunctionIcon_Fire,功能图标：图标 / Fire,FunctionIcons,Simple,FunctionIcons.psd,2/btn_icon_fire,Assets/AllResources/淘宝ui素材/RuntimeSprites/FunctionIcons/UI_FunctionIcon_Fire.png,UI_FunctionIcon_Fire,False,104,104,"0,0,0,0",4966d6674f7b7b94bd870b7193555ec71577eb5b3f5295a1925e889e7afe017f
UI_FunctionIcon_Fish,功能图标：图标 / Fish,FunctionIcons,Simple,FunctionIcons.psd,7/btn_icon_fish,Assets/AllResources/淘宝ui素材/RuntimeSprites/FunctionIcons/UI_FunctionIcon_Fish.png,UI_FunctionIcon_Fish,False,104,104,"0,0,0,0",bee3eabe41c6dab32c02ebd319d66c17fb6d2edd308799d813f74d3653e46a08
UI_FunctionIcon_Fist,功能图标：图标 / Fist,FunctionIcons,Simple,FunctionIcons.psd,3/btn_icon_fist,Assets/AllResources/淘宝ui素材/RuntimeSprites/FunctionIcons/UI_FunctionIcon_Fist.png,UI_FunctionIcon_Fist,False,104,104,"0,0,0,0",bcb11b3be312c42f7db5c2f38bbb67d140859a699f6a8c0cb3fbdd423f7028cc
UI_FunctionIcon_Fix1,功能图标：图标 / Fix1,FunctionIcons,Simple,FunctionIcons.psd,9/btn_icon_fix_1,Assets/AllResources/淘宝ui素材/RuntimeSprites/FunctionIcons/UI_FunctionIcon_Fix1.png,UI_FunctionIcon_Fix1,False,104,104,"0,0,0,0",26afc4cccd0cb741469457d222401f43fc1030d1b85ae214fccd82099d7a6805
UI_FunctionIcon_Fix2,功能图标：图标 / Fix2,FunctionIcons,Simple,FunctionIcons.psd,9/btn_icon_fix_2,Assets/AllResources/淘宝ui素材/RuntimeSprites/FunctionIcons/UI_FunctionIcon_Fix2.png,UI_FunctionIcon_Fix2,False,104,104,"0,0,0,0",4c878df5edf2a93c7096df7852c89d77794b322b34854bb4ac0ee3ec60fd725d
UI_FunctionIcon_Folder,功能图标：图标 / Folder,FunctionIcons,Simple,FunctionIcons.psd,13/btn_icon_folder,Assets/AllResources/淘宝ui素材/RuntimeSprites/FunctionIcons/UI_FunctionIcon_Folder.png,UI_FunctionIcon_Folder,False,104,104,"0,0,0,0",57944888693b5b316a6424b29962551b7a20e84edb1510fc09ce6f55912e81f2
UI_FunctionIcon_Friend,功能图标：图标 / Friend,FunctionIcons,Simple,FunctionIcons.psd,5/btn_icon_friend,Assets/AllResources/淘宝ui素材/RuntimeSprites/FunctionIcons/UI_FunctionIcon_Friend.png,UI_FunctionIcon_Friend,False,104,104,"0,0,0,0",47d2a323cfaba59fffed4730389144e71fe5e5dfe7d2ac3bbf7d9026a6a87b60
UI_FunctionIcon_Game,功能图标：图标 / Game,FunctionIcons,Simple,FunctionIcons.psd,6/btn_icon_game,Assets/AllResources/淘宝ui素材/RuntimeSprites/FunctionIcons/UI_FunctionIcon_Game.png,UI_FunctionIcon_Game,False,104,104,"0,0,0,0",6cd107345a7a6b47c4bb0e19079f1e16ad63a8ecc09e8845076c4586dc7c7f86
UI_FunctionIcon_GestureTap,功能图标：图标 / Gesture / Tap,FunctionIcons,Simple,FunctionIcons.psd,14/btn_icon_gesture_tap,Assets/AllResources/淘宝ui素材/RuntimeSprites/FunctionIcons/UI_FunctionIcon_GestureTap.png,UI_FunctionIcon_GestureTap,False,104,104,"0,0,0,0",431fa36d51da8a9b8ce8c1ff227be1ee58fdbb32265cee09eec1220f9455635a
UI_FunctionIcon_Gift,功能图标：图标 / Gift,FunctionIcons,Simple,FunctionIcons.psd,4/btn_icon_gift,Assets/AllResources/淘宝ui素材/RuntimeSprites/FunctionIcons/UI_FunctionIcon_Gift.png,UI_FunctionIcon_Gift,False,104,104,"0,0,0,0",3ab586faf83e0f515f96dd5017d178dae498865a8f5a62c9eed65663ef968ddc
UI_FunctionIcon_Globe,功能图标：图标 / Globe,FunctionIcons,Simple,FunctionIcons.psd,13/btn_icon_globe,Assets/AllResources/淘宝ui素材/RuntimeSprites/FunctionIcons/UI_FunctionIcon_Globe.png,UI_FunctionIcon_Globe,False,104,104,"0,0,0,0",0abe5275481d351e9f22d5ccbaccb3176088a2e88c7dfe913f157a2e30146e7a
UI_FunctionIcon_Glove,功能图标：图标 / Glove,FunctionIcons,Simple,FunctionIcons.psd,1/btn_icon_glove,Assets/AllResources/淘宝ui素材/RuntimeSprites/FunctionIcons/UI_FunctionIcon_Glove.png,UI_FunctionIcon_Glove,False,104,104,"0,0,0,0",619f7601e7e5b369eafa62138bcd5302de7daadad18db7d73cf1d10b4c9ae9c9
UI_FunctionIcon_Goal,功能图标：图标 / Goal,FunctionIcons,Simple,FunctionIcons.psd,4/btn_icon_goal,Assets/AllResources/淘宝ui素材/RuntimeSprites/FunctionIcons/UI_FunctionIcon_Goal.png,UI_FunctionIcon_Goal,False,104,104,"0,0,0,0",f971f6fcc014d34cbb9a0208ca863c7c464b4379620298f7c133dc4f0ee86ab5
UI_FunctionIcon_Google,功能图标：图标 / Google,FunctionIcons,Simple,FunctionIcons.psd,17/btn_icon_google,Assets/AllResources/淘宝ui素材/RuntimeSprites/FunctionIcons/UI_FunctionIcon_Google.png,UI_FunctionIcon_Google,False,104,104,"0,0,0,0",0b004d056aa1c8ed02bd8697a918e7049c5361e7a47336df037b81a1f72cb581
UI_FunctionIcon_Graph,功能图标：图标 / Graph,FunctionIcons,Simple,FunctionIcons.psd,10/btn_icon_graph,Assets/AllResources/淘宝ui素材/RuntimeSprites/FunctionIcons/UI_FunctionIcon_Graph.png,UI_FunctionIcon_Graph,False,104,104,"0,0,0,0",ad24324c67f601dd135002d018bb78d4b8a6f0059d963d611946e5b4fc1b9ff8
UI_FunctionIcon_Guage,功能图标：图标 / Guage,FunctionIcons,Simple,FunctionIcons.psd,17/btn_icon_guage,Assets/AllResources/淘宝ui素材/RuntimeSprites/FunctionIcons/UI_FunctionIcon_Guage.png,UI_FunctionIcon_Guage,False,104,104,"0,0,0,0",f48d339eea4abec9f33ea5839a4189f2988a46fbb8944978ad2136fa2eb43715
UI_FunctionIcon_Halberd,功能图标：图标 / Halberd,FunctionIcons,Simple,FunctionIcons.psd,1/btn_icon_halberd,Assets/AllResources/淘宝ui素材/RuntimeSprites/FunctionIcons/UI_FunctionIcon_Halberd.png,UI_FunctionIcon_Halberd,False,104,104,"0,0,0,0",7d8a2d99ceeeaa3bdcd84d65786eb744f642d011d0cda095f05fc64fe3616be8
UI_FunctionIcon_Halloween,功能图标：图标 / Halloween,FunctionIcons,Simple,FunctionIcons.psd,7/btn_icon_halloween,Assets/AllResources/淘宝ui素材/RuntimeSprites/FunctionIcons/UI_FunctionIcon_Halloween.png,UI_FunctionIcon_Halloween,False,104,104,"0,0,0,0",74cecc2eedede7ed596170b00c950d4f40f5bff7e16123cd06e28cb7c80361e2
UI_FunctionIcon_Hammer,功能图标：图标 / Hammer,FunctionIcons,Simple,FunctionIcons.psd,1/btn_icon_hammer,Assets/AllResources/淘宝ui素材/RuntimeSprites/FunctionIcons/UI_FunctionIcon_Hammer.png,UI_FunctionIcon_Hammer,False,104,104,"0,0,0,0",c7af281517dd4a1fd31634213ace3ee5f74070d92d8d74223d96173cc8a1191f
UI_FunctionIcon_Hashtag,功能图标：图标 / Hashtag,FunctionIcons,Simple,FunctionIcons.psd,18/btn_icon_hashtag,Assets/AllResources/淘宝ui素材/RuntimeSprites/FunctionIcons/UI_FunctionIcon_Hashtag.png,UI_FunctionIcon_Hashtag,False,104,104,"0,0,0,0",b179fe412c319bf9d48b4665a9c1e31e391d483982abe3ce3ed03600e9987b3f
UI_FunctionIcon_Hat,功能图标：图标 / Hat,FunctionIcons,Simple,FunctionIcons.psd,4/btn_icon_hat,Assets/AllResources/淘宝ui素材/RuntimeSprites/FunctionIcons/UI_FunctionIcon_Hat.png,UI_FunctionIcon_Hat,False,104,104,"0,0,0,0",8167c88158aee433a51c1d16a497aedff3d05b050b2c341d926d852badc46d1d
UI_FunctionIcon_Headset,功能图标：图标 / Headset,FunctionIcons,Simple,FunctionIcons.psd,6/btn_icon_headset,Assets/AllResources/淘宝ui素材/RuntimeSprites/FunctionIcons/UI_FunctionIcon_Headset.png,UI_FunctionIcon_Headset,False,104,104,"0,0,0,0",7396b15184652fed034eb57c840227180cb60bb58f923e83329fa2f118fe6499
UI_FunctionIcon_Heart,功能图标：图标 / Heart,FunctionIcons,Simple,FunctionIcons.psd,7/btn_icon_heart,Assets/AllResources/淘宝ui素材/RuntimeSprites/FunctionIcons/UI_FunctionIcon_Heart.png,UI_FunctionIcon_Heart,False,104,104,"0,0,0,0",2ce994ccb8cffb56e7e93625aae8609d828782ff5f98a4e0a1d7364d25dba685
UI_FunctionIcon_Helmet1,功能图标：图标 / Helmet1,FunctionIcons,Simple,FunctionIcons.psd,1/btn_icon_helmet_1,Assets/AllResources/淘宝ui素材/RuntimeSprites/FunctionIcons/UI_FunctionIcon_Helmet1.png,UI_FunctionIcon_Helmet1,False,104,104,"0,0,0,0",d4aa2dee968a3b14fa0b89093be41072f2db54c7e6077a9a8902384413f54e1f
UI_FunctionIcon_Helmet2,功能图标：图标 / Helmet2,FunctionIcons,Simple,FunctionIcons.psd,1/btn_icon_helmet_2,Assets/AllResources/淘宝ui素材/RuntimeSprites/FunctionIcons/UI_FunctionIcon_Helmet2.png,UI_FunctionIcon_Helmet2,False,104,104,"0,0,0,0",e981d3e8d513fe404e6de5dcf234a21d5cf0d50b1131c37c5ad2c71a3d213809
UI_FunctionIcon_Help,功能图标：图标 / Help,FunctionIcons,Simple,FunctionIcons.psd,13/btn_icon_help,Assets/AllResources/淘宝ui素材/RuntimeSprites/FunctionIcons/UI_FunctionIcon_Help.png,UI_FunctionIcon_Help,False,104,104,"0,0,0,0",c15525fb11718a9e9b2d4b7205617acb9ecb9f03be0431fe55631f14f520bbe3
UI_FunctionIcon_History,功能图标：图标 / History,FunctionIcons,Simple,FunctionIcons.psd,7/btn_icon_history,Assets/AllResources/淘宝ui素材/RuntimeSprites/FunctionIcons/UI_FunctionIcon_History.png,UI_FunctionIcon_History,False,104,104,"0,0,0,0",be3aa302007f6ee5289aa50a34d99c44230e603a9b961034520b5739cc594118
UI_FunctionIcon_Home1,功能图标：图标 / Home1,FunctionIcons,Simple,FunctionIcons.psd,5/btn_icon_home_1,Assets/AllResources/淘宝ui素材/RuntimeSprites/FunctionIcons/UI_FunctionIcon_Home1.png,UI_FunctionIcon_Home1,False,104,104,"0,0,0,0",d6840543c68176de38266ce77dea7c441dba2657294a7598a6fc5b9bdb815f77
UI_FunctionIcon_Home2,功能图标：图标 / Home2,FunctionIcons,Simple,FunctionIcons.psd,5/btn_icon_home_2,Assets/AllResources/淘宝ui素材/RuntimeSprites/FunctionIcons/UI_FunctionIcon_Home2.png,UI_FunctionIcon_Home2,False,104,104,"0,0,0,0",70da4a45523db4415d70d82e5ae8f32385fa70aee397b4a97ae38efbdb124430
UI_FunctionIcon_Home3,功能图标：图标 / Home3,FunctionIcons,Simple,FunctionIcons.psd,5/btn_icon_home_3,Assets/AllResources/淘宝ui素材/RuntimeSprites/FunctionIcons/UI_FunctionIcon_Home3.png,UI_FunctionIcon_Home3,False,104,104,"0,0,0,0",64c72ce9aac9f155d3e06fd840c738a8bf373935872f5bbe5893f6cb3e8abd23
UI_FunctionIcon_Horseshoes,功能图标：图标 / Horseshoes,FunctionIcons,Simple,FunctionIcons.psd,7/btn_icon_horseshoes,Assets/AllResources/淘宝ui素材/RuntimeSprites/FunctionIcons/UI_FunctionIcon_Horseshoes.png,UI_FunctionIcon_Horseshoes,False,104,104,"0,0,0,0",965646e3c54e3edfea381bc3f9deeb545873230bd50384dfc793c468cd2ae3f8
UI_FunctionIcon_Horuglass,功能图标：图标 / Horuglass,FunctionIcons,Simple,FunctionIcons.psd,3/btn_icon_horuglass,Assets/AllResources/淘宝ui素材/RuntimeSprites/FunctionIcons/UI_FunctionIcon_Horuglass.png,UI_FunctionIcon_Horuglass,False,104,104,"0,0,0,0",d457be892a048fc6f971fb2a0037566912a979b959441332ab02f36540f35928
UI_FunctionIcon_Human,功能图标：图标 / Human,FunctionIcons,Simple,FunctionIcons.psd,17/btn_icon_human,Assets/AllResources/淘宝ui素材/RuntimeSprites/FunctionIcons/UI_FunctionIcon_Human.png,UI_FunctionIcon_Human,False,104,104,"0,0,0,0",f1abdffe81be0f679b773dd70d1ab792fc5c34ffb966050e12be5e65ba051d1d
UI_FunctionIcon_Infinity,功能图标：图标 / Infinity,FunctionIcons,Simple,FunctionIcons.psd,10/btn_icon_infinity,Assets/AllResources/淘宝ui素材/RuntimeSprites/FunctionIcons/UI_FunctionIcon_Infinity.png,UI_FunctionIcon_Infinity,False,104,104,"0,0,0,0",492e88139212a015e3eecf418d8821763dd86acfb440cbb698bf4f2001f714d9
UI_FunctionIcon_Info,功能图标：图标 / Info,FunctionIcons,Simple,FunctionIcons.psd,14/btn_icon_info,Assets/AllResources/淘宝ui素材/RuntimeSprites/FunctionIcons/UI_FunctionIcon_Info.png,UI_FunctionIcon_Info,False,104,104,"0,0,0,0",9f5a7ad1a4d1d15fee2e55118460607fdfc29144158e2ad056de72b51e8bf5a7
UI_FunctionIcon_Inkpen,功能图标：图标 / Inkpen,FunctionIcons,Simple,FunctionIcons.psd,9/btn_icon_inkpen,Assets/AllResources/淘宝ui素材/RuntimeSprites/FunctionIcons/UI_FunctionIcon_Inkpen.png,UI_FunctionIcon_Inkpen,False,104,104,"0,0,0,0",6ac4c1e427f766104c6ef7b45ef6013bc56a3d72c862e4c4a1353173f01d764a
UI_FunctionIcon_InternetConnect,功能图标：图标 / Internet / Connect,FunctionIcons,Simple,FunctionIcons.psd,12/btn_icon_internet_connect,Assets/AllResources/淘宝ui素材/RuntimeSprites/FunctionIcons/UI_FunctionIcon_InternetConnect.png,UI_FunctionIcon_InternetConnect,False,104,104,"0,0,0,0",59e20c225734ef5f02bf3cb24195e11df6d8ec74f8c54965aaec0fe0e9032b22
UI_FunctionIcon_InternetDisconnect,功能图标：图标 / Internet / Disconnect,FunctionIcons,Simple,FunctionIcons.psd,12/btn_icon_internet_disconnect,Assets/AllResources/淘宝ui素材/RuntimeSprites/FunctionIcons/UI_FunctionIcon_InternetDisconnect.png,UI_FunctionIcon_InternetDisconnect,False,104,104,"0,0,0,0",d84f799fbc79b57e438363a0ed88432d9d511ba1126969841c7624bd6a456089
UI_FunctionIcon_Island,功能图标：图标 / Island,FunctionIcons,Simple,FunctionIcons.psd,4/btn_icon_island,Assets/AllResources/淘宝ui素材/RuntimeSprites/FunctionIcons/UI_FunctionIcon_Island.png,UI_FunctionIcon_Island,False,104,104,"0,0,0,0",ed8ad7dc78bada1be112b954a9e940cd8c2f926152e9caa365c80753811acd8d
UI_FunctionIcon_Jump,功能图标：图标 / Jump,FunctionIcons,Simple,FunctionIcons.psd,15/btn_icon_jump,Assets/AllResources/淘宝ui素材/RuntimeSprites/FunctionIcons/UI_FunctionIcon_Jump.png,UI_FunctionIcon_Jump,False,104,104,"0,0,0,0",4dc69972ca8a275e2c7f410cf5efad50a3cb2755cad5f86cd600541ba64cff97
UI_FunctionIcon_Key,功能图标：图标 / Key,FunctionIcons,Simple,FunctionIcons.psd,2/btn_icon_key,Assets/AllResources/淘宝ui素材/RuntimeSprites/FunctionIcons/UI_FunctionIcon_Key.png,UI_FunctionIcon_Key,False,104,104,"0,0,0,0",91479f0850001778cb5efcd4f44e52ce14102f245eff5920af19b182bee721c6
UI_FunctionIcon_Keyboard,功能图标：图标 / Keyboard,FunctionIcons,Simple,FunctionIcons.psd,13/btn_icon_keyboard,Assets/AllResources/淘宝ui素材/RuntimeSprites/FunctionIcons/UI_FunctionIcon_Keyboard.png,UI_FunctionIcon_Keyboard,False,104,104,"0,0,0,0",373c6605a32df901e30fc2e1fa41ae94856f1e91de12e2b1330bb167c5638719
UI_FunctionIcon_Knight,功能图标：图标 / Knight,FunctionIcons,Simple,FunctionIcons.psd,3/btn_icon_knight,Assets/AllResources/淘宝ui素材/RuntimeSprites/FunctionIcons/UI_FunctionIcon_Knight.png,UI_FunctionIcon_Knight,False,104,104,"0,0,0,0",0923a0b24e45023e68df654389c89579d8cdacac907bc3930504a7761e79612a
UI_FunctionIcon_Layer1,功能图标：图标 / Layer1,FunctionIcons,Simple,FunctionIcons.psd,17/btn_icon_layer_1,Assets/AllResources/淘宝ui素材/RuntimeSprites/FunctionIcons/UI_FunctionIcon_Layer1.png,UI_FunctionIcon_Layer1,False,104,104,"0,0,0,0",553be83ebd40708e217c52acc00fe3da268748379e50c68299f80bb36e176290
UI_FunctionIcon_Layer2,功能图标：图标 / Layer2,FunctionIcons,Simple,FunctionIcons.psd,17/btn_icon_layer_2,Assets/AllResources/淘宝ui素材/RuntimeSprites/FunctionIcons/UI_FunctionIcon_Layer2.png,UI_FunctionIcon_Layer2,False,104,104,"0,0,0,0",b850a89ec0c47d6a25196277a30c9f6f61a6148f972236a8c12073081b644444
UI_FunctionIcon_Layout,功能图标：图标 / Layout,FunctionIcons,Simple,FunctionIcons.psd,9/btn_icon_layout,Assets/AllResources/淘宝ui素材/RuntimeSprites/FunctionIcons/UI_FunctionIcon_Layout.png,UI_FunctionIcon_Layout,False,104,104,"0,0,0,0",87cb1def0ff53ddfd6709b2071bee1a8287981921c372a0348f227fbbb8bfc56
UI_FunctionIcon_Leaderboard,功能图标：图标 / Leaderboard,FunctionIcons,Simple,FunctionIcons.psd,11/btn_icon_leaderboard,Assets/AllResources/淘宝ui素材/RuntimeSprites/FunctionIcons/UI_FunctionIcon_Leaderboard.png,UI_FunctionIcon_Leaderboard,False,104,104,"0,0,0,0",5be20300a3bf6bcb4d14169ffab8a4073e468e0be77c07fd04e21b85abbfc41f
UI_FunctionIcon_Leaf,功能图标：图标 / Leaf,FunctionIcons,Simple,FunctionIcons.psd,2/btn_icon_leaf,Assets/AllResources/淘宝ui素材/RuntimeSprites/FunctionIcons/UI_FunctionIcon_Leaf.png,UI_FunctionIcon_Leaf,False,104,104,"0,0,0,0",18bba1d6437ca95b5000fec291bc5222773dd03353eeeadd548259c9841d81a2
UI_FunctionIcon_Library,功能图标：图标 / Library,FunctionIcons,Simple,FunctionIcons.psd,4/btn_icon_library,Assets/AllResources/淘宝ui素材/RuntimeSprites/FunctionIcons/UI_FunctionIcon_Library.png,UI_FunctionIcon_Library,False,104,104,"0,0,0,0",f645b0357ef5b8dd726bcc6c5834e3c27a6d6c5ddeb252691bb9d571c0cd3f87
UI_FunctionIcon_Life,功能图标：图标 / Life,FunctionIcons,Simple,FunctionIcons.psd,5/btn_icon_life,Assets/AllResources/淘宝ui素材/RuntimeSprites/FunctionIcons/UI_FunctionIcon_Life.png,UI_FunctionIcon_Life,False,104,104,"0,0,0,0",658458ab543b0e09c1bbd7cbad847cc2f57b21c0518aa79f8cab1ab75a0ea7f4
UI_FunctionIcon_LifeBreak,功能图标：图标 / Life / Break,FunctionIcons,Simple,FunctionIcons.psd,5/btn_icon_life_break,Assets/AllResources/淘宝ui素材/RuntimeSprites/FunctionIcons/UI_FunctionIcon_LifeBreak.png,UI_FunctionIcon_LifeBreak,False,104,104,"0,0,0,0",b30265e9ab0ab98f86627c33cdbc45badf944fc7166f17d9f9346a06bf2da456
UI_FunctionIcon_LifeEmpty,功能图标：图标 / Life / Empty,FunctionIcons,Simple,FunctionIcons.psd,5/btn_icon_life_empty,Assets/AllResources/淘宝ui素材/RuntimeSprites/FunctionIcons/UI_FunctionIcon_LifeEmpty.png,UI_FunctionIcon_LifeEmpty,False,104,104,"0,0,0,0",050a3e8c4814c222ee9a2dfd301736352c7f6a102bda7499567b441b3986b2e8
UI_FunctionIcon_Like1,功能图标：图标 / Like1,FunctionIcons,Simple,FunctionIcons.psd,14/btn_icon_like_1,Assets/AllResources/淘宝ui素材/RuntimeSprites/FunctionIcons/UI_FunctionIcon_Like1.png,UI_FunctionIcon_Like1,False,104,104,"0,0,0,0",d3f17436419c97d7953c96fe988a477713ba8fc2b10c3785304651476e6782a7
UI_FunctionIcon_Like2,功能图标：图标 / Like2,FunctionIcons,Simple,FunctionIcons.psd,14/btn_icon_like_2,Assets/AllResources/淘宝ui素材/RuntimeSprites/FunctionIcons/UI_FunctionIcon_Like2.png,UI_FunctionIcon_Like2,False,104,104,"0,0,0,0",ddb9a909f0a6cb87b27d0e8bd7a90a0439e3d2da2a5fa258c1c477095c9ca0d1
UI_FunctionIcon_Link,功能图标：图标 / Link,FunctionIcons,Simple,FunctionIcons.psd,14/btn_icon_link,Assets/AllResources/淘宝ui素材/RuntimeSprites/FunctionIcons/UI_FunctionIcon_Link.png,UI_FunctionIcon_Link,False,104,104,"0,0,0,0",84bfe83eb41ea3914c9d2b28a2f069ac28a7fc2fd3b769360f3d85f6fe05f919
UI_FunctionIcon_List1,功能图标：图标 / List1,FunctionIcons,Simple,FunctionIcons.psd,9/btn_icon_list_1,Assets/AllResources/淘宝ui素材/RuntimeSprites/FunctionIcons/UI_FunctionIcon_List1.png,UI_FunctionIcon_List1,False,104,104,"0,0,0,0",79fe7b3d240564461132b5fd875da5b8a74b294855206a243d5e978512390000
UI_FunctionIcon_List2,功能图标：图标 / List2,FunctionIcons,Simple,FunctionIcons.psd,9/btn_icon_list_2,Assets/AllResources/淘宝ui素材/RuntimeSprites/FunctionIcons/UI_FunctionIcon_List2.png,UI_FunctionIcon_List2,False,104,104,"0,0,0,0",4bb7fb37030116d199a7f514df93b00bafe7e48cf6be421a73f9cf6677419682
UI_FunctionIcon_ListActivity,功能图标：图标 / List / Activity,FunctionIcons,Simple,FunctionIcons.psd,15/btn_icon_list_activity,Assets/AllResources/淘宝ui素材/RuntimeSprites/FunctionIcons/UI_FunctionIcon_ListActivity.png,UI_FunctionIcon_ListActivity,False,104,104,"0,0,0,0",719afd743e423f07e3fe8be3b0eaf83dcbb24fef8bbeb823443bc65e60837a94
UI_FunctionIcon_Location1,功能图标：图标 / Location1,FunctionIcons,Simple,FunctionIcons.psd,8/btn_icon_location_1,Assets/AllResources/淘宝ui素材/RuntimeSprites/FunctionIcons/UI_FunctionIcon_Location1.png,UI_FunctionIcon_Location1,False,104,104,"0,0,0,0",18112ccce6c74237b9d01e71c92518d65eb61b7bc79062e4a510b9a11fe0d920
UI_FunctionIcon_Location2,功能图标：图标 / Location2,FunctionIcons,Simple,FunctionIcons.psd,8/btn_icon_location_2,Assets/AllResources/淘宝ui素材/RuntimeSprites/FunctionIcons/UI_FunctionIcon_Location2.png,UI_FunctionIcon_Location2,False,104,104,"0,0,0,0",2d54e93774c111b2d80586c95bf183655bcbbe409106f14a83e3e7b69a2133fd
UI_FunctionIcon_Lock1,功能图标：图标 / Lock1,FunctionIcons,Simple,FunctionIcons.psd,5/btn_icon_lock_1,Assets/AllResources/淘宝ui素材/RuntimeSprites/FunctionIcons/UI_FunctionIcon_Lock1.png,UI_FunctionIcon_Lock1,False,104,104,"0,0,0,0",7f0d677f68cec074b729e688d6fd66fc7194367380c46f60fd0f8e7abec6dc80
UI_FunctionIcon_Lock2,功能图标：图标 / Lock2,FunctionIcons,Simple,FunctionIcons.psd,5/btn_icon_lock_2,Assets/AllResources/淘宝ui素材/RuntimeSprites/FunctionIcons/UI_FunctionIcon_Lock2.png,UI_FunctionIcon_Lock2,False,104,104,"0,0,0,0",5e8ead0e287c5a7c79fbe6101071d55a890ce7fcba791f01a26db97da884b915
UI_FunctionIcon_Lucky,功能图标：图标 / Lucky,FunctionIcons,Simple,FunctionIcons.psd,3/btn_icon_lucky,Assets/AllResources/淘宝ui素材/RuntimeSprites/FunctionIcons/UI_FunctionIcon_Lucky.png,UI_FunctionIcon_Lucky,False,104,104,"0,0,0,0",02552f1e08e477f236bf6b3d34812ad628c2d07e30755667d1845f74b7bdcf37
UI_FunctionIcon_Magic,功能图标：图标 / Magic,FunctionIcons,Simple,FunctionIcons.psd,3/btn_icon_magic,Assets/AllResources/淘宝ui素材/RuntimeSprites/FunctionIcons/UI_FunctionIcon_Magic.png,UI_FunctionIcon_Magic,False,104,104,"0,0,0,0",de75d8afb8acd280a061313825312d11c0768cffcf1f41c7317c9bd626090a4a
UI_FunctionIcon_Magicball,功能图标：图标 / Magicball,FunctionIcons,Simple,FunctionIcons.psd,7/btn_icon_magicball,Assets/AllResources/淘宝ui素材/RuntimeSprites/FunctionIcons/UI_FunctionIcon_Magicball.png,UI_FunctionIcon_Magicball,False,104,104,"0,0,0,0",cc204a5bb6c3e95f03085847f366850cc464eae98319d0ca6b3a47029a43388e
UI_FunctionIcon_Magnetic,功能图标：图标 / Magnetic,FunctionIcons,Simple,FunctionIcons.psd,10/btn_icon_magnetic,Assets/AllResources/淘宝ui素材/RuntimeSprites/FunctionIcons/UI_FunctionIcon_Magnetic.png,UI_FunctionIcon_Magnetic,False,104,104,"0,0,0,0",8a6a4221e8b652ff23430d53443f7bf83af944b7e5326645a28719c2761fcfc9
UI_FunctionIcon_Mail,功能图标：图标 / Mail,FunctionIcons,Simple,FunctionIcons.psd,5/btn_icon_mail,Assets/AllResources/淘宝ui素材/RuntimeSprites/FunctionIcons/UI_FunctionIcon_Mail.png,UI_FunctionIcon_Mail,False,104,104,"0,0,0,0",36feae1cc7ac9d476e8b1c7adb83b84caca5431c0fe9bd7da576075a1854698e
UI_FunctionIcon_MailRead,功能图标：图标 / Mail / Read,FunctionIcons,Simple,FunctionIcons.psd,5/btn_icon_mail_read,Assets/AllResources/淘宝ui素材/RuntimeSprites/FunctionIcons/UI_FunctionIcon_MailRead.png,UI_FunctionIcon_MailRead,False,104,104,"0,0,0,0",b83636b0dd44b27a14061650da986638a090ed1904d16de0ec5758174ce02fc7
UI_FunctionIcon_Male,功能图标：图标 / Male,FunctionIcons,Simple,FunctionIcons.psd,11/btn_icon_male,Assets/AllResources/淘宝ui素材/RuntimeSprites/FunctionIcons/UI_FunctionIcon_Male.png,UI_FunctionIcon_Male,False,104,104,"0,0,0,0",081bd7bc9f6722d8940e5e3860ce5b6db5254f8f0d47da779f4fe9908c1935ef
UI_FunctionIcon_Map,功能图标：图标 / Map,FunctionIcons,Simple,FunctionIcons.psd,8/btn_icon_map,Assets/AllResources/淘宝ui素材/RuntimeSprites/FunctionIcons/UI_FunctionIcon_Map.png,UI_FunctionIcon_Map,False,104,104,"0,0,0,0",a3687f69af7c26c28e94aec30ca894a93658c2689a18187fc661e74a1f6859b4
UI_FunctionIcon_MapPin,功能图标：图标 / Map / Pin,FunctionIcons,Simple,FunctionIcons.psd,8/btn_icon_map_pin,Assets/AllResources/淘宝ui素材/RuntimeSprites/FunctionIcons/UI_FunctionIcon_MapPin.png,UI_FunctionIcon_MapPin,False,104,104,"0,0,0,0",0d197c2f857758d99be47ebec685dca4794f452901d3b521a233071c7aebcc4c
UI_FunctionIcon_MarkAdd,功能图标：图标 / Mark / 增加,FunctionIcons,Simple,FunctionIcons.psd,14/btn_icon_mark_add,Assets/AllResources/淘宝ui素材/RuntimeSprites/FunctionIcons/UI_FunctionIcon_MarkAdd.png,UI_FunctionIcon_MarkAdd,False,104,104,"0,0,0,0",c3e3c29b2cf4066ab0423992253762de692f79911e37cc7865fb6e9555439e81
UI_FunctionIcon_MarketAppstore,功能图标：图标 / Market / Appstore,FunctionIcons,Simple,FunctionIcons.psd,17/btn_icon_market_appstore,Assets/AllResources/淘宝ui素材/RuntimeSprites/FunctionIcons/UI_FunctionIcon_MarketAppstore.png,UI_FunctionIcon_MarketAppstore,False,104,104,"0,0,0,0",70dd1ecd82e9810ec4f1b309d5236890845e28f0dbef9133649807175d930e4b
UI_FunctionIcon_MarketGoogleplay,功能图标：图标 / Market / Googleplay,FunctionIcons,Simple,FunctionIcons.psd,17/btn_icon_market_googleplay,Assets/AllResources/淘宝ui素材/RuntimeSprites/FunctionIcons/UI_FunctionIcon_MarketGoogleplay.png,UI_FunctionIcon_MarketGoogleplay,False,104,104,"0,0,0,0",9bc9711d172ddba9fa551d9b7a2f41fad1d5f2201f6b73920ee5ba694e5c6e7e
UI_FunctionIcon_MarkExclamation,功能图标：图标 / Mark / Exclamation,FunctionIcons,Simple,FunctionIcons.psd,14/btn_icon_mark_exclamation,Assets/AllResources/淘宝ui素材/RuntimeSprites/FunctionIcons/UI_FunctionIcon_MarkExclamation.png,UI_FunctionIcon_MarkExclamation,False,104,104,"0,0,0,0",f38ca6845729483759d43e2c3cdf9fb1583014bc36b39ce26a718d3cbcdc771d
UI_FunctionIcon_MarkInfo,功能图标：图标 / Mark / Info,FunctionIcons,Simple,FunctionIcons.psd,14/btn_icon_mark_info,Assets/AllResources/淘宝ui素材/RuntimeSprites/FunctionIcons/UI_FunctionIcon_MarkInfo.png,UI_FunctionIcon_MarkInfo,False,104,104,"0,0,0,0",2b4b149e5224654e42c2419ed36bf5c04376ed0ca6663f5daaee0504391c00c7
UI_FunctionIcon_MarkQuestion,功能图标：图标 / Mark / Question,FunctionIcons,Simple,FunctionIcons.psd,14/btn_icon_mark_question,Assets/AllResources/淘宝ui素材/RuntimeSprites/FunctionIcons/UI_FunctionIcon_MarkQuestion.png,UI_FunctionIcon_MarkQuestion,False,104,104,"0,0,0,0",a55577c29754a14b876aac5a2aa38dd877c7acd5a56e022c510979896504daae
UI_FunctionIcon_MarkRemove,功能图标：图标 / Mark / Remove,FunctionIcons,Simple,FunctionIcons.psd,14/btn_icon_mark_remove,Assets/AllResources/淘宝ui素材/RuntimeSprites/FunctionIcons/UI_FunctionIcon_MarkRemove.png,UI_FunctionIcon_MarkRemove,False,104,104,"0,0,0,0",8694b5829b966919393f2e5336bf75df55409c4c57cf72f7a2c606b2c23a7f5b
UI_FunctionIcon_Medal,功能图标：图标 / Medal,FunctionIcons,Simple,FunctionIcons.psd,11/btn_icon_medal,Assets/AllResources/淘宝ui素材/RuntimeSprites/FunctionIcons/UI_FunctionIcon_Medal.png,UI_FunctionIcon_Medal,False,104,104,"0,0,0,0",05f83947738a4d8f078b52100a656a04f231f4319f93181cd3bba1f305c55563
UI_FunctionIcon_Megaphone,功能图标：图标 / Megaphone,FunctionIcons,Simple,FunctionIcons.psd,18/btn_icon_megaphone,Assets/AllResources/淘宝ui素材/RuntimeSprites/FunctionIcons/UI_FunctionIcon_Megaphone.png,UI_FunctionIcon_Megaphone,False,104,104,"0,0,0,0",24efdd46405b72cc43b4a889ec5211f275d9c0b0960fd06e07149fcc28a59ce9
UI_FunctionIcon_Menu1,功能图标：图标 / Menu1,FunctionIcons,Simple,FunctionIcons.psd,9/btn_icon_menu_1,Assets/AllResources/淘宝ui素材/RuntimeSprites/FunctionIcons/UI_FunctionIcon_Menu1.png,UI_FunctionIcon_Menu1,False,104,104,"0,0,0,0",fa33f97f7430f2d4019d069905a3184ebe12e06d512a11824eafba172cbae826
UI_FunctionIcon_Menu2,功能图标：图标 / Menu2,FunctionIcons,Simple,FunctionIcons.psd,9/btn_icon_menu_2,Assets/AllResources/淘宝ui素材/RuntimeSprites/FunctionIcons/UI_FunctionIcon_Menu2.png,UI_FunctionIcon_Menu2,False,104,104,"0,0,0,0",62be949e922c69c0e4f823b955b64698ce362eaee9b10414ec7bf72b41d0d2a4
UI_FunctionIcon_Mic,功能图标：图标 / Mic,FunctionIcons,Simple,FunctionIcons.psd,12/btn_icon_mic,Assets/AllResources/淘宝ui素材/RuntimeSprites/FunctionIcons/UI_FunctionIcon_Mic.png,UI_FunctionIcon_Mic,False,104,104,"0,0,0,0",e4e1214c079078d110286fa085efabef7d9bdcf6496c6705b7c3d7a66825e34d
UI_FunctionIcon_MicMute,功能图标：图标 / Mic / Mute,FunctionIcons,Simple,FunctionIcons.psd,12/btn_icon_mic_mute,Assets/AllResources/淘宝ui素材/RuntimeSprites/FunctionIcons/UI_FunctionIcon_MicMute.png,UI_FunctionIcon_MicMute,False,104,104,"0,0,0,0",8a4da0a5d8389df65d0d84c42db6cce9c817d17cf693e43629b83bc0d562e20e
UI_FunctionIcon_Minus,功能图标：图标 / Minus,FunctionIcons,Simple,FunctionIcons.psd,16/btn_icon_minus,Assets/AllResources/淘宝ui素材/RuntimeSprites/FunctionIcons/UI_FunctionIcon_Minus.png,UI_FunctionIcon_Minus,False,104,104,"0,0,0,0",8213798ff7798474c38b5477fc9d846b82d7cd3ecf65cfd8423fea3179c1cad8
UI_FunctionIcon_Mobile,功能图标：图标 / Mobile,FunctionIcons,Simple,FunctionIcons.psd,13/btn_icon_mobile,Assets/AllResources/淘宝ui素材/RuntimeSprites/FunctionIcons/UI_FunctionIcon_Mobile.png,UI_FunctionIcon_Mobile,False,104,104,"0,0,0,0",16abc76efd5496452a12c1d3edd3d2f6a9a088d03b03b45d30af00d71345be15
UI_FunctionIcon_MobileVibration,功能图标：图标 / Mobile / Vibration,FunctionIcons,Simple,FunctionIcons.psd,13/btn_icon_mobile_vibration,Assets/AllResources/淘宝ui素材/RuntimeSprites/FunctionIcons/UI_FunctionIcon_MobileVibration.png,UI_FunctionIcon_MobileVibration,False,104,104,"0,0,0,0",690f10975efb08ee8c49f8be1ab2eccf197495b5767a6e31ad50cec723859746
UI_FunctionIcon_ModeMax,功能图标：图标 / Mode / Max,FunctionIcons,Simple,FunctionIcons.psd,15/btn_icon_mode_max,Assets/AllResources/淘宝ui素材/RuntimeSprites/FunctionIcons/UI_FunctionIcon_ModeMax.png,UI_FunctionIcon_ModeMax,False,104,104,"0,0,0,0",90cf2dd0c6178b1b3af807815a36f804cf17c7c8b4bb1c3de08ec8bc868891cd
UI_FunctionIcon_ModeMin,功能图标：图标 / Mode / Min,FunctionIcons,Simple,FunctionIcons.psd,15/btn_icon_mode_min,Assets/AllResources/淘宝ui素材/RuntimeSprites/FunctionIcons/UI_FunctionIcon_ModeMin.png,UI_FunctionIcon_ModeMin,False,104,104,"0,0,0,0",c1c00d1c2e1ed19fe9ecd410f843ce4718a338e07aafebedbc4243c1e0824372
UI_FunctionIcon_Money,功能图标：图标 / Money,FunctionIcons,Simple,FunctionIcons.psd,8/btn_icon_money,Assets/AllResources/淘宝ui素材/RuntimeSprites/FunctionIcons/UI_FunctionIcon_Money.png,UI_FunctionIcon_Money,False,104,104,"0,0,0,0",4ea045bd0887d25bcef2fdeee7d28f4b722b8f3eaa2419de4e10d3c03a261f29
UI_FunctionIcon_Moneybag,功能图标：图标 / Moneybag,FunctionIcons,Simple,FunctionIcons.psd,8/btn_icon_moneybag,Assets/AllResources/淘宝ui素材/RuntimeSprites/FunctionIcons/UI_FunctionIcon_Moneybag.png,UI_FunctionIcon_Moneybag,False,104,104,"0,0,0,0",185675d3c287e9abfc91bcf6735b22f27e4fc838f5fdaafcc3ac6d7c739c24b3
UI_FunctionIcon_MoneybagDollar,功能图标：图标 / Moneybag / Dollar,FunctionIcons,Simple,FunctionIcons.psd,8/btn_icon_moneybag_dollar,Assets/AllResources/淘宝ui素材/RuntimeSprites/FunctionIcons/UI_FunctionIcon_MoneybagDollar.png,UI_FunctionIcon_MoneybagDollar,False,104,104,"0,0,0,0",815ba08f40caec5ea13bca412dff8d2d0c2947705c573cf8163296416e7201cf
UI_FunctionIcon_Moon,功能图标：图标 / Moon,FunctionIcons,Simple,FunctionIcons.psd,2/btn_icon_moon,Assets/AllResources/淘宝ui素材/RuntimeSprites/FunctionIcons/UI_FunctionIcon_Moon.png,UI_FunctionIcon_Moon,False,104,104,"0,0,0,0",78eb782bfa98e794b3dec528b6acb8fdcf17836c71c49d5e1024bf2e79daa977
UI_FunctionIcon_More,功能图标：图标 / More,FunctionIcons,Simple,FunctionIcons.psd,14/btn_icon_more,Assets/AllResources/淘宝ui素材/RuntimeSprites/FunctionIcons/UI_FunctionIcon_More.png,UI_FunctionIcon_More,False,104,104,"0,0,0,0",3bb7e25d5cadfbdbb6a1ed6f99b9a6fd6229bea226d936a9f43d97a4879f30cb
UI_FunctionIcon_Mountain,功能图标：图标 / Mountain,FunctionIcons,Simple,FunctionIcons.psd,4/btn_icon_mountain,Assets/AllResources/淘宝ui素材/RuntimeSprites/FunctionIcons/UI_FunctionIcon_Mountain.png,UI_FunctionIcon_Mountain,False,104,104,"0,0,0,0",8f4e12e5bfb625117607193e29b3ffa3b8cbd29064916f0d5e3ee113886ac601
UI_FunctionIcon_Movie,功能图标：图标 / Movie,FunctionIcons,Simple,FunctionIcons.psd,6/btn_icon_movie,Assets/AllResources/淘宝ui素材/RuntimeSprites/FunctionIcons/UI_FunctionIcon_Movie.png,UI_FunctionIcon_Movie,False,104,104,"0,0,0,0",f217ddf98fe1ee84133af2e1e67ea7230d9ba0d63801df200ce48220c06ff1d6
UI_FunctionIcon_Music,功能图标：图标 / Music,FunctionIcons,Simple,FunctionIcons.psd,12/btn_icon_music,Assets/AllResources/淘宝ui素材/RuntimeSprites/FunctionIcons/UI_FunctionIcon_Music.png,UI_FunctionIcon_Music,False,104,104,"0,0,0,0",02eac925f5ad2e54fac9945d09e257c8603f8ace5d71aa2de73912e697c1c7ff
UI_FunctionIcon_MusicMute,功能图标：图标 / Music / Mute,FunctionIcons,Simple,FunctionIcons.psd,12/btn_icon_music_mute,Assets/AllResources/淘宝ui素材/RuntimeSprites/FunctionIcons/UI_FunctionIcon_MusicMute.png,UI_FunctionIcon_MusicMute,False,104,104,"0,0,0,0",77716cb88757f5df32e0406595dd717915f3e6aa6c7b9d3356b3bdb301ff70ad
UI_FunctionIcon_Network,功能图标：图标 / Network,FunctionIcons,Simple,FunctionIcons.psd,13/btn_icon_network,Assets/AllResources/淘宝ui素材/RuntimeSprites/FunctionIcons/UI_FunctionIcon_Network.png,UI_FunctionIcon_Network,False,104,104,"0,0,0,0",2c4f0523a287fcf27f994c683587291f541822627e9a9897ec3c85007c3bbe7e
UI_FunctionIcon_Newspaper,功能图标：图标 / Newspaper,FunctionIcons,Simple,FunctionIcons.psd,7/btn_icon_newspaper,Assets/AllResources/淘宝ui素材/RuntimeSprites/FunctionIcons/UI_FunctionIcon_Newspaper.png,UI_FunctionIcon_Newspaper,False,104,104,"0,0,0,0",a1bbd766874c5c11cd2fb43fb17ee85cbdbe023d6fc933ea225659f82feca179
UI_FunctionIcon_Notification,功能图标：图标 / 通知,FunctionIcons,Simple,FunctionIcons.psd,12/btn_icon_notification,Assets/AllResources/淘宝ui素材/RuntimeSprites/FunctionIcons/UI_FunctionIcon_Notification.png,UI_FunctionIcon_Notification,False,104,104,"0,0,0,0",ed9a0943e52778227a2b2141018a7f82ccc510667875687ea0550d90c9dd1241
UI_FunctionIcon_NotificationMute,功能图标：图标 / 通知 / Mute,FunctionIcons,Simple,FunctionIcons.psd,12/btn_icon_notification_mute,Assets/AllResources/淘宝ui素材/RuntimeSprites/FunctionIcons/UI_FunctionIcon_NotificationMute.png,UI_FunctionIcon_NotificationMute,False,104,104,"0,0,0,0",8ba84cf45e831063680b77c8dcb598954d8011cda11fc2260c57547fef17d861
UI_FunctionIcon_Paint,功能图标：图标 / Paint,FunctionIcons,Simple,FunctionIcons.psd,10/btn_icon_paint,Assets/AllResources/淘宝ui素材/RuntimeSprites/FunctionIcons/UI_FunctionIcon_Paint.png,UI_FunctionIcon_Paint,False,104,104,"0,0,0,0",43130b041c0dd935b3889ae134a678255a0694791009c630766ec7f1fae109bf
UI_FunctionIcon_Paper,功能图标：图标 / Paper,FunctionIcons,Simple,FunctionIcons.psd,6/btn_icon_paper,Assets/AllResources/淘宝ui素材/RuntimeSprites/FunctionIcons/UI_FunctionIcon_Paper.png,UI_FunctionIcon_Paper,False,104,104,"0,0,0,0",d4c095b3568b819733daa397cd9fd35766d01c4b56056acca6ab5d56a4c23539
UI_FunctionIcon_Paw,功能图标：图标 / Paw,FunctionIcons,Simple,FunctionIcons.psd,10/btn_icon_paw,Assets/AllResources/淘宝ui素材/RuntimeSprites/FunctionIcons/UI_FunctionIcon_Paw.png,UI_FunctionIcon_Paw,False,104,104,"0,0,0,0",9aa84bfd2ecd0efc03d7898d5669c5f5a680684fefbf7c56e04e091e109c87f1
UI_FunctionIcon_Pay,功能图标：图标 / Pay,FunctionIcons,Simple,FunctionIcons.psd,8/btn_icon_pay,Assets/AllResources/淘宝ui素材/RuntimeSprites/FunctionIcons/UI_FunctionIcon_Pay.png,UI_FunctionIcon_Pay,False,104,104,"0,0,0,0",0a6cac3e22c83f08db4085daa0231abd998baf7529b3a6a5f81d1ce2ab47b1db
UI_FunctionIcon_Photo,功能图标：图标 / Photo,FunctionIcons,Simple,FunctionIcons.psd,6/btn_icon_photo,Assets/AllResources/淘宝ui素材/RuntimeSprites/FunctionIcons/UI_FunctionIcon_Photo.png,UI_FunctionIcon_Photo,False,104,104,"0,0,0,0",5d1a0e5444503e7151d17f95c6b3dc8470648dfbdd281d23323bc1db9f8d3be1
UI_FunctionIcon_Pick,功能图标：图标 / Pick,FunctionIcons,Simple,FunctionIcons.psd,9/btn_icon_pick,Assets/AllResources/淘宝ui素材/RuntimeSprites/FunctionIcons/UI_FunctionIcon_Pick.png,UI_FunctionIcon_Pick,False,104,104,"0,0,0,0",772abda55cdeb80f93f9a2531cca63c7e540022bd219ee86f5b42a2637b4a28d
UI_FunctionIcon_Piechart,功能图标：图标 / Piechart,FunctionIcons,Simple,FunctionIcons.psd,10/btn_icon_piechart,Assets/AllResources/淘宝ui素材/RuntimeSprites/FunctionIcons/UI_FunctionIcon_Piechart.png,UI_FunctionIcon_Piechart,False,104,104,"0,0,0,0",65234c8ea384100918bce6e571d2c8c162a5f5dec626ac829ea6ec31c37dca69
UI_FunctionIcon_Piggy,功能图标：图标 / Piggy,FunctionIcons,Simple,FunctionIcons.psd,4/btn_icon_piggy,Assets/AllResources/淘宝ui素材/RuntimeSprites/FunctionIcons/UI_FunctionIcon_Piggy.png,UI_FunctionIcon_Piggy,False,104,104,"0,0,0,0",589fceb3a852dd249fbfba17f77b93f290ce063914975a6a597db330416eb4c8
UI_FunctionIcon_Pinwheel,功能图标：图标 / Pinwheel,FunctionIcons,Simple,FunctionIcons.psd,7/btn_icon_pinwheel,Assets/AllResources/淘宝ui素材/RuntimeSprites/FunctionIcons/UI_FunctionIcon_Pinwheel.png,UI_FunctionIcon_Pinwheel,False,104,104,"0,0,0,0",8b42e9ef46e7bb0bfdff90a665ae3a3c66f47c855dbc73353837cf7fa638d10f
UI_FunctionIcon_Plane,功能图标：图标 / Plane,FunctionIcons,Simple,FunctionIcons.psd,7/btn_icon_plane,Assets/AllResources/淘宝ui素材/RuntimeSprites/FunctionIcons/UI_FunctionIcon_Plane.png,UI_FunctionIcon_Plane,False,104,104,"0,0,0,0",30610ddfbd022ab4be0d3b252ddc80224cedae919b791b85cb7dbd57e6c19957
UI_FunctionIcon_Planet,功能图标：图标 / Planet,FunctionIcons,Simple,FunctionIcons.psd,7/btn_icon_planet,Assets/AllResources/淘宝ui素材/RuntimeSprites/FunctionIcons/UI_FunctionIcon_Planet.png,UI_FunctionIcon_Planet,False,104,104,"0,0,0,0",11a7f1acbf44df5e8dddcd52432e7ca3818794bca9a29e5c37eb4c1596e8c917
UI_FunctionIcon_PlayerFw,功能图标：图标 / Player / Fw,FunctionIcons,Simple,FunctionIcons.psd,16/btn_icon_player_fw,Assets/AllResources/淘宝ui素材/RuntimeSprites/FunctionIcons/UI_FunctionIcon_PlayerFw.png,UI_FunctionIcon_PlayerFw,False,104,104,"0,0,0,0",db5c9490d7c74593990cd03881191b7a52a4b979b325d62ad4c4912f2419fabd
UI_FunctionIcon_PlayerNext,功能图标：图标 / Player / Next,FunctionIcons,Simple,FunctionIcons.psd,16/btn_icon_player_next,Assets/AllResources/淘宝ui素材/RuntimeSprites/FunctionIcons/UI_FunctionIcon_PlayerNext.png,UI_FunctionIcon_PlayerNext,False,104,104,"0,0,0,0",f4423644e164087862436220271dfffb8ed66e20100068f25066d72efb8cb49e
UI_FunctionIcon_PlayerPause,功能图标：图标 / Player / 暂停,FunctionIcons,Simple,FunctionIcons.psd,16/btn_icon_player_pause,Assets/AllResources/淘宝ui素材/RuntimeSprites/FunctionIcons/UI_FunctionIcon_PlayerPause.png,UI_FunctionIcon_PlayerPause,False,104,104,"0,0,0,0",798f646865536deac09e09014e0997163e79d27ad870126bc9e69255948b4be5
UI_FunctionIcon_PlayerPlay,功能图标：图标 / Player / 开始游戏,FunctionIcons,Simple,FunctionIcons.psd,16/btn_icon_player_play,Assets/AllResources/淘宝ui素材/RuntimeSprites/FunctionIcons/UI_FunctionIcon_PlayerPlay.png,UI_FunctionIcon_PlayerPlay,False,104,104,"0,0,0,0",1c5e3f7c54b7791a0a654bfee378266b1eaea2a8dc286e25169b502c76cd2290
UI_FunctionIcon_PlayerPrev,功能图标：图标 / Player / Prev,FunctionIcons,Simple,FunctionIcons.psd,16/btn_icon_player_prev,Assets/AllResources/淘宝ui素材/RuntimeSprites/FunctionIcons/UI_FunctionIcon_PlayerPrev.png,UI_FunctionIcon_PlayerPrev,False,104,104,"0,0,0,0",fa4b92ae8bc2b02e2d2e01f0fd837475f0bed8deec2a0029f4d45ab9e73139a4
UI_FunctionIcon_PlayerRw,功能图标：图标 / Player / Rw,FunctionIcons,Simple,FunctionIcons.psd,16/btn_icon_player_rw,Assets/AllResources/淘宝ui素材/RuntimeSprites/FunctionIcons/UI_FunctionIcon_PlayerRw.png,UI_FunctionIcon_PlayerRw,False,104,104,"0,0,0,0",d299eb7490786fa527b9d72e1af4ea8981d6381c5ee5f44dfeee39b14878799f
UI_FunctionIcon_PlayerStart,功能图标：图标 / Player / Start,FunctionIcons,Simple,FunctionIcons.psd,16/btn_icon_player_start,Assets/AllResources/淘宝ui素材/RuntimeSprites/FunctionIcons/UI_FunctionIcon_PlayerStart.png,UI_FunctionIcon_PlayerStart,False,104,104,"0,0,0,0",f7866ad498dcf2ec8ab358c115b8365d61c3b130d945fc4d484ecce1aa00f716
UI_FunctionIcon_PlayerStop,功能图标：图标 / Player / Stop,FunctionIcons,Simple,FunctionIcons.psd,16/btn_icon_player_stop,Assets/AllResources/淘宝ui素材/RuntimeSprites/FunctionIcons/UI_FunctionIcon_PlayerStop.png,UI_FunctionIcon_PlayerStop,False,104,104,"0,0,0,0",3895913fd79dd15447a9304d51063114ea6d8fe5b6a65ae879e34626760d4115
UI_FunctionIcon_Plus,功能图标：图标 / Plus,FunctionIcons,Simple,FunctionIcons.psd,16/btn_icon_plus,Assets/AllResources/淘宝ui素材/RuntimeSprites/FunctionIcons/UI_FunctionIcon_Plus.png,UI_FunctionIcon_Plus,False,104,104,"0,0,0,0",02f4b33cb86865f9fc84c8344bb7fa224b5e215ceb6a9e8a9c4fb5fda01a515f
UI_FunctionIcon_Pot,功能图标：图标 / Pot,FunctionIcons,Simple,FunctionIcons.psd,4/btn_icon_pot,Assets/AllResources/淘宝ui素材/RuntimeSprites/FunctionIcons/UI_FunctionIcon_Pot.png,UI_FunctionIcon_Pot,False,104,104,"0,0,0,0",7e9ed959fd52a28cb3c0c152f045c590ade3ac8ccbe24e47a78f976608357621
UI_FunctionIcon_Potion1,功能图标：图标 / Potion1,FunctionIcons,Simple,FunctionIcons.psd,2/btn_icon_potion_1,Assets/AllResources/淘宝ui素材/RuntimeSprites/FunctionIcons/UI_FunctionIcon_Potion1.png,UI_FunctionIcon_Potion1,False,104,104,"0,0,0,0",bd081f99cf45f1d8140634b1f59cb60c519d186e6fe55c2181e583de1596360b
UI_FunctionIcon_Potion2,功能图标：图标 / Potion2,FunctionIcons,Simple,FunctionIcons.psd,2/btn_icon_potion_2,Assets/AllResources/淘宝ui素材/RuntimeSprites/FunctionIcons/UI_FunctionIcon_Potion2.png,UI_FunctionIcon_Potion2,False,104,104,"0,0,0,0",a4a59ec53ac929e9b824022298e6c2d1d216bfecc6952e0e7660140fca404dc7
UI_FunctionIcon_Powerup,功能图标：图标 / Powerup,FunctionIcons,Simple,FunctionIcons.psd,3/btn_icon_powerup,Assets/AllResources/淘宝ui素材/RuntimeSprites/FunctionIcons/UI_FunctionIcon_Powerup.png,UI_FunctionIcon_Powerup,False,104,104,"0,0,0,0",e9846ac79d3b6230e5054d5ea135374b550713dd4192055d52660244223eba43
UI_FunctionIcon_Preference1,功能图标：图标 / Preference1,FunctionIcons,Simple,FunctionIcons.psd,9/btn_icon_preference_1,Assets/AllResources/淘宝ui素材/RuntimeSprites/FunctionIcons/UI_FunctionIcon_Preference1.png,UI_FunctionIcon_Preference1,False,104,104,"0,0,0,0",8e9f79b97c6de4c57a7ba5c88274e975e606b54684f10efda689d2845fe69ede
UI_FunctionIcon_Preference2,功能图标：图标 / Preference2,FunctionIcons,Simple,FunctionIcons.psd,9/btn_icon_preference_2,Assets/AllResources/淘宝ui素材/RuntimeSprites/FunctionIcons/UI_FunctionIcon_Preference2.png,UI_FunctionIcon_Preference2,False,104,104,"0,0,0,0",c7ab69a35fdaab0980d7c3479662aaec660081e79c635c77e32024aa4a017a7c
UI_FunctionIcon_Priest,功能图标：图标 / Priest,FunctionIcons,Simple,FunctionIcons.psd,3/btn_icon_priest,Assets/AllResources/淘宝ui素材/RuntimeSprites/FunctionIcons/UI_FunctionIcon_Priest.png,UI_FunctionIcon_Priest,False,104,104,"0,0,0,0",40e8c1a7444da001e1f287607bcecd2507e6ff476659340f3f57f3f5a51a4b12
UI_FunctionIcon_Print,功能图标：图标 / Print,FunctionIcons,Simple,FunctionIcons.psd,13/btn_icon_print,Assets/AllResources/淘宝ui素材/RuntimeSprites/FunctionIcons/UI_FunctionIcon_Print.png,UI_FunctionIcon_Print,False,104,104,"0,0,0,0",1afa2dbff8bb35d81c676a28ba523a5a68b07fae581fe014ca2fd004cf2bcd2f
UI_FunctionIcon_Profile,功能图标：图标 / Profile,FunctionIcons,Simple,FunctionIcons.psd,5/btn_icon_profile,Assets/AllResources/淘宝ui素材/RuntimeSprites/FunctionIcons/UI_FunctionIcon_Profile.png,UI_FunctionIcon_Profile,False,104,104,"0,0,0,0",9a4ec952f256a676ab11cd223f6328640a4c63fbaae6bc8008e3a4034b3fd0c7
UI_FunctionIcon_Puzzle,功能图标：图标 / Puzzle,FunctionIcons,Simple,FunctionIcons.psd,13/btn_icon_puzzle,Assets/AllResources/淘宝ui素材/RuntimeSprites/FunctionIcons/UI_FunctionIcon_Puzzle.png,UI_FunctionIcon_Puzzle,False,104,104,"0,0,0,0",3de849806d414a102a21c73b88ed6c352e5a7a0388cfe8b529b7628fa815c104
UI_FunctionIcon_Qrcode,功能图标：图标 / Qrcode,FunctionIcons,Simple,FunctionIcons.psd,11/btn_icon_qrcode,Assets/AllResources/淘宝ui素材/RuntimeSprites/FunctionIcons/UI_FunctionIcon_Qrcode.png,UI_FunctionIcon_Qrcode,False,104,104,"0,0,0,0",140fd275dfe61e1f8e8994a4ffe8ad6bb899317dd5ba7356346a824cf720a525
UI_FunctionIcon_Question,功能图标：图标 / Question,FunctionIcons,Simple,FunctionIcons.psd,14/btn_icon_question,Assets/AllResources/淘宝ui素材/RuntimeSprites/FunctionIcons/UI_FunctionIcon_Question.png,UI_FunctionIcon_Question,False,104,104,"0,0,0,0",69d5cb7380acfb72b696df482aed96a04a3e623ada18590fbb496919d4c3923b
UI_FunctionIcon_Quit,功能图标：图标 / Quit,FunctionIcons,Simple,FunctionIcons.psd,11/btn_icon_quit,Assets/AllResources/淘宝ui素材/RuntimeSprites/FunctionIcons/UI_FunctionIcon_Quit.png,UI_FunctionIcon_Quit,False,104,104,"0,0,0,0",cb47e42703e5a173ebe6db1a55c527c04fb41a4b172b18760f7312d104a546d2
UI_FunctionIcon_Quiver,功能图标：图标 / Quiver,FunctionIcons,Simple,FunctionIcons.psd,1/btn_icon_quiver,Assets/AllResources/淘宝ui素材/RuntimeSprites/FunctionIcons/UI_FunctionIcon_Quiver.png,UI_FunctionIcon_Quiver,False,104,104,"0,0,0,0",aebf626744bc4c7ef164c37b74434f011eb762a244247eca3bfe9afcecc281cc
UI_FunctionIcon_Ranking,功能图标：图标 / 排行榜,FunctionIcons,Simple,FunctionIcons.psd,11/btn_icon_ranking,Assets/AllResources/淘宝ui素材/RuntimeSprites/FunctionIcons/UI_FunctionIcon_Ranking.png,UI_FunctionIcon_Ranking,False,104,104,"0,0,0,0",9a022e2d7c2202acaed3bd5b49a0cced3ae77ca76cfc515f5145c8542d47d85b
UI_FunctionIcon_Redo,功能图标：图标 / Redo,FunctionIcons,Simple,FunctionIcons.psd,15/btn_icon_redo,Assets/AllResources/淘宝ui素材/RuntimeSprites/FunctionIcons/UI_FunctionIcon_Redo.png,UI_FunctionIcon_Redo,False,104,104,"0,0,0,0",b55bf297212151b579cb0c3f89982bd3aa0d974f8d8e29a512780f7328574150
UI_FunctionIcon_Refresh,功能图标：图标 / Refresh,FunctionIcons,Simple,FunctionIcons.psd,15/btn_icon_refresh,Assets/AllResources/淘宝ui素材/RuntimeSprites/FunctionIcons/UI_FunctionIcon_Refresh.png,UI_FunctionIcon_Refresh,False,104,104,"0,0,0,0",f81c95c8984d607e56bd5f1efd456e21643b2ad33068a8eb89a49e10fbeeb623
UI_FunctionIcon_Reload,功能图标：图标 / Reload,FunctionIcons,Simple,FunctionIcons.psd,15/btn_icon_reload,Assets/AllResources/淘宝ui素材/RuntimeSprites/FunctionIcons/UI_FunctionIcon_Reload.png,UI_FunctionIcon_Reload,False,104,104,"0,0,0,0",eda8c41186eaee05324285bc33f451d58413848e75c9294c324d70bd26279ad0
UI_FunctionIcon_Revive1,功能图标：图标 / Revive1,FunctionIcons,Simple,FunctionIcons.psd,3/btn_icon_revive_1,Assets/AllResources/淘宝ui素材/RuntimeSprites/FunctionIcons/UI_FunctionIcon_Revive1.png,UI_FunctionIcon_Revive1,False,104,104,"0,0,0,0",85e3676bc52470d00814aa6f97acfb07fc017f01484b865c0e448f959252d6f4
UI_FunctionIcon_Revive2,功能图标：图标 / Revive2,FunctionIcons,Simple,FunctionIcons.psd,3/btn_icon_revive_2,Assets/AllResources/淘宝ui素材/RuntimeSprites/FunctionIcons/UI_FunctionIcon_Revive2.png,UI_FunctionIcon_Revive2,False,104,104,"0,0,0,0",62cef1853f88a8712aac88e3400cf4ddbbce9267bfc96949f3d3b3e8e3775ad2
UI_FunctionIcon_Ring,功能图标：图标 / Ring,FunctionIcons,Simple,FunctionIcons.psd,1/btn_icon_ring,Assets/AllResources/淘宝ui素材/RuntimeSprites/FunctionIcons/UI_FunctionIcon_Ring.png,UI_FunctionIcon_Ring,False,104,104,"0,0,0,0",4df7255144498f8e56740af40b269b57777cfa9613d3cb24a811faa27b2e9aa8
UI_FunctionIcon_Rocket,功能图标：图标 / Rocket,FunctionIcons,Simple,FunctionIcons.psd,4/btn_icon_rocket,Assets/AllResources/淘宝ui素材/RuntimeSprites/FunctionIcons/UI_FunctionIcon_Rocket.png,UI_FunctionIcon_Rocket,False,104,104,"0,0,0,0",fc028cd9b11b0c04dd15c97e86ed8535904244b034ae3d94eccf4a8a44649087
UI_FunctionIcon_Rubie,功能图标：图标 / Rubie,FunctionIcons,Simple,FunctionIcons.psd,5/btn_icon_rubie,Assets/AllResources/淘宝ui素材/RuntimeSprites/FunctionIcons/UI_FunctionIcon_Rubie.png,UI_FunctionIcon_Rubie,False,104,104,"0,0,0,0",c9ce9c2d3be0293b8721d86330ab70ca5f910eb8407a78ce54fe99fbc05d3cdd
UI_FunctionIcon_Scale,功能图标：图标 / Scale,FunctionIcons,Simple,FunctionIcons.psd,8/btn_icon_scale,Assets/AllResources/淘宝ui素材/RuntimeSprites/FunctionIcons/UI_FunctionIcon_Scale.png,UI_FunctionIcon_Scale,False,104,104,"0,0,0,0",7b6b0d763ab25171dfdc8b3460abffe1cbcfbb6e7888b9db494eb0a6e61ac8f1
UI_FunctionIcon_Scan,功能图标：图标 / Scan,FunctionIcons,Simple,FunctionIcons.psd,11/btn_icon_scan,Assets/AllResources/淘宝ui素材/RuntimeSprites/FunctionIcons/UI_FunctionIcon_Scan.png,UI_FunctionIcon_Scan,False,104,104,"0,0,0,0",87309f0eb6351c0ae36e93c3566215d40d013bd8545810c6cf64f85247395812
UI_FunctionIcon_Scrap,功能图标：图标 / Scrap,FunctionIcons,Simple,FunctionIcons.psd,15/btn_icon_scrap,Assets/AllResources/淘宝ui素材/RuntimeSprites/FunctionIcons/UI_FunctionIcon_Scrap.png,UI_FunctionIcon_Scrap,False,104,104,"0,0,0,0",8309b56aca1282126937aa95cff68cf0757fb785331027c23f45d9874d45ebd6
UI_FunctionIcon_Search,功能图标：图标 / Search,FunctionIcons,Simple,FunctionIcons.psd,6/btn_icon_search,Assets/AllResources/淘宝ui素材/RuntimeSprites/FunctionIcons/UI_FunctionIcon_Search.png,UI_FunctionIcon_Search,False,104,104,"0,0,0,0",dbf9869a5c9f52a1188e956e042a4b49ef3b2b0d7582ea1d5c64e83f61215f1f
UI_FunctionIcon_Send,功能图标：图标 / Send,FunctionIcons,Simple,FunctionIcons.psd,6/btn_icon_send,Assets/AllResources/淘宝ui素材/RuntimeSprites/FunctionIcons/UI_FunctionIcon_Send.png,UI_FunctionIcon_Send,False,104,104,"0,0,0,0",83821ac1fc7728d2619d100d3a277f6b4899ad8ff8196a3d0fa6350181ccaa3a
UI_FunctionIcon_Setting1,功能图标：图标 / Setting1,FunctionIcons,Simple,FunctionIcons.psd,6/btn_icon_setting_1,Assets/AllResources/淘宝ui素材/RuntimeSprites/FunctionIcons/UI_FunctionIcon_Setting1.png,UI_FunctionIcon_Setting1,False,104,104,"0,0,0,0",d5b99aac79b1239c07975156d2111da37cf6a31fd7701cf09240ebe23f995110
UI_FunctionIcon_Setting2,功能图标：图标 / Setting2,FunctionIcons,Simple,FunctionIcons.psd,6/btn_icon_setting_2,Assets/AllResources/淘宝ui素材/RuntimeSprites/FunctionIcons/UI_FunctionIcon_Setting2.png,UI_FunctionIcon_Setting2,False,104,104,"0,0,0,0",03cb351142150d6cf84c5b37c91f875adaf9814807b901048290f705deb38a0b
UI_FunctionIcon_Share,功能图标：图标 / Share,FunctionIcons,Simple,FunctionIcons.psd,6/btn_icon_share,Assets/AllResources/淘宝ui素材/RuntimeSprites/FunctionIcons/UI_FunctionIcon_Share.png,UI_FunctionIcon_Share,False,104,104,"0,0,0,0",935a6b32ea0a41eb0a1800bd176fd445163da826d9fbd2e4791b818b16aff03b
UI_FunctionIcon_Shield,功能图标：图标 / Shield,FunctionIcons,Simple,FunctionIcons.psd,1/btn_icon_shield,Assets/AllResources/淘宝ui素材/RuntimeSprites/FunctionIcons/UI_FunctionIcon_Shield.png,UI_FunctionIcon_Shield,False,104,104,"0,0,0,0",6a48fcd065671755b8ea6ee83fa26875393b3f422864192fec1aa10d9fdfea50
UI_FunctionIcon_ShieldMagic,功能图标：图标 / Shield / Magic,FunctionIcons,Simple,FunctionIcons.psd,1/btn_icon_shield_magic,Assets/AllResources/淘宝ui素材/RuntimeSprites/FunctionIcons/UI_FunctionIcon_ShieldMagic.png,UI_FunctionIcon_ShieldMagic,False,104,104,"0,0,0,0",9ac187e96d82424d2392483e7c8e59665347a60faa82ed2204c1d02b023b1139
UI_FunctionIcon_Shine,功能图标：图标 / Shine,FunctionIcons,Simple,FunctionIcons.psd,2/btn_icon_shine,Assets/AllResources/淘宝ui素材/RuntimeSprites/FunctionIcons/UI_FunctionIcon_Shine.png,UI_FunctionIcon_Shine,False,104,104,"0,0,0,0",7fa850c92eef3184a0b0be91e0cbb6f0ff0523e1152234e836950d397522ffe7
UI_FunctionIcon_Signal,功能图标：图标 / Signal,FunctionIcons,Simple,FunctionIcons.psd,14/btn_icon_signal,Assets/AllResources/淘宝ui素材/RuntimeSprites/FunctionIcons/UI_FunctionIcon_Signal.png,UI_FunctionIcon_Signal,False,104,104,"0,0,0,0",0eecedb4f8607cc13f32896973b3fb5af416c2d41ac3e354c16cea6833821871
UI_FunctionIcon_Sildeshow,功能图标：图标 / Sildeshow,FunctionIcons,Simple,FunctionIcons.psd,13/btn_icon_sildeshow,Assets/AllResources/淘宝ui素材/RuntimeSprites/FunctionIcons/UI_FunctionIcon_Sildeshow.png,UI_FunctionIcon_Sildeshow,False,104,104,"0,0,0,0",7a79354e47e7cdd0aedd324bb79bdd5f7e5e668e3a53b09e4e6cac9f9233ff4f
UI_FunctionIcon_Siren,功能图标：图标 / Siren,FunctionIcons,Simple,FunctionIcons.psd,9/btn_icon_siren,Assets/AllResources/淘宝ui素材/RuntimeSprites/FunctionIcons/UI_FunctionIcon_Siren.png,UI_FunctionIcon_Siren,False,104,104,"0,0,0,0",2fcc4498c8c9f4581299030c7b02262718765943dbfd4cd2852ddf1f1d26321c
UI_FunctionIcon_Skull,功能图标：图标 / Skull,FunctionIcons,Simple,FunctionIcons.psd,2/btn_icon_skull,Assets/AllResources/淘宝ui素材/RuntimeSprites/FunctionIcons/UI_FunctionIcon_Skull.png,UI_FunctionIcon_Skull,False,104,104,"0,0,0,0",16a381482138803a9c1e1ba7b9c1635c5fbdd884d25828cec5ade9ed1c40a7a7
UI_FunctionIcon_Sleepmode,功能图标：图标 / Sleepmode,FunctionIcons,Simple,FunctionIcons.psd,15/btn_icon_sleepmode,Assets/AllResources/淘宝ui素材/RuntimeSprites/FunctionIcons/UI_FunctionIcon_Sleepmode.png,UI_FunctionIcon_Sleepmode,False,104,104,"0,0,0,0",6c260863958a72db75cb9c1a5235edd5b7e7e1b9091717ba9c20957d473d260b
UI_FunctionIcon_Snowball,功能图标：图标 / Snowball,FunctionIcons,Simple,FunctionIcons.psd,7/btn_icon_snowball,Assets/AllResources/淘宝ui素材/RuntimeSprites/FunctionIcons/UI_FunctionIcon_Snowball.png,UI_FunctionIcon_Snowball,False,104,104,"0,0,0,0",134b87634a1d106e6455a504bfcf4891f830735999563e4d1c544c2cf05f38c1
UI_FunctionIcon_Snowflake,功能图标：图标 / Snowflake,FunctionIcons,Simple,FunctionIcons.psd,2/btn_icon_snowflake,Assets/AllResources/淘宝ui素材/RuntimeSprites/FunctionIcons/UI_FunctionIcon_Snowflake.png,UI_FunctionIcon_Snowflake,False,104,104,"0,0,0,0",b8b951c50ca03c6225fae3112078eb807f492c5b184c39012c4c7acd0fa6c5b2
UI_FunctionIcon_SnsFacebook,功能图标：图标 / Sns / Facebook,FunctionIcons,Simple,FunctionIcons.psd,17/btn_icon_sns_facebook,Assets/AllResources/淘宝ui素材/RuntimeSprites/FunctionIcons/UI_FunctionIcon_SnsFacebook.png,UI_FunctionIcon_SnsFacebook,False,104,104,"0,0,0,0",c4dafe716b4ffe2e306516c2e15affffa56e2754f7e844ac76563a1455b7e0bd
UI_FunctionIcon_SnsPinterest,功能图标：图标 / Sns / Pinterest,FunctionIcons,Simple,FunctionIcons.psd,17/btn_icon_sns_pinterest,Assets/AllResources/淘宝ui素材/RuntimeSprites/FunctionIcons/UI_FunctionIcon_SnsPinterest.png,UI_FunctionIcon_SnsPinterest,False,104,104,"0,0,0,0",7ae37dcf55c65e4550080b7e8e29e3e93fe516eaf52e404599b8e0bd710950fa
UI_FunctionIcon_SnsSkype,功能图标：图标 / Sns / Skype,FunctionIcons,Simple,FunctionIcons.psd,17/btn_icon_sns_skype,Assets/AllResources/淘宝ui素材/RuntimeSprites/FunctionIcons/UI_FunctionIcon_SnsSkype.png,UI_FunctionIcon_SnsSkype,False,104,104,"0,0,0,0",b459234eec29b4cb3eedcf12da0d28058639d6d25332de754f0a771d211ebbe5
UI_FunctionIcon_SnsTwitter,功能图标：图标 / Sns / Twitter,FunctionIcons,Simple,FunctionIcons.psd,17/btn_icon_sns_twitter,Assets/AllResources/淘宝ui素材/RuntimeSprites/FunctionIcons/UI_FunctionIcon_SnsTwitter.png,UI_FunctionIcon_SnsTwitter,False,104,104,"0,0,0,0",c5cfa23ef8c4c804804fef8c8731326d39d7a3bfde992708a554dd78f86c6cd4
UI_FunctionIcon_SnsYoutube,功能图标：图标 / Sns / Youtube,FunctionIcons,Simple,FunctionIcons.psd,17/btn_icon_sns_youtube,Assets/AllResources/淘宝ui素材/RuntimeSprites/FunctionIcons/UI_FunctionIcon_SnsYoutube.png,UI_FunctionIcon_SnsYoutube,False,104,104,"0,0,0,0",b1a02ed63428ce964c06bfbd8f77bb185366533a6ff3196a673fd1e33c7703b0
UI_FunctionIcon_Sound,功能图标：图标 / Sound,FunctionIcons,Simple,FunctionIcons.psd,12/btn_icon_sound,Assets/AllResources/淘宝ui素材/RuntimeSprites/FunctionIcons/UI_FunctionIcon_Sound.png,UI_FunctionIcon_Sound,False,104,104,"0,0,0,0",d4584ec70acef482e8035a4dde7538e38dc01ec4eadfeb1b69d13c522cf421a0
UI_FunctionIcon_SoundMute,功能图标：图标 / Sound / Mute,FunctionIcons,Simple,FunctionIcons.psd,12/btn_icon_sound_mute,Assets/AllResources/淘宝ui素材/RuntimeSprites/FunctionIcons/UI_FunctionIcon_SoundMute.png,UI_FunctionIcon_SoundMute,False,104,104,"0,0,0,0",d8f156123a680c8d250f2bbfe6f65dbe163f9a69ca643dcfef5a769b55da3e90
UI_FunctionIcon_Spiderweb,功能图标：图标 / Spiderweb,FunctionIcons,Simple,FunctionIcons.psd,7/btn_icon_spiderweb,Assets/AllResources/淘宝ui素材/RuntimeSprites/FunctionIcons/UI_FunctionIcon_Spiderweb.png,UI_FunctionIcon_Spiderweb,False,104,104,"0,0,0,0",44539a05c61acbc0bff839226ac759910366d5e15188ae67cf075344dcf98c7c
UI_FunctionIcon_Spin,功能图标：图标 / Spin,FunctionIcons,Simple,FunctionIcons.psd,7/btn_icon_spin,Assets/AllResources/淘宝ui素材/RuntimeSprites/FunctionIcons/UI_FunctionIcon_Spin.png,UI_FunctionIcon_Spin,False,104,104,"0,0,0,0",19efb9cadd9fbf94837f1a8764c7eba3c9c4228e108cb2452ff0af58a2e526a9
UI_FunctionIcon_Star,功能图标：图标 / Star,FunctionIcons,Simple,FunctionIcons.psd,5/btn_icon_star,Assets/AllResources/淘宝ui素材/RuntimeSprites/FunctionIcons/UI_FunctionIcon_Star.png,UI_FunctionIcon_Star,False,104,104,"0,0,0,0",32d3f6c59ee839092141f9797700da8e6efa0c19dbfc45891d738e57d4e80779
UI_FunctionIcon_StarEmpty,功能图标：图标 / Star / Empty,FunctionIcons,Simple,FunctionIcons.psd,5/btn_icon_star_empty,Assets/AllResources/淘宝ui素材/RuntimeSprites/FunctionIcons/UI_FunctionIcon_StarEmpty.png,UI_FunctionIcon_StarEmpty,False,104,104,"0,0,0,0",9869c97afe88056ad3feed7916ab56a57a65ea89b3477562942688b7b7754db5
UI_FunctionIcon_Stopwatch,功能图标：图标 / Stopwatch,FunctionIcons,Simple,FunctionIcons.psd,4/btn_icon_stopwatch,Assets/AllResources/淘宝ui素材/RuntimeSprites/FunctionIcons/UI_FunctionIcon_Stopwatch.png,UI_FunctionIcon_Stopwatch,False,104,104,"0,0,0,0",6aa531a350b01b2b69b05adccba854f6b8c10638aa8ced3a261c96eca18b186a
UI_FunctionIcon_Store1,功能图标：图标 / Store1,FunctionIcons,Simple,FunctionIcons.psd,8/btn_icon_store_1,Assets/AllResources/淘宝ui素材/RuntimeSprites/FunctionIcons/UI_FunctionIcon_Store1.png,UI_FunctionIcon_Store1,False,104,104,"0,0,0,0",64f254ee37cdcffe7b8ccec3879e238ea9c45ae92000289ef883ebc28cc249f2
UI_FunctionIcon_Store2,功能图标：图标 / Store2,FunctionIcons,Simple,FunctionIcons.psd,8/btn_icon_store_2,Assets/AllResources/淘宝ui素材/RuntimeSprites/FunctionIcons/UI_FunctionIcon_Store2.png,UI_FunctionIcon_Store2,False,104,104,"0,0,0,0",77fa7a4a4cc93e54d62ba96a132a46713489ee8f489c2c8454275589275d6157
UI_FunctionIcon_Strength,功能图标：图标 / Strength,FunctionIcons,Simple,FunctionIcons.psd,3/btn_icon_strength,Assets/AllResources/淘宝ui素材/RuntimeSprites/FunctionIcons/UI_FunctionIcon_Strength.png,UI_FunctionIcon_Strength,False,104,104,"0,0,0,0",048b0ecae8623dbed0cb50aac7fefb548ed8c8aac67f5d7286811c1d8c9bee66
UI_FunctionIcon_Suffle,功能图标：图标 / Suffle,FunctionIcons,Simple,FunctionIcons.psd,15/btn_icon_suffle,Assets/AllResources/淘宝ui素材/RuntimeSprites/FunctionIcons/UI_FunctionIcon_Suffle.png,UI_FunctionIcon_Suffle,False,104,104,"0,0,0,0",7834ceaa636621671cdcfd3c853606e7561461ed7516cdb92b69723dfa585e89
UI_FunctionIcon_Sun,功能图标：图标 / Sun,FunctionIcons,Simple,FunctionIcons.psd,2/btn_icon_sun,Assets/AllResources/淘宝ui素材/RuntimeSprites/FunctionIcons/UI_FunctionIcon_Sun.png,UI_FunctionIcon_Sun,False,104,104,"0,0,0,0",1bae25eca647eb8e7d5217ba593facd5555809f7650f13966e2cca988e86118a
UI_FunctionIcon_Support,功能图标：图标 / Support,FunctionIcons,Simple,FunctionIcons.psd,13/btn_icon_support,Assets/AllResources/淘宝ui素材/RuntimeSprites/FunctionIcons/UI_FunctionIcon_Support.png,UI_FunctionIcon_Support,False,104,104,"0,0,0,0",488ce852d5c70b69cfe99188ab187f80b4f3d7fd2ea0d5e72ca00ceb2a5aecdc
UI_FunctionIcon_Switch,功能图标：图标 / 开关,FunctionIcons,Simple,FunctionIcons.psd,9/btn_icon_switch,Assets/AllResources/淘宝ui素材/RuntimeSprites/FunctionIcons/UI_FunctionIcon_Switch.png,UI_FunctionIcon_Switch,False,104,104,"0,0,0,0",9c22ca1b4c52ae68d00edda9f6fae4a836511bd7d5b5994c488f6e1b09bdabda
UI_FunctionIcon_Sword1,功能图标：图标 / Sword1,FunctionIcons,Simple,FunctionIcons.psd,1/btn_icon_sword_1,Assets/AllResources/淘宝ui素材/RuntimeSprites/FunctionIcons/UI_FunctionIcon_Sword1.png,UI_FunctionIcon_Sword1,False,104,104,"0,0,0,0",2d13ba6101618c2cc17fb301e80b393a999bb35847194ff060800b59a9dec883
UI_FunctionIcon_Sword2,功能图标：图标 / Sword2,FunctionIcons,Simple,FunctionIcons.psd,1/btn_icon_sword_2,Assets/AllResources/淘宝ui素材/RuntimeSprites/FunctionIcons/UI_FunctionIcon_Sword2.png,UI_FunctionIcon_Sword2,False,104,104,"0,0,0,0",127a6fea8cf4cbf0c54009d77756d35d67c424abe6642a466ea1914ee6201a1b
UI_FunctionIcon_Tag,功能图标：图标 / Tag,FunctionIcons,Simple,FunctionIcons.psd,8/btn_icon_tag,Assets/AllResources/淘宝ui素材/RuntimeSprites/FunctionIcons/UI_FunctionIcon_Tag.png,UI_FunctionIcon_Tag,False,104,104,"0,0,0,0",a3101fee67b7b781afb9265b5e435d8296123d9dabeabfe8d540183fa598c5a8
UI_FunctionIcon_Talk1,功能图标：图标 / Talk1,FunctionIcons,Simple,FunctionIcons.psd,6/btn_icon_talk_1,Assets/AllResources/淘宝ui素材/RuntimeSprites/FunctionIcons/UI_FunctionIcon_Talk1.png,UI_FunctionIcon_Talk1,False,104,104,"0,0,0,0",3a5f84d0d3cddd10794aac7caeed272f75eaff5b30decada2af0683422c4f42e
UI_FunctionIcon_Talk2,功能图标：图标 / Talk2,FunctionIcons,Simple,FunctionIcons.psd,6/btn_icon_talk_2,Assets/AllResources/淘宝ui素材/RuntimeSprites/FunctionIcons/UI_FunctionIcon_Talk2.png,UI_FunctionIcon_Talk2,False,104,104,"0,0,0,0",40c073aa4544c1fd3297bf5d21d163fbef21c1dce60f97b83b38530548739f73
UI_FunctionIcon_Target1,功能图标：图标 / Target1,FunctionIcons,Simple,FunctionIcons.psd,10/btn_icon_target_1,Assets/AllResources/淘宝ui素材/RuntimeSprites/FunctionIcons/UI_FunctionIcon_Target1.png,UI_FunctionIcon_Target1,False,104,104,"0,0,0,0",b0fd31c877ab03047d8192a82e1e1cd675e587940060526bed66e69e7f1c0988
UI_FunctionIcon_Target2,功能图标：图标 / Target2,FunctionIcons,Simple,FunctionIcons.psd,10/btn_icon_target_2,Assets/AllResources/淘宝ui素材/RuntimeSprites/FunctionIcons/UI_FunctionIcon_Target2.png,UI_FunctionIcon_Target2,False,104,104,"0,0,0,0",413c01d98c468ca3f602d44270e5befc9505efd90c9e2eedce419b283acfd987
UI_FunctionIcon_Think,功能图标：图标 / Think,FunctionIcons,Simple,FunctionIcons.psd,6/btn_icon_think,Assets/AllResources/淘宝ui素材/RuntimeSprites/FunctionIcons/UI_FunctionIcon_Think.png,UI_FunctionIcon_Think,False,104,104,"0,0,0,0",cf23a584f1c0e4f46ee292313b9ff080bb89b4076cfc707ecb6d7fe23b9064be
UI_FunctionIcon_Thunder,功能图标：图标 / Thunder,FunctionIcons,Simple,FunctionIcons.psd,10/btn_icon_thunder,Assets/AllResources/淘宝ui素材/RuntimeSprites/FunctionIcons/UI_FunctionIcon_Thunder.png,UI_FunctionIcon_Thunder,False,104,104,"0,0,0,0",5118d08acc1346c373af775e27ade6671da8072279e7a36be57fc480a8cf5a24
UI_FunctionIcon_Ticket,功能图标：图标 / Ticket,FunctionIcons,Simple,FunctionIcons.psd,8/btn_icon_ticket,Assets/AllResources/淘宝ui素材/RuntimeSprites/FunctionIcons/UI_FunctionIcon_Ticket.png,UI_FunctionIcon_Ticket,False,104,104,"0,0,0,0",57e33c3a7d5bae5a23be0000fe025b4534ab4a8fdf3d352ed3b6c371352d1de0
UI_FunctionIcon_Time1,功能图标：图标 / Time1,FunctionIcons,Simple,FunctionIcons.psd,11/btn_icon_time_1,Assets/AllResources/淘宝ui素材/RuntimeSprites/FunctionIcons/UI_FunctionIcon_Time1.png,UI_FunctionIcon_Time1,False,104,104,"0,0,0,0",6e536d42285db4dce34300f197d81b8139e7463943967fdd3fad9fd00d5bb98b
UI_FunctionIcon_Time2,功能图标：图标 / Time2,FunctionIcons,Simple,FunctionIcons.psd,11/btn_icon_time_2,Assets/AllResources/淘宝ui素材/RuntimeSprites/FunctionIcons/UI_FunctionIcon_Time2.png,UI_FunctionIcon_Time2,False,104,104,"0,0,0,0",c5b23b7b381375cf96179828cfc8d3fadf0130ae5445f6282daa5993b7775046
UI_FunctionIcon_Timer,功能图标：图标 / Timer,FunctionIcons,Simple,FunctionIcons.psd,4/btn_icon_timer,Assets/AllResources/淘宝ui素材/RuntimeSprites/FunctionIcons/UI_FunctionIcon_Timer.png,UI_FunctionIcon_Timer,False,104,104,"0,0,0,0",94a0074bb39100c43a9b4e7e3453d0c12c44e730304ac671637fbcf88447da8e
UI_FunctionIcon_Tool1,功能图标：图标 / Tool1,FunctionIcons,Simple,FunctionIcons.psd,9/btn_icon_tool_1,Assets/AllResources/淘宝ui素材/RuntimeSprites/FunctionIcons/UI_FunctionIcon_Tool1.png,UI_FunctionIcon_Tool1,False,104,104,"0,0,0,0",28244399bfde8888a06fdf370923d5683f81785fa170dc65fdcdc160bad1519d
UI_FunctionIcon_Tool2,功能图标：图标 / Tool2,FunctionIcons,Simple,FunctionIcons.psd,9/btn_icon_tool_2,Assets/AllResources/淘宝ui素材/RuntimeSprites/FunctionIcons/UI_FunctionIcon_Tool2.png,UI_FunctionIcon_Tool2,False,104,104,"0,0,0,0",db3c5f390c0116de84f318e9fc1d518ccfe108b97b8d3b0e2cce82298bbd4fab
UI_FunctionIcon_Tool3,功能图标：图标 / Tool3,FunctionIcons,Simple,FunctionIcons.psd,9/btn_icon_tool_3,Assets/AllResources/淘宝ui素材/RuntimeSprites/FunctionIcons/UI_FunctionIcon_Tool3.png,UI_FunctionIcon_Tool3,False,104,104,"0,0,0,0",9b63b19003f693ef33716d68d885357457841e0d3c0512485c0230dd1b4bde52
UI_FunctionIcon_Tool4,功能图标：图标 / Tool4,FunctionIcons,Simple,FunctionIcons.psd,9/btn_icon_tool_4,Assets/AllResources/淘宝ui素材/RuntimeSprites/FunctionIcons/UI_FunctionIcon_Tool4.png,UI_FunctionIcon_Tool4,False,104,104,"0,0,0,0",0d403a7fc3c32af89b01d83761dbec69cc33133a0d666f3d935b90cf49e21bad
UI_FunctionIcon_Tranfer1,功能图标：图标 / Tranfer1,FunctionIcons,Simple,FunctionIcons.psd,15/btn_icon_tranfer_1,Assets/AllResources/淘宝ui素材/RuntimeSprites/FunctionIcons/UI_FunctionIcon_Tranfer1.png,UI_FunctionIcon_Tranfer1,False,104,104,"0,0,0,0",171078115dd7dbd3b0cda6cf48c4a7e669c5ea2fd8fb341c67ae6fec5170b9e9
UI_FunctionIcon_Tranfer2,功能图标：图标 / Tranfer2,FunctionIcons,Simple,FunctionIcons.psd,15/btn_icon_tranfer_2,Assets/AllResources/淘宝ui素材/RuntimeSprites/FunctionIcons/UI_FunctionIcon_Tranfer2.png,UI_FunctionIcon_Tranfer2,False,104,104,"0,0,0,0",309d61a2c3862df06e1d0ca6ba26b33908d48cc511a631bf7467abff67b0bb1c
UI_FunctionIcon_Trash,功能图标：图标 / Trash,FunctionIcons,Simple,FunctionIcons.psd,6/btn_icon_trash,Assets/AllResources/淘宝ui素材/RuntimeSprites/FunctionIcons/UI_FunctionIcon_Trash.png,UI_FunctionIcon_Trash,False,104,104,"0,0,0,0",8aa762934f30b255a8036627731b4226fdaf439c0b693a39dbd6991ebea78482
UI_FunctionIcon_Travelbag,功能图标：图标 / Travelbag,FunctionIcons,Simple,FunctionIcons.psd,7/btn_icon_travelbag,Assets/AllResources/淘宝ui素材/RuntimeSprites/FunctionIcons/UI_FunctionIcon_Travelbag.png,UI_FunctionIcon_Travelbag,False,104,104,"0,0,0,0",ab1bd92a853c7fb4eca0a0ba8a06642a225303315dbcf971e33639ee0b08b821
UI_FunctionIcon_Tree,功能图标：图标 / Tree,FunctionIcons,Simple,FunctionIcons.psd,4/btn_icon_tree,Assets/AllResources/淘宝ui素材/RuntimeSprites/FunctionIcons/UI_FunctionIcon_Tree.png,UI_FunctionIcon_Tree,False,104,104,"0,0,0,0",b6b3e9c05040f6bedbff7125d13212cd7eba94610f3e26843629002b78e499ae
UI_FunctionIcon_Trophy,功能图标：图标 / Trophy,FunctionIcons,Simple,FunctionIcons.psd,11/btn_icon_trophy,Assets/AllResources/淘宝ui素材/RuntimeSprites/FunctionIcons/UI_FunctionIcon_Trophy.png,UI_FunctionIcon_Trophy,False,104,104,"0,0,0,0",3d772e1355d08ce8bfd7cfef1ad4f5fd6f49522abd9a0bc1d5e5c3b770194422
UI_FunctionIcon_Tv,功能图标：图标 / Tv,FunctionIcons,Simple,FunctionIcons.psd,13/btn_icon_tv,Assets/AllResources/淘宝ui素材/RuntimeSprites/FunctionIcons/UI_FunctionIcon_Tv.png,UI_FunctionIcon_Tv,False,104,104,"0,0,0,0",fb1238e8154a1522723fb384da0c00a6afc8fc5af634a4982f181708605a9c3e
UI_FunctionIcon_Undo,功能图标：图标 / Undo,FunctionIcons,Simple,FunctionIcons.psd,15/btn_icon_undo,Assets/AllResources/淘宝ui素材/RuntimeSprites/FunctionIcons/UI_FunctionIcon_Undo.png,UI_FunctionIcon_Undo,False,104,104,"0,0,0,0",83a1f972aa2e1f430df8f6a53941cdb411ab2d7dcbb0f168207777809e8907f6
UI_FunctionIcon_User1,功能图标：图标 / User1,FunctionIcons,Simple,FunctionIcons.psd,5/btn_icon_user_1,Assets/AllResources/淘宝ui素材/RuntimeSprites/FunctionIcons/UI_FunctionIcon_User1.png,UI_FunctionIcon_User1,False,104,104,"0,0,0,0",5f534e1bbb46c3336e0af09241fcb5473bfcb049bc3d05f3608a3250cf940c6c
UI_FunctionIcon_User2,功能图标：图标 / User2,FunctionIcons,Simple,FunctionIcons.psd,5/btn_icon_user_2,Assets/AllResources/淘宝ui素材/RuntimeSprites/FunctionIcons/UI_FunctionIcon_User2.png,UI_FunctionIcon_User2,False,104,104,"0,0,0,0",407a827ed6364402b3add3e3765096e4bbb6623171c89e9f1716a591ebdad9a9
UI_FunctionIcon_User3,功能图标：图标 / User3,FunctionIcons,Simple,FunctionIcons.psd,5/btn_icon_user_3,Assets/AllResources/淘宝ui素材/RuntimeSprites/FunctionIcons/UI_FunctionIcon_User3.png,UI_FunctionIcon_User3,False,104,104,"0,0,0,0",2442e96a10512cf3217c17d2a4c5a8ad5b5963ccba803911faff5db908674b1f
UI_FunctionIcon_Video,功能图标：图标 / Video,FunctionIcons,Simple,FunctionIcons.psd,6/btn_icon_video,Assets/AllResources/淘宝ui素材/RuntimeSprites/FunctionIcons/UI_FunctionIcon_Video.png,UI_FunctionIcon_Video,False,104,104,"0,0,0,0",61baa248a65809ce7c9fa04e9308f7ad1a48960b1f0dc3fe88ed73ee85998c8f
UI_FunctionIcon_View1,功能图标：图标 / View1,FunctionIcons,Simple,FunctionIcons.psd,10/btn_icon_view_1,Assets/AllResources/淘宝ui素材/RuntimeSprites/FunctionIcons/UI_FunctionIcon_View1.png,UI_FunctionIcon_View1,False,104,104,"0,0,0,0",0e69ee79c6e0b7650562413600ec18001c118377a789ae29cdd281697a6b8143
UI_FunctionIcon_View2,功能图标：图标 / View2,FunctionIcons,Simple,FunctionIcons.psd,10/btn_icon_view_2,Assets/AllResources/淘宝ui素材/RuntimeSprites/FunctionIcons/UI_FunctionIcon_View2.png,UI_FunctionIcon_View2,False,104,104,"0,0,0,0",afddecbcdb5eba85fd49116b871fe995033735e48e0eb950db7bee89f7d1ad5b
UI_FunctionIcon_Volume,功能图标：图标 / Volume,FunctionIcons,Simple,FunctionIcons.psd,12/btn_icon_volume,Assets/AllResources/淘宝ui素材/RuntimeSprites/FunctionIcons/UI_FunctionIcon_Volume.png,UI_FunctionIcon_Volume,False,104,104,"0,0,0,0",9c39d23b3236f600b6c04355c4bec194edf27cdc4bbfbf6347130057e9051525
UI_FunctionIcon_VolumeMute,功能图标：图标 / Volume / Mute,FunctionIcons,Simple,FunctionIcons.psd,12/btn_icon_volume_mute,Assets/AllResources/淘宝ui素材/RuntimeSprites/FunctionIcons/UI_FunctionIcon_VolumeMute.png,UI_FunctionIcon_VolumeMute,False,104,104,"0,0,0,0",e173c82aaf858f03a8cedd82f122e21a9be4b60828083c338bdbbed28d47631c
UI_FunctionIcon_VolumeUp,功能图标：图标 / Volume / Up,FunctionIcons,Simple,FunctionIcons.psd,12/btn_icon_volume_up,Assets/AllResources/淘宝ui素材/RuntimeSprites/FunctionIcons/UI_FunctionIcon_VolumeUp.png,UI_FunctionIcon_VolumeUp,False,104,104,"0,0,0,0",fe8984a2f3e65833ad8e26052c15acacf3822711e07bb50d2e83d90af1f22c36
UI_FunctionIcon_Wallet,功能图标：图标 / Wallet,FunctionIcons,Simple,FunctionIcons.psd,8/btn_icon_wallet,Assets/AllResources/淘宝ui素材/RuntimeSprites/FunctionIcons/UI_FunctionIcon_Wallet.png,UI_FunctionIcon_Wallet,False,104,104,"0,0,0,0",2c727b7b4e48bce5f07334876b85dd45734663b25410dd06d1c02a6846351c64
UI_FunctionIcon_Wand,功能图标：图标 / Wand,FunctionIcons,Simple,FunctionIcons.psd,4/btn_icon_wand,Assets/AllResources/淘宝ui素材/RuntimeSprites/FunctionIcons/UI_FunctionIcon_Wand.png,UI_FunctionIcon_Wand,False,104,104,"0,0,0,0",246a7fd9131f3359f8beefa31aec493d4e6d2484e99cc7a2a4e50f404021eef7
UI_FunctionIcon_Water,功能图标：图标 / Water,FunctionIcons,Simple,FunctionIcons.psd,2/btn_icon_water,Assets/AllResources/淘宝ui素材/RuntimeSprites/FunctionIcons/UI_FunctionIcon_Water.png,UI_FunctionIcon_Water,False,104,104,"0,0,0,0",470e6bfe25f23132020a65111b61869ff73756aa753b1c20d2bd0fc3a4c923bd
UI_FunctionIcon_Wizard,功能图标：图标 / Wizard,FunctionIcons,Simple,FunctionIcons.psd,3/btn_icon_wizard,Assets/AllResources/淘宝ui素材/RuntimeSprites/FunctionIcons/UI_FunctionIcon_Wizard.png,UI_FunctionIcon_Wizard,False,104,104,"0,0,0,0",886c4d25f3ce429032e5cc2180c6d6bd89bf6ce25175a6e904b9a8a3237f2f62
UI_FunctionIcon_Write1,功能图标：图标 / Write1,FunctionIcons,Simple,FunctionIcons.psd,9/btn_icon_write_1,Assets/AllResources/淘宝ui素材/RuntimeSprites/FunctionIcons/UI_FunctionIcon_Write1.png,UI_FunctionIcon_Write1,False,104,104,"0,0,0,0",ca9bb322b9043412e416cfad311b1401540c3f1849f75b6f2b8bc8fbad63f7d7
UI_FunctionIcon_Write2,功能图标：图标 / Write2,FunctionIcons,Simple,FunctionIcons.psd,9/btn_icon_write_2,Assets/AllResources/淘宝ui素材/RuntimeSprites/FunctionIcons/UI_FunctionIcon_Write2.png,UI_FunctionIcon_Write2,False,104,104,"0,0,0,0",550b3007787e4a02912037d3876849cf2c4fc988cc139fad1138295e816c4d8a
UI_FunctionIcon_Yang,功能图标：图标 / Yang,FunctionIcons,Simple,FunctionIcons.psd,4/btn_icon_yang,Assets/AllResources/淘宝ui素材/RuntimeSprites/FunctionIcons/UI_FunctionIcon_Yang.png,UI_FunctionIcon_Yang,False,104,104,"0,0,0,0",158796af360d214a5de32985d8704a9d83ddd4dbe0b1a8667b4869b580194d50
UI_FunctionIcon_Zoomin,功能图标：图标 / Zoomin,FunctionIcons,Simple,FunctionIcons.psd,10/btn_icon_zoomin,Assets/AllResources/淘宝ui素材/RuntimeSprites/FunctionIcons/UI_FunctionIcon_Zoomin.png,UI_FunctionIcon_Zoomin,False,104,104,"0,0,0,0",ea309b23563aed3ce20a5d2511cabfb3c6e97952b12f84168bbd7d4095bdb4af
UI_FunctionIcon_Zoomout,功能图标：图标 / Zoomout,FunctionIcons,Simple,FunctionIcons.psd,10/btn_icon_zoomout,Assets/AllResources/淘宝ui素材/RuntimeSprites/FunctionIcons/UI_FunctionIcon_Zoomout.png,UI_FunctionIcon_Zoomout,False,104,104,"0,0,0,0",7b3911d149f75409cd574833ab10f27de884f4b34f40301c16690ad7474c7539
UI_Gameplay_PlayBoss_Background,战斗界面：开始游戏 / Boss / 背景,Gameplay,Background,PlayBoss.psd,Background,Assets/AllResources/淘宝ui素材/RuntimeSprites/Gameplay/UI_Gameplay_PlayBoss_Background.png,UI_Gameplay_PlayBoss_Background,False,1920,1080,"0,0,0,0",bb2a2cadbc70deae8a97997d348e4af7c9300b4664e8c6f70aa9ddd2a7b6d8fe
UI_Gameplay_PlayBoss_BgGlow_Background,战斗界面：开始游戏 / Boss / Bg / Glow / 背景,Gameplay,Background,PlayBoss.psd,Bg_Glow,Assets/AllResources/淘宝ui素材/RuntimeSprites/Gameplay/UI_Gameplay_PlayBoss_BgGlow_Background.png,UI_Gameplay_PlayBoss_BgGlow_Background,False,2203,1082,"0,0,0,0",823b0019939d90064cab2dda9cd18b6e82e9e85d0f5d6bd5aa4a7ce1defde8f8
UI_Gameplay_PlayBoss_Warning,战斗界面：开始游戏 / Boss / Warning,Gameplay,Simple,PlayBoss.psd,Warning,Assets/AllResources/淘宝ui素材/RuntimeSprites/Gameplay/UI_Gameplay_PlayBoss_Warning.png,UI_Gameplay_PlayBoss_Warning,False,808,376,"0,0,0,0",30ca8941994387bc84adcba2f1c6c1179ea42c7ab6601d66095c873f0f72d471
UI_Gameplay_PlayContinue_Background,战斗界面：开始游戏 / 继续 / 背景,Gameplay,Background,PlayContinue.psd,Background,Assets/AllResources/淘宝ui素材/RuntimeSprites/Gameplay/UI_Gameplay_PlayContinue_Background.png,UI_Gameplay_PlayContinue_Background,False,1922,1082,"0,0,0,0",94c455837a2b8faa27feb0dbc25db5cc03d4118a473f29b7e0bf6cf026ff8ce9
UI_Gameplay_PlayContinue_ButtonBlue_Btn_Normal,战斗界面：开始游戏 / 继续 / 按钮 / 蓝色 / 按钮底图 / 普通状态,Gameplay,Sliced,PlayContinue.psd,Button_Blue/btn,Assets/AllResources/淘宝ui素材/RuntimeSprites/Gameplay/UI_Gameplay_PlayContinue_ButtonBlue_Btn_Normal.png,UI_Gameplay_PlayContinue_ButtonBlue_Btn_Normal,False,316,103,"23,23,23,23",c1dd02ebc3592c6d5195b5968770c38567661b3aba7f6fe0fb20062ed078e871
UI_Gameplay_PlayContinue_ButtonClose_Btn_Normal,战斗界面：开始游戏 / 继续 / 按钮 / Close / 按钮底图 / 普通状态,Gameplay,Normal,PlayContinue.psd,Button_Close/btn,Assets/AllResources/淘宝ui素材/RuntimeSprites/Gameplay/UI_Gameplay_PlayContinue_ButtonClose_Btn_Normal.png,UI_Gameplay_PlayContinue_ButtonClose_Btn_Normal,False,90,92,"0,0,0,0",800f8286c76c34d4ea1e51023137f0a80ab43f6efdea0d67aea75dab7c9a131b
UI_Gameplay_PlayContinue_ButtonClose_Icon,战斗界面：开始游戏 / 继续 / 按钮 / Close / 图标,Gameplay,Icon,PlayContinue.psd,Button_Close/icon,Assets/AllResources/淘宝ui素材/RuntimeSprites/Gameplay/UI_Gameplay_PlayContinue_ButtonClose_Icon.png,UI_Gameplay_PlayContinue_ButtonClose_Icon,False,39,40,"0,0,0,0",bc1afa06bc4d1c495f5ac993b302d9e11bf150f7369d5c37d9114cf18cde661d
UI_Gameplay_PlayContinue_ButtonYellow_Btn_Normal,战斗界面：开始游戏 / 继续 / 按钮 / 黄色 / 按钮底图 / 普通状态,Gameplay,Sliced,PlayContinue.psd,Button_Yellow/btn,Assets/AllResources/淘宝ui素材/RuntimeSprites/Gameplay/UI_Gameplay_PlayContinue_ButtonYellow_Btn_Normal.png,UI_Gameplay_PlayContinue_ButtonYellow_Btn_Normal,False,316,103,"23,23,23,23",db5521d275a8602e7b9683be680744ac87fa68e622952a7db51968be4c67e824
UI_Gameplay_PlayContinue_ButtonYellow_TagFree,战斗界面：开始游戏 / 继续 / 按钮 / 黄色 / Tag / Free,Gameplay,Simple,PlayContinue.psd,Button_Yellow/Tag Free,Assets/AllResources/淘宝ui素材/RuntimeSprites/Gameplay/UI_Gameplay_PlayContinue_ButtonYellow_TagFree.png,UI_Gameplay_PlayContinue_ButtonYellow_TagFree,False,128,38,"0,0,0,0",a4652531a020a4a69d6a3e82435238d154dc440f5505effd6e47e8b3ebb68e07
UI_Gameplay_PlayContinue_YouAreDead,战斗界面：开始游戏 / 继续 / You / Are / Dead,Gameplay,Simple,PlayContinue.psd,You Are Dead,Assets/AllResources/淘宝ui素材/RuntimeSprites/Gameplay/UI_Gameplay_PlayContinue_YouAreDead.png,UI_Gameplay_PlayContinue_YouAreDead,False,1571,332,"0,0,0,0",6e6c24e6a5e091bfe0f32ba8243b292c3b6a6dab7baa1048ba90c10050af69c6
UI_Gameplay_PlayPause_Background,战斗界面：开始游戏 / 暂停 / 背景,Gameplay,Background,PlayPause.psd,Background,Assets/AllResources/淘宝ui素材/RuntimeSprites/Gameplay/UI_Gameplay_PlayContinue_Background.png,UI_Gameplay_PlayContinue_Background,True,1922,1082,"0,0,0,0",94c455837a2b8faa27feb0dbc25db5cc03d4118a473f29b7e0bf6cf026ff8ce9
UI_Gameplay_PlayPause_DecoLine_Overlay,战斗界面：开始游戏 / 暂停 / 装饰 / Line / 覆盖层,Gameplay,Overlay,PlayPause.psd,deco line,Assets/AllResources/淘宝ui素材/RuntimeSprites/Gameplay/UI_Gameplay_PlayPause_DecoLine_Overlay.png,UI_Gameplay_PlayPause_DecoLine_Overlay,False,575,10,"0,0,0,0",237f0a517cfffa60d4538dd8716e86737c59eba403775f09049d0892481e1076
UI_Gameplay_PlayPause_PauseMenu_BrnRestart,战斗界面：开始游戏 / 暂停 / 菜单 / Brn / Restart,Gameplay,Simple,PlayPause.psd,Pause Menu/Brn Restart,Assets/AllResources/淘宝ui素材/RuntimeSprites/Gameplay/UI_Gameplay_PlayPause_PauseMenu_BrnRestart.png,UI_Gameplay_PlayPause_PauseMenu_BrnRestart,False,147,190,"0,0,0,0",746d018c74586bd3136776f2e757fe28763352bf2cc59cf6d8cfb358bba9def4
UI_Gameplay_PlayPause_PauseMenu_BtnContinue_Btn_Normal,战斗界面：开始游戏 / 暂停 / 菜单 / 按钮底图 / 继续 / 按钮底图 / 普通状态,Gameplay,Normal,PlayPause.psd,Pause Menu/Btn Continue/btn,Assets/AllResources/淘宝ui素材/RuntimeSprites/Gameplay/UI_Gameplay_PlayPause_PauseMenu_BtnContinue_Btn_Normal.png,UI_Gameplay_PlayPause_PauseMenu_BtnContinue_Btn_Normal,False,147,147,"0,0,0,0",f9860558798bf57b560bcd5c12f0f33454438c7f384ac888cd127fb2c3ea1d82
UI_Gameplay_PlayPause_PauseMenu_BtnContinue_Icon,战斗界面：开始游戏 / 暂停 / 菜单 / 按钮底图 / 继续 / 图标,Gameplay,Icon,PlayPause.psd,Pause Menu/Btn Continue/icon,Assets/AllResources/淘宝ui素材/RuntimeSprites/Gameplay/UI_Gameplay_PlayPause_PauseMenu_BtnContinue_Icon.png,UI_Gameplay_PlayPause_PauseMenu_BtnContinue_Icon,False,53,64,"0,0,0,0",8ea30c017e6758246d6861a19df9240c0a13042bca0c1387b0118782ad9ce8f0
UI_Gameplay_PlayPause_PauseMenu_BtnGiveup_Btn_Normal,战斗界面：开始游戏 / 暂停 / 菜单 / 按钮底图 / Giveup / 按钮底图 / 普通状态,Gameplay,Normal,PlayPause.psd,Pause Menu/Btn Giveup/btn,Assets/AllResources/淘宝ui素材/RuntimeSprites/Gameplay/UI_Gameplay_PlayPause_PauseMenu_BtnSettings_Btn_Normal.png,UI_Gameplay_PlayPause_PauseMenu_BtnSettings_Btn_Normal,True,146,147,"0,0,0,0",8a6d4b158c8b2ec4af3a9613480f4466cc6d96c0490153fcdcdfd09409ebdee0
UI_Gameplay_PlayPause_PauseMenu_BtnGiveup_Icon,战斗界面：开始游戏 / 暂停 / 菜单 / 按钮底图 / Giveup / 图标,Gameplay,Icon,PlayPause.psd,Pause Menu/Btn Giveup/icon,Assets/AllResources/淘宝ui素材/RuntimeSprites/Gameplay/UI_Gameplay_PlayPause_PauseMenu_BtnGiveup_Icon.png,UI_Gameplay_PlayPause_PauseMenu_BtnGiveup_Icon,False,83,62,"0,0,0,0",463659629e8badac0b377492b02e472aeb1829c9220878c04c058d8252027586
UI_Gameplay_PlayPause_PauseMenu_BtnSettings_Btn_Normal,战斗界面：开始游戏 / 暂停 / 菜单 / 按钮底图 / Settings / 按钮底图 / 普通状态,Gameplay,Normal,PlayPause.psd,Pause Menu/Btn Settings/btn,Assets/AllResources/淘宝ui素材/RuntimeSprites/Gameplay/UI_Gameplay_PlayPause_PauseMenu_BtnSettings_Btn_Normal.png,UI_Gameplay_PlayPause_PauseMenu_BtnSettings_Btn_Normal,False,146,147,"0,0,0,0",8a6d4b158c8b2ec4af3a9613480f4466cc6d96c0490153fcdcdfd09409ebdee0
UI_Gameplay_PlayPause_PauseMenu_BtnSettings_Icon,战斗界面：开始游戏 / 暂停 / 菜单 / 按钮底图 / Settings / 图标,Gameplay,Icon,PlayPause.psd,Pause Menu/Btn Settings/icon,Assets/AllResources/淘宝ui素材/RuntimeSprites/Gameplay/UI_Gameplay_PlayPause_PauseMenu_BtnSettings_Icon.png,UI_Gameplay_PlayPause_PauseMenu_BtnSettings_Icon,False,67,68,"0,0,0,0",788b94f3fca9c581edd5b0d7d8a8b29f5857ffdd4428a417b7e64ae144f6fa27
UI_Gameplay_PlayResult_Background,战斗界面：开始游戏 / 结算 / 背景,Gameplay,Background,PlayResult.psd,Background,Assets/AllResources/淘宝ui素材/RuntimeSprites/Gameplay/UI_Gameplay_PlayResult_Background.png,UI_Gameplay_PlayResult_Background,False,1922,1082,"0,0,0,0",aeb07440b8e3e0dcd1de5ee66d159543fb2c72ac48f53c425bdb60c55cadb4de
UI_Gameplay_PlayResult_ButtonClose_Btn_Normal,战斗界面：开始游戏 / 结算 / 按钮 / Close / 按钮底图 / 普通状态,Gameplay,Normal,PlayResult.psd,Button_Close/btn,Assets/AllResources/淘宝ui素材/RuntimeSprites/Gameplay/UI_Gameplay_PlayContinue_ButtonClose_Btn_Normal.png,UI_Gameplay_PlayContinue_ButtonClose_Btn_Normal,True,90,92,"0,0,0,0",800f8286c76c34d4ea1e51023137f0a80ab43f6efdea0d67aea75dab7c9a131b
UI_Gameplay_PlayResult_ButtonClose_Icon,战斗界面：开始游戏 / 结算 / 按钮 / Close / 图标,Gameplay,Icon,PlayResult.psd,Button_Close/icon,Assets/AllResources/淘宝ui素材/RuntimeSprites/Gameplay/UI_Gameplay_PlayContinue_ButtonClose_Icon.png,UI_Gameplay_PlayContinue_ButtonClose_Icon,True,39,40,"0,0,0,0",bc1afa06bc4d1c495f5ac993b302d9e11bf150f7369d5c37d9114cf18cde661d
UI_Gameplay_PlayResult_ButtonGreen_Btn_Normal,战斗界面：开始游戏 / 结算 / 按钮 / 绿色 / 按钮底图 / 普通状态,Gameplay,Sliced,PlayResult.psd,Button_Green/btn,Assets/AllResources/淘宝ui素材/RuntimeSprites/Gameplay/UI_Gameplay_PlayResult_ButtonGreen_Btn_Normal.png,UI_Gameplay_PlayResult_ButtonGreen_Btn_Normal,False,316,103,"23,23,23,23",77d31442393eb7f9e485e5b6cc40ab4c3c2e2b2e72789aac77e886d5bec886fc
UI_Gameplay_PlayResult_ButtonYellow_Btn_Normal,战斗界面：开始游戏 / 结算 / 按钮 / 黄色 / 按钮底图 / 普通状态,Gameplay,Sliced,PlayResult.psd,Button_Yellow/btn,Assets/AllResources/淘宝ui素材/RuntimeSprites/Gameplay/UI_Gameplay_PlayContinue_ButtonYellow_Btn_Normal.png,UI_Gameplay_PlayContinue_ButtonYellow_Btn_Normal,True,316,103,"23,23,23,23",db5521d275a8602e7b9683be680744ac87fa68e622952a7db51968be4c67e824
UI_Gameplay_PlayResult_ButtonYellow_TagFree,战斗界面：开始游戏 / 结算 / 按钮 / 黄色 / Tag / Free,Gameplay,Simple,PlayResult.psd,Button_Yellow/Tag Free,Assets/AllResources/淘宝ui素材/RuntimeSprites/Gameplay/UI_Gameplay_PlayContinue_ButtonYellow_TagFree.png,UI_Gameplay_PlayContinue_ButtonYellow_TagFree,True,128,38,"0,0,0,0",a4652531a020a4a69d6a3e82435238d154dc440f5505effd6e47e8b3ebb68e07
UI_Gameplay_PlayResult_Glow,战斗界面：开始游戏 / 结算 / Glow,Gameplay,Simple,PlayResult.psd,Glow,Assets/AllResources/淘宝ui素材/RuntimeSprites/Gameplay/UI_Gameplay_PlayResult_Glow.png,UI_Gameplay_PlayResult_Glow,False,1119,615,"0,0,0,0",3b6eb64a248b062f4b1710e6d47b5c1927cf3cdf01dbdb1fd1853a490a8099e0
UI_Gameplay_PlayResult_Particle,战斗界面：开始游戏 / 结算 / Particle,Gameplay,Simple,PlayResult.psd,Particle,Assets/AllResources/淘宝ui素材/RuntimeSprites/Gameplay/UI_Gameplay_PlayResult_Particle.png,UI_Gameplay_PlayResult_Particle,False,1495,270,"0,0,0,0",fb6f2544f0c0bd8fcd6eeac5268775a2ae1e4d6d3cb017194ef44c154f503e3b
UI_Gameplay_PlayResult_Reward_Book,战斗界面：开始游戏 / 结算 / 奖励 / Book,Gameplay,Simple,PlayResult.psd,Reward/Reward/book,Assets/AllResources/淘宝ui素材/RuntimeSprites/Gameplay/UI_Gameplay_PlayResult_Reward_Book.png,UI_Gameplay_PlayResult_Reward_Book,False,132,136,"0,0,0,0",e85e2d77314a25631a9b59d86f9d41bf11b60c33e617e462ead18f22837bee48
UI_Gameplay_PlayResult_Reward_Coin,战斗界面：开始游戏 / 结算 / 奖励 / 金币,Gameplay,Simple,PlayResult.psd,Reward/Reward/coin,Assets/AllResources/淘宝ui素材/RuntimeSprites/Gameplay/UI_Gameplay_PlayResult_Reward_Coin.png,UI_Gameplay_PlayResult_Reward_Coin,False,133,136,"0,0,0,0",33c551cc3d001d02812927e845816ffa480314bd8c756e11424cd15655413919
UI_Gameplay_PlayResult_Reward_Gem,战斗界面：开始游戏 / 结算 / 奖励 / 宝石,Gameplay,Simple,PlayResult.psd,Reward/Reward/gem,Assets/AllResources/淘宝ui素材/RuntimeSprites/Gameplay/UI_Gameplay_PlayResult_Reward_Gem.png,UI_Gameplay_PlayResult_Reward_Gem,False,132,136,"0,0,0,0",b119b3ae8e0d730d761f878f667ded0388476c9e2e77bfa5a8786e0c4fcf2e64
UI_Gameplay_PlayResult_Reward_Gift,战斗界面：开始游戏 / 结算 / 奖励 / Gift,Gameplay,Simple,PlayResult.psd,Reward/Reward/gift,Assets/AllResources/淘宝ui素材/RuntimeSprites/Gameplay/UI_Gameplay_PlayResult_Reward_Gift.png,UI_Gameplay_PlayResult_Reward_Gift,False,132,136,"0,0,0,0",55ec555d14666d1bb152a53b602fdfce4b31417375b733cc154d9cc2599ab963
UI_Gameplay_PlayResult_Reward_Label,战斗界面：开始游戏 / 结算 / 奖励 / 标签,Gameplay,Simple,PlayResult.psd,Reward/label,Assets/AllResources/淘宝ui素材/RuntimeSprites/Gameplay/UI_Gameplay_PlayResult_Reward_Label.png,UI_Gameplay_PlayResult_Reward_Label,False,85,31,"0,0,0,0",830f1329f0ce7f75c23efccaf77c2ee703ab4ee0120f9b790c21b170bd1c7fc5
UI_Gameplay_PlayResult_Reward_Potion,战斗界面：开始游戏 / 结算 / 奖励 / Potion,Gameplay,Simple,PlayResult.psd,Reward/Reward/potion,Assets/AllResources/淘宝ui素材/RuntimeSprites/Gameplay/UI_Gameplay_PlayResult_Reward_Potion.png,UI_Gameplay_PlayResult_Reward_Potion,False,132,136,"0,0,0,0",e1c1cb9f188283a9edd2c54a25a56303c888ff70616cbf97d7c76a0a05998d92
UI_Gameplay_PlayResult_Reward_RewardsText,战斗界面：开始游戏 / 结算 / 奖励 / Rewards / Text,Gameplay,Simple,PlayResult.psd,Reward/Rewards Text,Assets/AllResources/淘宝ui素材/RuntimeSprites/Gameplay/UI_Gameplay_PlayResult_Reward_RewardsText.png,UI_Gameplay_PlayResult_Reward_RewardsText,False,771,21,"0,0,0,0",89ed58872b98cd28bc86c19cbf6ed1230e4aa73f12d9adb422008ce10177421f
UI_Gameplay_PlayResult_StageClearRibbon,战斗界面：开始游戏 / 结算 / 关卡 / Clear / Ribbon,Gameplay,Simple,PlayResult.psd,Stage Clear Ribbon,Assets/AllResources/淘宝ui素材/RuntimeSprites/Gameplay/UI_Gameplay_PlayResult_StageClearRibbon.png,UI_Gameplay_PlayResult_StageClearRibbon,False,1043,128,"0,0,0,0",edfaa0be8d827e31cadf2e4db55766b06cd49607c437dff5e7156e695e1c2f04
UI_Gameplay_PlayResult_Star,战斗界面：开始游戏 / 结算 / Star,Gameplay,Simple,PlayResult.psd,Star,Assets/AllResources/淘宝ui素材/RuntimeSprites/Gameplay/UI_Gameplay_PlayResult_Star.png,UI_Gameplay_PlayResult_Star,False,459,156,"0,0,0,0",04234109d2b1188ab578c356fcf5b04f2efb2e4f893f7847127577e52efeb339
UI_Gameplay_PlayResult_UserLevel,战斗界面：开始游戏 / 结算 / User / 等级,Gameplay,Simple,PlayResult.psd,UserLevel,Assets/AllResources/淘宝ui素材/RuntimeSprites/Gameplay/UI_Gameplay_PlayResult_UserLevel.png,UI_Gameplay_PlayResult_UserLevel,False,463,73,"0,0,0,0",e24a12e322892c6a0a199d49bc257552852cb44272333199daa6749f91b4ce4f
UI_Gameplay_PlayType1_Background,战斗界面：开始游戏 / Type1 / 背景,Gameplay,Background,PlayType1.psd,Background,Assets/AllResources/淘宝ui素材/RuntimeSprites/Gameplay/UI_Gameplay_PlayType1_Background.png,UI_Gameplay_PlayType1_Background,False,3045,1481,"0,0,0,0",dfbb8f0021554354712ba4d73cdae296f86de1daa45725619bab58f9e2335bc5
UI_Gameplay_PlayType1_BtnFast_Btn_Normal,战斗界面：开始游戏 / Type1 / 按钮底图 / Fast / 按钮底图 / 普通状态,Gameplay,Normal,PlayType1.psd,BtnFast/btn,Assets/AllResources/淘宝ui素材/RuntimeSprites/Gameplay/UI_Gameplay_PlayType1_BtnFast_Btn_Normal.png,UI_Gameplay_PlayType1_BtnFast_Btn_Normal,False,92,91,"0,0,0,0",3c8117dda54cc8d4bc09b8a715792b8e96a447babfbdcd6bc76b5ca8aec09e10
UI_Gameplay_PlayType1_BtnFast_Icon,战斗界面：开始游戏 / Type1 / 按钮底图 / Fast / 图标,Gameplay,Icon,PlayType1.psd,BtnFast/icon,Assets/AllResources/淘宝ui素材/RuntimeSprites/Gameplay/UI_Gameplay_PlayType1_BtnFast_Icon.png,UI_Gameplay_PlayType1_BtnFast_Icon,False,46,32,"0,0,0,0",6313af03fcf7988f983cdbf220e17ad88b9c9a010a053b7593f848ca45faff46
UI_Gameplay_PlayType1_BtnPause_Btn_Normal,战斗界面：开始游戏 / Type1 / 按钮底图 / 暂停 / 按钮底图 / 普通状态,Gameplay,Normal,PlayType1.psd,BtnPause/btn,Assets/AllResources/淘宝ui素材/RuntimeSprites/Gameplay/UI_Gameplay_PlayType1_BtnPause_Btn_Normal.png,UI_Gameplay_PlayType1_BtnPause_Btn_Normal,False,91,92,"0,0,0,0",2bb8585a1860efa73ec23090f30b3221211e2fb0d4a2f1a13491e31fca56fa4d
UI_Gameplay_PlayType1_BtnPause_Icon,战斗界面：开始游戏 / Type1 / 按钮底图 / 暂停 / 图标,Gameplay,Icon,PlayType1.psd,BtnPause/icon,Assets/AllResources/淘宝ui素材/RuntimeSprites/Gameplay/UI_Gameplay_PlayType1_BtnPause_Icon.png,UI_Gameplay_PlayType1_BtnPause_Icon,False,37,47,"0,0,0,0",c832aeeff505188a653c622e011549dcc6b7a5d0de7c81b2500631211cb3dec5
UI_Gameplay_PlayType1_Chapter,战斗界面：开始游戏 / Type1 / Chapter,Gameplay,Simple,PlayType1.psd,Chapter,Assets/AllResources/淘宝ui素材/RuntimeSprites/Gameplay/UI_Gameplay_PlayType1_Chapter.png,UI_Gameplay_PlayType1_Chapter,False,753,213,"0,0,0,0",d677622a4aa1dc1855b049465f951efd7dac5f3485f22bd8a46f51ccf064e401
UI_Gameplay_PlayType1_ChapterProgress_Progress_Bar_Background,战斗界面：开始游戏 / Type1 / Chapter / 进度 / 进度条 / 背景,Gameplay,Background,PlayType1.psd,ChapterProgress/Progress/bar,Assets/AllResources/淘宝ui素材/RuntimeSprites/Gameplay/UI_Gameplay_PlayType1_ChapterProgress_Progress_Bar_Background.png,UI_Gameplay_PlayType1_ChapterProgress_Progress_Bar_Background,False,357,18,"0,0,0,0",02f99fa3b927752c1a791c852bc1b849954423861f9db546fb889af26bc5ff2c
UI_Gameplay_PlayType1_ChapterProgress_Progress_Prg_Fill,战斗界面：开始游戏 / Type1 / Chapter / 进度 / Prg / 填充,Gameplay,Fill,PlayType1.psd,ChapterProgress/Progress/prg,Assets/AllResources/淘宝ui素材/RuntimeSprites/Gameplay/UI_Gameplay_PlayType1_ChapterProgress_Progress_Prg_Fill.png,UI_Gameplay_PlayType1_ChapterProgress_Progress_Prg_Fill,False,72,18,"0,0,0,0",76596c34a2819ae07be7083691666236a5e0683b86f69bee1ceec883994cec6a
UI_Gameplay_PlayType1_Control,战斗界面：开始游戏 / Type1 / 控制,Gameplay,Simple,PlayType1.psd,Control,Assets/AllResources/淘宝ui素材/RuntimeSprites/Gameplay/UI_Gameplay_PlayType1_Control.png,UI_Gameplay_PlayType1_Control,False,279,279,"0,0,0,0",499cf66a443527934a0c80a837c83ea0d723aa112d8521a5c356b7396b0f9af5
UI_Gameplay_PlayType1_PlayBtn_Bomb,战斗界面：开始游戏 / Type1 / 开始游戏 / 按钮底图 / Bomb,Gameplay,Simple,PlayType1.psd,PlayBtn/Bomb,Assets/AllResources/淘宝ui素材/RuntimeSprites/Gameplay/UI_Gameplay_PlayType1_PlayBtn_Bomb.png,UI_Gameplay_PlayType1_PlayBtn_Bomb,False,154,155,"0,0,0,0",23b844ee5c5e34503079496e32b692b60ba074c27e119d49b0d732c9de40322d
UI_Gameplay_PlayType1_PlayBtn_Defense,战斗界面：开始游戏 / Type1 / 开始游戏 / 按钮底图 / Defense,Gameplay,Simple,PlayType1.psd,PlayBtn/defense,Assets/AllResources/淘宝ui素材/RuntimeSprites/Gameplay/UI_Gameplay_PlayType1_PlayBtn_Defense.png,UI_Gameplay_PlayType1_PlayBtn_Defense,False,158,158,"0,0,0,0",119b70a42ca9a72eecc6a5d75af7390d9bc30a6429d1a12e621737c3adcc9b3e
UI_Gameplay_PlayType1_PlayBtn_Jump,战斗界面：开始游戏 / Type1 / 开始游戏 / 按钮底图 / Jump,Gameplay,Simple,PlayType1.psd,PlayBtn/Jump,Assets/AllResources/淘宝ui素材/RuntimeSprites/Gameplay/UI_Gameplay_PlayType1_PlayBtn_Jump.png,UI_Gameplay_PlayType1_PlayBtn_Jump,False,125,125,"0,0,0,0",3d53c9f3b40b7db074a777f026c113fae55bfc871ea32792ff6d5849805dd671
UI_Gameplay_PlayType1_PlayBtn_Shoot,战斗界面：开始游戏 / Type1 / 开始游戏 / 按钮底图 / Shoot,Gameplay,Simple,PlayType1.psd,PlayBtn/Shoot,Assets/AllResources/淘宝ui素材/RuntimeSprites/Gameplay/UI_Gameplay_PlayType1_PlayBtn_Shoot.png,UI_Gameplay_PlayType1_PlayBtn_Shoot,False,178,178,"0,0,0,0",a3451dcd6b45eb9e41a104c12fda327a86c024dd7384bcb94ea5ca6629883f48
UI_Gameplay_PlayType1_PlayTime,战斗界面：开始游戏 / Type1 / 开始游戏 / Time,Gameplay,Simple,PlayType1.psd,PlayTime,Assets/AllResources/淘宝ui素材/RuntimeSprites/Gameplay/UI_Gameplay_PlayType1_PlayTime.png,UI_Gameplay_PlayType1_PlayTime,False,291,84,"0,0,0,0",9bcea5900971753a77a39f16eefa2e845fae0e0967e2f95c94e4f18ee23a0ea1
UI_Gameplay_PlayType2_Background,战斗界面：开始游戏 / Type2 / 背景,Gameplay,Background,PlayType2.psd,Background,Assets/AllResources/淘宝ui素材/RuntimeSprites/Gameplay/UI_Gameplay_PlayType2_Background.png,UI_Gameplay_PlayType2_Background,False,1922,1081,"0,0,0,0",d4e5922ec72cca8aaf10b2013b8ca412859946f87758f6616da8ea6abaeeeec7
UI_Gameplay_PlayType2_BoostExp,战斗界面：开始游戏 / Type2 / Boost / Exp,Gameplay,Simple,PlayType2.psd,BoostEXP,Assets/AllResources/淘宝ui素材/RuntimeSprites/Gameplay/UI_Gameplay_PlayType2_BoostExp.png,UI_Gameplay_PlayType2_BoostExp,False,107,106,"0,0,0,0",9ec4376abc8a2e83815f301b844edbef195156217fcdc95c0f4bfc69cc432fe3
UI_Gameplay_PlayType2_BoostPower,战斗界面：开始游戏 / Type2 / Boost / Power,Gameplay,Simple,PlayType2.psd,BoostPower,Assets/AllResources/淘宝ui素材/RuntimeSprites/Gameplay/UI_Gameplay_PlayType2_BoostPower.png,UI_Gameplay_PlayType2_BoostPower,False,107,106,"0,0,0,0",a680c235fd737480cba16de9cc5d696071853249d5e957479c680a37b5fb8d4b
UI_Gameplay_PlayType2_BtnInventory_Btn_Normal,战斗界面：开始游戏 / Type2 / 按钮底图 / 背包 / 按钮底图 / 普通状态,Gameplay,Normal,PlayType2.psd,BtnInventory/btn,Assets/AllResources/淘宝ui素材/RuntimeSprites/Gameplay/UI_Gameplay_PlayType2_BtnInventory_Btn_Normal.png,UI_Gameplay_PlayType2_BtnInventory_Btn_Normal,False,183,133,"0,0,0,0",ed3cdade84b8bd9355de45050e2e3d910c3d1fd8e853923da67adecdbd639b98
UI_Gameplay_PlayType2_BtnInventory_Inventory,战斗界面：开始游戏 / Type2 / 按钮底图 / 背包,Gameplay,Simple,PlayType2.psd,BtnInventory/Inventory,Assets/AllResources/淘宝ui素材/RuntimeSprites/Gameplay/UI_Gameplay_PlayType2_BtnInventory_Inventory.png,UI_Gameplay_PlayType2_BtnInventory_Inventory,False,141,127,"0,0,0,0",a6fbab25a7c224fb9d38b43cd8c3affa491438a48ed8465cae53354ec68a98d8
UI_Gameplay_PlayType2_BtnShop_Btn_Normal,战斗界面：开始游戏 / Type2 / 按钮底图 / 商店 / 按钮底图 / 普通状态,Gameplay,Normal,PlayType2.psd,BtnShop/btn,Assets/AllResources/淘宝ui素材/RuntimeSprites/Gameplay/UI_Gameplay_PlayType2_BtnShop_Btn_Normal.png,UI_Gameplay_PlayType2_BtnShop_Btn_Normal,False,183,133,"0,0,0,0",4c26ac2b3aec6e7eea4800ae6f24aa0f811450584ede3b3c2d38fb84e62d76e2
UI_Gameplay_PlayType2_BtnShop_Store,战斗界面：开始游戏 / Type2 / 按钮底图 / 商店,Gameplay,Simple,PlayType2.psd,BtnShop/Store,Assets/AllResources/淘宝ui素材/RuntimeSprites/Gameplay/UI_Gameplay_PlayType2_BtnShop_Store.png,UI_Gameplay_PlayType2_BtnShop_Store,False,113,135,"0,0,0,0",49e339df3ca5f63aa13f5018497a8742dcc15169266377388276f9c41272df6e
UI_Gameplay_PlayType2_ButtonMessage,战斗界面：开始游戏 / Type2 / 按钮 / 消息,Gameplay,Simple,PlayType2.psd,Button_Message,Assets/AllResources/淘宝ui素材/RuntimeSprites/Gameplay/UI_Gameplay_PlayType2_ButtonMessage.png,UI_Gameplay_PlayType2_ButtonMessage,False,119,120,"0,0,0,0",a62839e44bec0c2b84280673ff28a382718908862a234c3b209f8fc15f7149c9
UI_Gameplay_PlayType2_ButtonSetting,战斗界面：开始游戏 / Type2 / 按钮 / 设置,Gameplay,Simple,PlayType2.psd,Button_Setting,Assets/AllResources/淘宝ui素材/RuntimeSprites/Gameplay/UI_Gameplay_PlayType2_ButtonSetting.png,UI_Gameplay_PlayType2_ButtonSetting,False,116,115,"0,0,0,0",7a0cfcc6c16b31a3caccce6d9bc458dd48bc41fb3375d1a9ab7c618b0b3e6054
UI_Gameplay_PlayType2_ButtonTrophy,战斗界面：开始游戏 / Type2 / 按钮 / Trophy,Gameplay,Simple,PlayType2.psd,Button_Trophy,Assets/AllResources/淘宝ui素材/RuntimeSprites/Gameplay/UI_Gameplay_PlayType2_ButtonTrophy.png,UI_Gameplay_PlayType2_ButtonTrophy,False,116,115,"0,0,0,0",3bd4ea730ac6a570aaa99de3536144b1d875a25f93b2e2292aaf66ee64364c01
UI_Gameplay_PlayType2_LevelUp_ButtonGreen_Btn_Normal,战斗界面：开始游戏 / Type2 / 等级 / Up / 按钮 / 绿色 / 按钮底图 / 普通状态,Gameplay,Sliced,PlayType2.psd,LevelUp/Button_Green /btn,Assets/AllResources/淘宝ui素材/RuntimeSprites/Gameplay/UI_Gameplay_PlayType2_LevelUp_ButtonGreen_Btn_Normal.png,UI_Gameplay_PlayType2_LevelUp_ButtonGreen_Btn_Normal,False,235,103,"23,23,23,23",dd8f282269247704fabf3eb211da911220090df0af265e8cbb4929614a9ecacc
UI_Gameplay_PlayType2_LevelUp_ButtonGreen_Btn_Normal_02,战斗界面：开始游戏 / Type2 / 等级 / Up / 按钮 / 绿色 / 按钮底图 / 普通状态 / 02号,Gameplay,Sliced,PlayType2.psd,LevelUp/Button_Green/btn,Assets/AllResources/淘宝ui素材/RuntimeSprites/Gameplay/UI_Gameplay_PlayType2_LevelUp_ButtonGreen_Btn_Normal_02.png,UI_Gameplay_PlayType2_LevelUp_ButtonGreen_Btn_Normal_02,False,235,103,"23,23,23,23",79216f4f7fd16d5aae505ce49d0c4c751087c6bf3c09148fae35d9ff3055d79b
UI_Gameplay_PlayType2_LevelUp_ButtonGreen_Btn_Normal_03,战斗界面：开始游戏 / Type2 / 等级 / Up / 按钮 / 绿色 / 按钮底图 / 普通状态 / 03号,Gameplay,Sliced,PlayType2.psd,LevelUp/Button_Green #2/btn,Assets/AllResources/淘宝ui素材/RuntimeSprites/Gameplay/UI_Gameplay_PlayType2_LevelUp_ButtonGreen_Btn_Normal_03.png,UI_Gameplay_PlayType2_LevelUp_ButtonGreen_Btn_Normal_03,False,236,103,"23,23,23,23",c27447e485bb1660897719aca5aa2f8d0474154c3f5cfef61e7725ba046a4d2f
UI_Gameplay_PlayType2_LevelUp_Character,战斗界面：开始游戏 / Type2 / 等级 / Up / 角色,Gameplay,Simple,PlayType2.psd,LevelUp/Character,Assets/AllResources/淘宝ui素材/RuntimeSprites/Gameplay/UI_Gameplay_PlayType2_LevelUp_Character.png,UI_Gameplay_PlayType2_LevelUp_Character,False,261,342,"0,0,0,0",058a6d89f3731da3deaaf55df5eab5bf4e4eb31e95bca28eecf8925d6dacce49
UI_Gameplay_PlayType2_LevelUp_Character_02,战斗界面：开始游戏 / Type2 / 等级 / Up / 角色 / 02号,Gameplay,Simple,PlayType2.psd,LevelUp/Character#2,Assets/AllResources/淘宝ui素材/RuntimeSprites/Gameplay/UI_Gameplay_PlayType2_LevelUp_Character_02.png,UI_Gameplay_PlayType2_LevelUp_Character_02,False,294,252,"0,0,0,0",fe84b2352258ecce6c31b4d84bde5038d9e9bfac849c0689cc031ed2741b8a50
UI_Gameplay_PlayType2_LevelUp_Character_03,战斗界面：开始游戏 / Type2 / 等级 / Up / 角色 / 03号,Gameplay,Simple,PlayType2.psd,LevelUp/Character ,Assets/AllResources/淘宝ui素材/RuntimeSprites/Gameplay/UI_Gameplay_PlayType2_LevelUp_Character_03.png,UI_Gameplay_PlayType2_LevelUp_Character_03,False,225,243,"0,0,0,0",7f787670f62a3bcd6a07b140167f0741b9d3b44cf13531620b8fc36a22484887
UI_Gameplay_PlayType2_Top_BtnPause_Btn_Normal,战斗界面：开始游戏 / Type2 / Top / 按钮底图 / 暂停 / 按钮底图 / 普通状态,Gameplay,Normal,PlayType2.psd,Top/BtnPause/btn,Assets/AllResources/淘宝ui素材/RuntimeSprites/Gameplay/UI_Gameplay_PlayType1_BtnPause_Btn_Normal.png,UI_Gameplay_PlayType1_BtnPause_Btn_Normal,True,91,92,"0,0,0,0",2bb8585a1860efa73ec23090f30b3221211e2fb0d4a2f1a13491e31fca56fa4d
UI_Gameplay_PlayType2_Top_BtnPause_Icon,战斗界面：开始游戏 / Type2 / Top / 按钮底图 / 暂停 / 图标,Gameplay,Icon,PlayType2.psd,Top/BtnPause/icon,Assets/AllResources/淘宝ui素材/RuntimeSprites/Gameplay/UI_Gameplay_PlayType2_Top_BtnPause_Icon.png,UI_Gameplay_PlayType2_Top_BtnPause_Icon,False,37,47,"0,0,0,0",f9811ebdee75806340e39757c71d31dbd6c79f1c69edddc8d10698bac6df797d
UI_Gameplay_PlayType2_Top_Progress_Bar_Background,战斗界面：开始游戏 / Type2 / Top / 进度 / 进度条 / 背景,Gameplay,Background,PlayType2.psd,Top/Progress/bar,Assets/AllResources/淘宝ui素材/RuntimeSprites/Gameplay/UI_Gameplay_PlayType2_Top_Progress_Bar_Background.png,UI_Gameplay_PlayType2_Top_Progress_Bar_Background,False,357,18,"0,0,0,0",2bf710c5d75de7fd8464c83f23b6513c3654b62be37a87934487c53e1bb7410f
UI_Gameplay_PlayType2_Top_Progress_Prg_Fill,战斗界面：开始游戏 / Type2 / Top / 进度 / Prg / 填充,Gameplay,Fill,PlayType2.psd,Top/Progress/prg,Assets/AllResources/淘宝ui素材/RuntimeSprites/Gameplay/UI_Gameplay_PlayType2_Top_Progress_Prg_Fill.png,UI_Gameplay_PlayType2_Top_Progress_Prg_Fill,False,102,18,"0,0,0,0",22abb4b7655b7bb820efde9f035fe355c1530b76bdfd0593e5ba3c2b219d4f8b
UI_Gameplay_PlayType2_Top_Resource_Coin,战斗界面：开始游戏 / Type2 / Top / 资源栏 / 金币,Gameplay,Simple,PlayType2.psd,Top/Resource/Coin,Assets/AllResources/淘宝ui素材/RuntimeSprites/Gameplay/UI_Gameplay_PlayType2_Top_Resource_Coin.png,UI_Gameplay_PlayType2_Top_Resource_Coin,False,321,71,"0,0,0,0",5ce028b88eaf37d7caec13a99d4a3b0e7562e429cfa88f021c02914d0a825097
UI_Gameplay_PlayType2_Top_Resource_Gem,战斗界面：开始游戏 / Type2 / Top / 资源栏 / 宝石,Gameplay,Simple,PlayType2.psd,Top/Resource/Gem,Assets/AllResources/淘宝ui素材/RuntimeSprites/Gameplay/UI_Gameplay_PlayType2_Top_Resource_Gem.png,UI_Gameplay_PlayType2_Top_Resource_Gem,False,236,71,"0,0,0,0",9cd9512a7e8f4b60a808131501f20a715a9e5d11c65577690c2d8e936dba62b1
UI_Gameplay_PlayType3_Background,战斗界面：开始游戏 / Type3 / 背景,Gameplay,Background,PlayType3.psd,Background,Assets/AllResources/淘宝ui素材/RuntimeSprites/Gameplay/UI_Gameplay_PlayType3_Background.png,UI_Gameplay_PlayType3_Background,False,3045,1481,"0,0,0,0",6c773de77ca663ca642ffd79e3ed30422b6229fb2745e16dfde74a8fdab0f2be
UI_Gameplay_PlayType3_Control,战斗界面：开始游戏 / Type3 / 控制,Gameplay,Simple,PlayType3.psd,Control,Assets/AllResources/淘宝ui素材/RuntimeSprites/Gameplay/UI_Gameplay_PlayType1_Control.png,UI_Gameplay_PlayType1_Control,True,279,279,"0,0,0,0",499cf66a443527934a0c80a837c83ea0d723aa112d8521a5c356b7396b0f9af5
UI_Gameplay_PlayType3_Gold,战斗界面：开始游戏 / Type3 / 金币,Gameplay,Simple,PlayType3.psd,Gold,Assets/AllResources/淘宝ui素材/RuntimeSprites/Gameplay/UI_Gameplay_PlayType3_Gold.png,UI_Gameplay_PlayType3_Gold,False,104,131,"0,0,0,0",7acf0f990af9e4c5bed96af24f65f4a4d21e969cf322b3fa162a53016dc21bb8
UI_Gameplay_PlayType3_Gold_02,战斗界面：开始游戏 / Type3 / 金币 / 02号,Gameplay,Simple,PlayType3.psd,Gold ,Assets/AllResources/淘宝ui素材/RuntimeSprites/Gameplay/UI_Gameplay_PlayType3_Gold_02.png,UI_Gameplay_PlayType3_Gold_02,False,76,111,"0,0,0,0",c15f3f580d0a6c5e9d9ba44a2474acfd5165ac03d59b762036b9b37785436766
UI_Gameplay_PlayType3_HpBoss_Prg_Bar_Fill,战斗界面：开始游戏 / Type3 / 生命值 / Boss / Prg / 进度条 / 填充,Gameplay,Fill,PlayType3.psd,HP Boss/prg/bar,Assets/AllResources/淘宝ui素材/RuntimeSprites/Gameplay/UI_Gameplay_PlayType3_HpBoss_Prg_Bar_Fill.png,UI_Gameplay_PlayType3_HpBoss_Prg_Bar_Fill,False,166,26,"0,0,0,0",cfe11038c5eed27ea5eb3d7dcbe2d7959c5eb9719fce3b76047bbfff83794f75
UI_Gameplay_PlayType3_HpBoss_Prg_BarBg_Background,战斗界面：开始游戏 / Type3 / 生命值 / Boss / Prg / 进度条 / Bg / 背景,Gameplay,Background,PlayType3.psd,HP Boss/prg/bar bg,Assets/AllResources/淘宝ui素材/RuntimeSprites/Gameplay/UI_Gameplay_PlayType3_HpBoss_Prg_BarBg_Background.png,UI_Gameplay_PlayType3_HpBoss_Prg_BarBg_Background,False,402,42,"0,0,0,0",ea2dda6904e86e62f5e64f25c334717548110d2bb2dd24f2ba4fea513236d111
UI_Gameplay_PlayType3_HpBoss_Prg_BarBg_Background_02,战斗界面：开始游戏 / Type3 / 生命值 / Boss / Prg / 进度条 / Bg / 背景 / 02号,Gameplay,Background,PlayType3.psd,HP Boss/prg/bar bg#2,Assets/AllResources/淘宝ui素材/RuntimeSprites/Gameplay/UI_Gameplay_PlayType3_HpBoss_Prg_BarBg_Background_02.png,UI_Gameplay_PlayType3_HpBoss_Prg_BarBg_Background_02,False,390,34,"0,0,0,0",d30b70e5246dcc54790427f3f17a466db440753261dd9c092b75af0c8650152d
UI_Gameplay_PlayType3_HpDefault_Bar_Fill,战斗界面：开始游戏 / Type3 / 生命值 / 默认 / 进度条 / 填充,Gameplay,Fill,PlayType3.psd,HP Default/bar,Assets/AllResources/淘宝ui素材/RuntimeSprites/Gameplay/UI_Gameplay_PlayType3_HpDefault_Bar_Fill.png,UI_Gameplay_PlayType3_HpDefault_Bar_Fill,False,83,17,"0,0,0,0",d9d8e98cf939c75a74a473da9c2eccd18adcf9ceacaa79382ad6dd679b866e85
UI_Gameplay_PlayType3_HpDefault_BarBg_Background,战斗界面：开始游戏 / Type3 / 生命值 / 默认 / 进度条 / Bg / 背景,Gameplay,Background,PlayType3.psd,HP Default/bar bg,Assets/AllResources/淘宝ui素材/RuntimeSprites/Gameplay/UI_Gameplay_PlayType3_HpDefault_BarBg_Background.png,UI_Gameplay_PlayType3_HpDefault_BarBg_Background,False,111,20,"0,0,0,0",b7133c8b2eea3b3b14b2bbef206b3eb3aafa38aace102d0ab59159a34091d0d3
UI_Gameplay_PlayType3_HpDefault_Frame,战斗界面：开始游戏 / Type3 / 生命值 / 默认 / 边框,Gameplay,Frame,PlayType3.psd,HP Default/frame,Assets/AllResources/淘宝ui素材/RuntimeSprites/Gameplay/UI_Gameplay_PlayType3_HpDefault_Frame.png,UI_Gameplay_PlayType3_HpDefault_Frame,False,118,26,"0,0,0,0",4314cab30d708e1c6160d18d066aafb74aa600cb1b283857c4876d2e9eea307b
UI_Gameplay_PlayType3_HpMiniboss_Bar_Fill,战斗界面：开始游戏 / Type3 / 生命值 / Miniboss / 进度条 / 填充,Gameplay,Fill,PlayType3.psd,HP Miniboss/bar,Assets/AllResources/淘宝ui素材/RuntimeSprites/Gameplay/UI_Gameplay_PlayType3_HpMiniboss_Bar_Fill.png,UI_Gameplay_PlayType3_HpMiniboss_Bar_Fill,False,31,15,"0,0,0,0",1c14829efe2c03ad9ed6d011b52ef5615aa515cd7dc15ca7cdeaf0700474e632
UI_Gameplay_PlayType3_HpMiniboss_BarBg_Background,战斗界面：开始游戏 / Type3 / 生命值 / Miniboss / 进度条 / Bg / 背景,Gameplay,Background,PlayType3.psd,HP Miniboss/bar bg,Assets/AllResources/淘宝ui素材/RuntimeSprites/Gameplay/UI_Gameplay_PlayType3_HpMiniboss_BarBg_Background.png,UI_Gameplay_PlayType3_HpMiniboss_BarBg_Background,False,170,19,"0,0,0,0",695ee54f055f714e63e865ce3f6af21f71d590f3f84764a306530f7d17a1f0e8
UI_Gameplay_PlayType3_HpMiniboss_Frame,战斗界面：开始游戏 / Type3 / 生命值 / Miniboss / 边框,Gameplay,Frame,PlayType3.psd,HP Miniboss/frame,Assets/AllResources/淘宝ui素材/RuntimeSprites/Gameplay/UI_Gameplay_PlayType3_HpMiniboss_Frame.png,UI_Gameplay_PlayType3_HpMiniboss_Frame,False,189,37,"0,0,0,0",68b5da25cd8be8f1a5ac19c98e4746521e7fb7fe3843caaee5213c405c4d946e
UI_Gameplay_PlayType3_PlayBtn_Bomb,战斗界面：开始游戏 / Type3 / 开始游戏 / 按钮底图 / Bomb,Gameplay,Simple,PlayType3.psd,PlayBtn/Bomb,Assets/AllResources/淘宝ui素材/RuntimeSprites/Gameplay/UI_Gameplay_PlayType1_PlayBtn_Bomb.png,UI_Gameplay_PlayType1_PlayBtn_Bomb,True,154,155,"0,0,0,0",23b844ee5c5e34503079496e32b692b60ba074c27e119d49b0d732c9de40322d
UI_Gameplay_PlayType3_PlayBtn_Defense,战斗界面：开始游戏 / Type3 / 开始游戏 / 按钮底图 / Defense,Gameplay,Simple,PlayType3.psd,PlayBtn/defense,Assets/AllResources/淘宝ui素材/RuntimeSprites/Gameplay/UI_Gameplay_PlayType1_PlayBtn_Defense.png,UI_Gameplay_PlayType1_PlayBtn_Defense,True,158,158,"0,0,0,0",119b70a42ca9a72eecc6a5d75af7390d9bc30a6429d1a12e621737c3adcc9b3e
UI_Gameplay_PlayType3_PlayBtn_Jump,战斗界面：开始游戏 / Type3 / 开始游戏 / 按钮底图 / Jump,Gameplay,Simple,PlayType3.psd,PlayBtn/Jump,Assets/AllResources/淘宝ui素材/RuntimeSprites/Gameplay/UI_Gameplay_PlayType1_PlayBtn_Jump.png,UI_Gameplay_PlayType1_PlayBtn_Jump,True,125,125,"0,0,0,0",3d53c9f3b40b7db074a777f026c113fae55bfc871ea32792ff6d5849805dd671
UI_Gameplay_PlayType3_PlayBtn_Shoot,战斗界面：开始游戏 / Type3 / 开始游戏 / 按钮底图 / Shoot,Gameplay,Simple,PlayType3.psd,PlayBtn/Shoot,Assets/AllResources/淘宝ui素材/RuntimeSprites/Gameplay/UI_Gameplay_PlayType1_PlayBtn_Shoot.png,UI_Gameplay_PlayType1_PlayBtn_Shoot,True,178,178,"0,0,0,0",a3451dcd6b45eb9e41a104c12fda327a86c024dd7384bcb94ea5ca6629883f48
UI_Gameplay_PlayType3_Top_BtnPause_Btn_Normal,战斗界面：开始游戏 / Type3 / Top / 按钮底图 / 暂停 / 按钮底图 / 普通状态,Gameplay,Normal,PlayType3.psd,Top/BtnPause/btn,Assets/AllResources/淘宝ui素材/RuntimeSprites/Gameplay/UI_Gameplay_PlayType3_Top_BtnPause_Btn_Normal.png,UI_Gameplay_PlayType3_Top_BtnPause_Btn_Normal,False,91,92,"0,0,0,0",de2b8f501196411bf801c1ad0dba69c88903cab634947053d52bd27e602ec06b
UI_Gameplay_PlayType3_Top_BtnPause_Icon,战斗界面：开始游戏 / Type3 / Top / 按钮底图 / 暂停 / 图标,Gameplay,Icon,PlayType3.psd,Top/BtnPause/icon,Assets/AllResources/淘宝ui素材/RuntimeSprites/Gameplay/UI_Gameplay_PlayType2_Top_BtnPause_Icon.png,UI_Gameplay_PlayType2_Top_BtnPause_Icon,True,37,47,"0,0,0,0",f9811ebdee75806340e39757c71d31dbd6c79f1c69edddc8d10698bac6df797d
UI_Gameplay_PlayType3_Top_Resource_Coin,战斗界面：开始游戏 / Type3 / Top / 资源栏 / 金币,Gameplay,Simple,PlayType3.psd,Top/Resource/Coin,Assets/AllResources/淘宝ui素材/RuntimeSprites/Gameplay/UI_Gameplay_PlayType2_Top_Resource_Coin.png,UI_Gameplay_PlayType2_Top_Resource_Coin,True,321,71,"0,0,0,0",5ce028b88eaf37d7caec13a99d4a3b0e7562e429cfa88f021c02914d0a825097
UI_Gameplay_PlayType3_Top_Resource_Gem,战斗界面：开始游戏 / Type3 / Top / 资源栏 / 宝石,Gameplay,Simple,PlayType3.psd,Top/Resource/Gem,Assets/AllResources/淘宝ui素材/RuntimeSprites/Gameplay/UI_Gameplay_PlayType2_Top_Resource_Gem.png,UI_Gameplay_PlayType2_Top_Resource_Gem,True,236,71,"0,0,0,0",9cd9512a7e8f4b60a808131501f20a715a9e5d11c65577690c2d8e936dba62b1
UI_Gameplay_PlayType3_Top_UserInfo,战斗界面：开始游戏 / Type3 / Top / User / Info,Gameplay,Simple,PlayType3.psd,Top/UserInfo,Assets/AllResources/淘宝ui素材/RuntimeSprites/Gameplay/UI_Gameplay_PlayType3_Top_UserInfo.png,UI_Gameplay_PlayType3_Top_UserInfo,False,528,199,"0,0,0,0",8ac21b4907f2e30b2f7513d69093d14792191430cf4f28ab4140de4cc6aaa34f
UI_Home_Adremove_Background,主界面：Adremove / 背景,Home,Background,ADRemove.psd,Background,Assets/AllResources/淘宝ui素材/RuntimeSprites/Home/UI_Home_Adremove_Background.png,UI_Home_Adremove_Background,False,1922,1082,"0,0,0,0",298d990e24147cea7e92a47f8328eafa13755dcdaa509e21fbdfd6c45dd850a5
UI_Home_Adremove_ButtonGray_Btn_Normal,主界面：Adremove / 按钮 / 灰色 / 按钮底图 / 普通状态,Home,Sliced,ADRemove.psd,Button_Gray/btn,Assets/AllResources/淘宝ui素材/RuntimeSprites/Home/UI_Home_Adremove_ButtonGray_Btn_Normal.png,UI_Home_Adremove_ButtonGray_Btn_Normal,False,316,103,"23,23,23,23",e6c94e415b6265959da19574d1926c9f24f464a85330a4c0f7b5fe20e9ca7255
UI_Home_Adremove_ButtonGreen_Btn_Normal,主界面：Adremove / 按钮 / 绿色 / 按钮底图 / 普通状态,Home,Sliced,ADRemove.psd,Button_Green/btn,Assets/AllResources/淘宝ui素材/RuntimeSprites/Home/UI_Home_Adremove_ButtonGreen_Btn_Normal.png,UI_Home_Adremove_ButtonGreen_Btn_Normal,False,316,103,"23,23,23,23",fdfcbfe4960ab373b877cee7e0434022d355b126a019f3dc14a6ed8a0e055d7e
UI_Home_Adremove_Icon,主界面：Adremove / 图标,Home,Icon,ADRemove.psd,Icon,Assets/AllResources/淘宝ui素材/RuntimeSprites/Home/UI_Home_Adremove_Icon.png,UI_Home_Adremove_Icon,False,602,390,"0,0,0,0",82cba9dda0f0364c02f85676655dd352ac55ce1ccee0c43796614795098ddcde
UI_Home_Background,主界面：背景,Home,Background,Home.psd,Background,Assets/AllResources/淘宝ui素材/RuntimeSprites/Home/UI_Home_Background.png,UI_Home_Background,False,1920,1080,"0,0,0,0",663cabb89867825d714507915b547db00a17e51fc13d7fbff504651a938128c7
UI_Home_ButtonBoss,主界面：按钮 / Boss,Home,Simple,Home.psd,Button_Boss,Assets/AllResources/淘宝ui素材/RuntimeSprites/Home/UI_Home_ButtonBoss.png,UI_Home_ButtonBoss,False,211,201,"0,0,0,0",29d5ca376a01cdae235a30c6bd92f3a12ba3a4586fd31da8f888bc70dd7b7219
UI_Home_ButtonPlay_Btn_Normal,主界面：按钮 / 开始游戏 / 按钮底图 / 普通状态,Home,Normal,Home.psd,Button_Play/btn,Assets/AllResources/淘宝ui素材/RuntimeSprites/Home/UI_Home_ButtonPlay_Btn_Normal.png,UI_Home_ButtonPlay_Btn_Normal,False,310,160,"0,0,0,0",149237534f11d05df4a7ec58b4ba766d88b80a81c95a76839472c3ab72ffc339
UI_Home_ButtonPlay_DecoL_Overlay,主界面：按钮 / 开始游戏 / 装饰 / L / 覆盖层,Home,Overlay,Home.psd,Button_Play/deco_l,Assets/AllResources/淘宝ui素材/RuntimeSprites/Home/UI_Home_ButtonPlay_DecoL_Overlay.png,UI_Home_ButtonPlay_DecoL_Overlay,False,67,170,"0,0,0,0",9b9c2f3385bf2a1856f106d73d62e747b0c3fad4eb4bc2f2a397e2d990a2754b
UI_Home_ButtonPlay_DecoR_Overlay,主界面：按钮 / 开始游戏 / 装饰 / R / 覆盖层,Home,Overlay,Home.psd,Button_Play/deco_r,Assets/AllResources/淘宝ui素材/RuntimeSprites/Home/UI_Home_ButtonPlay_DecoR_Overlay.png,UI_Home_ButtonPlay_DecoR_Overlay,False,67,170,"0,0,0,0",733d859e064a20c35d889420d7ebc9e4a6bef1a698dd2e78ff875682ab4430db
UI_Home_Menu_AlarmBadge,主界面：菜单 / Alarm / 角标,Home,Simple,Home.psd,Menu/alarm badge,Assets/AllResources/淘宝ui素材/RuntimeSprites/Home/UI_Home_Menu_AlarmBadge.png,UI_Home_Menu_AlarmBadge,False,57,57,"0,0,0,0",50cf73a8d833fe339dceb8eaae6aa9f5fc8c67a42b8a4d653184c9733373aeb2
UI_Home_Menu_AlarmBadge_02,主界面：菜单 / Alarm / 角标 / 02号,Home,Simple,Home.psd,Menu/alarm badge#2,Assets/AllResources/淘宝ui素材/RuntimeSprites/Home/UI_Home_Menu_AlarmBadge_02.png,UI_Home_Menu_AlarmBadge_02,False,58,57,"0,0,0,0",1e14c2063015bab7cc017497127af2a06551e56e985cd16606381f55f9d6d9e1
UI_Home_Menu_Btn_Normal,主界面：菜单 / 按钮底图 / 普通状态,Home,Normal,Home.psd,Menu/btn/btn,Assets/AllResources/淘宝ui素材/RuntimeSprites/Home/UI_Home_Menu_Btn_Normal.png,UI_Home_Menu_Btn_Normal,False,183,133,"0,0,0,0",4c26ac2b3aec6e7eea4800ae6f24aa0f811450584ede3b3c2d38fb84e62d76e2
UI_Home_Menu_Btn_Normal_02,主界面：菜单 / 按钮底图 / 普通状态 / 02号,Home,Normal,Home.psd,Menu/btn/btn#2,Assets/AllResources/淘宝ui素材/RuntimeSprites/Home/UI_Home_Menu_Btn_Normal_02.png,UI_Home_Menu_Btn_Normal_02,False,184,133,"0,0,0,0",40a08e0f740ac6f7c7a9826c91305bdc393cfe21f8421fd73cc42f4d37bd311b
UI_Home_Menu_Btn_Normal_03,主界面：菜单 / 按钮底图 / 普通状态 / 03号,Home,Normal,Home.psd,Menu/btn/btn#3,Assets/AllResources/淘宝ui素材/RuntimeSprites/Home/UI_Home_Menu_Btn_Normal_03.png,UI_Home_Menu_Btn_Normal_03,False,184,133,"0,0,0,0",8f3982c5aa9ca7762dc3fbd09793e154f1f3c1d178cf0dd10bdf6c8f5de485fb
UI_Home_Menu_Btn_Normal_04,主界面：菜单 / 按钮底图 / 普通状态 / 04号,Home,Normal,Home.psd,Menu/btn/btn#4,Assets/AllResources/淘宝ui素材/RuntimeSprites/Home/UI_Home_Menu_Btn_Normal.png,UI_Home_Menu_Btn_Normal,True,183,133,"0,0,0,0",4c26ac2b3aec6e7eea4800ae6f24aa0f811450584ede3b3c2d38fb84e62d76e2
UI_Home_Menu_Btn_Normal_05,主界面：菜单 / 按钮底图 / 普通状态 / 05号,Home,Normal,Home.psd,Menu/btn/btn#5,Assets/AllResources/淘宝ui素材/RuntimeSprites/Home/UI_Home_Menu_Btn_Normal_02.png,UI_Home_Menu_Btn_Normal_02,True,184,133,"0,0,0,0",40a08e0f740ac6f7c7a9826c91305bdc393cfe21f8421fd73cc42f4d37bd311b
UI_Home_Menu_Guild,主界面：菜单 / 公会,Home,Simple,Home.psd,Menu/Guild,Assets/AllResources/淘宝ui素材/RuntimeSprites/Home/UI_Home_Menu_Guild.png,UI_Home_Menu_Guild,False,132,134,"0,0,0,0",a73220ac2e71b2c86132ba43f814dfebd11fc68c63862f385db9fff976ab1f05
UI_Home_Menu_Heroes,主界面：菜单 / 英雄,Home,Simple,Home.psd,Menu/Heroes,Assets/AllResources/淘宝ui素材/RuntimeSprites/Home/UI_Home_Menu_Heroes.png,UI_Home_Menu_Heroes,False,108,140,"0,0,0,0",d3caba8733d6853911406e062b861db3548c48b6fad4d122d476265ffdd5b4e2
UI_Home_Menu_IconLock_Icon,主界面：菜单 / 图标 / 锁定 / 图标,Home,Icon,Home.psd,Menu/icon lock,Assets/AllResources/淘宝ui素材/RuntimeSprites/Home/UI_Home_Menu_IconLock_Icon.png,UI_Home_Menu_IconLock_Icon,False,44,61,"0,0,0,0",82d57f243afc0ecaaf167b2a20b31db139395caded8d8fd8b53868ce4dfe2c3f
UI_Home_Menu_Inventory,主界面：菜单 / 背包,Home,Simple,Home.psd,Menu/Inventory,Assets/AllResources/淘宝ui素材/RuntimeSprites/Home/UI_Home_Menu_Inventory.png,UI_Home_Menu_Inventory,False,156,127,"0,0,0,0",e4384d29067a41c4367ce29cfa51d4d9e4534681790abfebe428a86fcc8b9d08
UI_Home_Menu_Store,主界面：菜单 / 商店,Home,Simple,Home.psd,Menu/Store,Assets/AllResources/淘宝ui素材/RuntimeSprites/Home/UI_Home_Menu_Store.png,UI_Home_Menu_Store,False,113,135,"0,0,0,0",49e339df3ca5f63aa13f5018497a8742dcc15169266377388276f9c41272df6e
UI_Home_Menu_Upgrade,主界面：菜单 / 升级,Home,Simple,Home.psd,Menu/Upgrade,Assets/AllResources/淘宝ui素材/RuntimeSprites/Home/UI_Home_Menu_Upgrade.png,UI_Home_Menu_Upgrade,False,143,124,"0,0,0,0",2493e16758c88692aaa84f2b403a5325dd280b3979e6a32c36c50882d4f2c699
UI_Home_Mission,主界面：任务,Home,Simple,Home.psd,mission,Assets/AllResources/淘宝ui素材/RuntimeSprites/Home/UI_Home_Mission.png,UI_Home_Mission,False,468,125,"0,0,0,0",c54a70200d9a7deb11e7cd8c4ffd3ef3e5eae4de791d7f09555423c5e29e29ff
UI_Home_Offline_Background,主界面：Offline / 背景,Home,Background,Offline.psd,Background,Assets/AllResources/淘宝ui素材/RuntimeSprites/Home/UI_Home_Offline_Background.png,UI_Home_Offline_Background,False,1922,1082,"0,0,0,0",7743ab62888e530d8bba56ec67f5d49157ba1caa961c2b0143e93bb21d4ddc38
UI_Home_Offline_ButtonGreen_Btn_Normal,主界面：Offline / 按钮 / 绿色 / 按钮底图 / 普通状态,Home,Sliced,Offline.psd,Button_Green/btn,Assets/AllResources/淘宝ui素材/RuntimeSprites/Home/UI_Home_Offline_ButtonGreen_Btn_Normal.png,UI_Home_Offline_ButtonGreen_Btn_Normal,False,316,103,"23,23,23,23",77d31442393eb7f9e485e5b6cc40ab4c3c2e2b2e72789aac77e886d5bec886fc
UI_Home_Offline_ButtonYellow_Btn_Normal,主界面：Offline / 按钮 / 黄色 / 按钮底图 / 普通状态,Home,Sliced,Offline.psd,Button_Yellow/btn,Assets/AllResources/淘宝ui素材/RuntimeSprites/Home/UI_Home_Offline_ButtonYellow_Btn_Normal.png,UI_Home_Offline_ButtonYellow_Btn_Normal,False,316,103,"23,23,23,23",794f0ac3dddbbbe21dd01177d1dac809e0a4b1766db397c95b54aee840cee430
UI_Home_Offline_ButtonYellow_TagFree,主界面：Offline / 按钮 / 黄色 / Tag / Free,Home,Simple,Offline.psd,Button_Yellow/Tag Free,Assets/AllResources/淘宝ui素材/RuntimeSprites/Home/UI_Home_Offline_ButtonYellow_TagFree.png,UI_Home_Offline_ButtonYellow_TagFree,False,128,38,"0,0,0,0",a4652531a020a4a69d6a3e82435238d154dc440f5505effd6e47e8b3ebb68e07
UI_Home_Offline_PopupBg,主界面：Offline / 弹窗 / Bg,Home,Sliced,Offline.psd,Popup_BG,Assets/AllResources/淘宝ui素材/RuntimeSprites/Home/UI_Home_Offline_PopupBg.png,UI_Home_Offline_PopupBg,False,856,782,"32,24,32,24",f1d74d13ce51e8b0a1f854d7bf1f5e2966e9ad0336d085b7448f94d08303f1ed
UI_Home_Offline_ProgressBar_Fill,主界面：Offline / 进度 / 进度条 / 填充,Home,Fill,Offline.psd,Progress Bar,Assets/AllResources/淘宝ui素材/RuntimeSprites/Home/UI_Home_Offline_ProgressBar_Fill.png,UI_Home_Offline_ProgressBar_Fill,False,673,69,"0,0,0,0",ab4edca2f5bc8670be19038b7def761c46cac708a43cc900ffcaf7433baf3355
UI_Home_Offline_Reward_IconCoin_Icon,主界面：Offline / 奖励 / 图标 / 金币 / 图标,Home,Icon,Offline.psd,Reward/Icon Coin,Assets/AllResources/淘宝ui素材/RuntimeSprites/Home/UI_Home_Offline_Reward_IconCoin_Icon.png,UI_Home_Offline_Reward_IconCoin_Icon,False,449,121,"0,0,0,0",19dd1249b4465d385336e74f6c1f9cc267d192bbd747a4a894cb5651e2594026
UI_Home_Offline_Reward_IconGem_Icon,主界面：Offline / 奖励 / 图标 / 宝石 / 图标,Home,Icon,Offline.psd,Reward/Icon Gem,Assets/AllResources/淘宝ui素材/RuntimeSprites/Home/UI_Home_Offline_Reward_IconGem_Icon.png,UI_Home_Offline_Reward_IconGem_Icon,False,449,121,"0,0,0,0",5b4fe882dfe89ab575abaaf37348450675a6249e9450cf97f5eb0fe89ecd411a
UI_Home_Offline_Title,主界面：Offline / 标题,Home,Simple,Offline.psd,title,Assets/AllResources/淘宝ui素材/RuntimeSprites/Home/UI_Home_Offline_Title.png,UI_Home_Offline_Title,False,695,190,"0,0,0,0",3634bd23aee17256ec0f9742e5f5e74608e52a6c53dda1619d730d434bb8bb1b
UI_Home_Offline_TitleBg_Background,主界面：Offline / 标题 / Bg / 背景,Home,Background,Offline.psd,Title BG,Assets/AllResources/淘宝ui素材/RuntimeSprites/Home/UI_Home_Offline_TitleBg_Background.png,UI_Home_Offline_TitleBg_Background,False,568,41,"0,0,0,0",65d58efca12512ccab39fc98ebbccbf6a8ca0f6fca389ae51fc5f31412304eed
UI_Home_PowerSave_Background,主界面：Power / Save / 背景,Home,Background,PowerSave.psd,Background,Assets/AllResources/淘宝ui素材/RuntimeSprites/Home/UI_Home_PowerSave_Background.png,UI_Home_PowerSave_Background,False,1923,1094,"0,0,0,0",42215a96be4063ccd0458544b4250c79c1251a80204318b2205fde7c89aeb357
UI_Home_PowerSave_Stat,主界面：Power / Save / 属性,Home,Simple,PowerSave.psd,Stat,Assets/AllResources/淘宝ui素材/RuntimeSprites/Home/UI_Home_PowerSave_Stat.png,UI_Home_PowerSave_Stat,False,294,66,"0,0,0,0",3d7995daa9708d78aa765a5b9ad6b8f0f6d55828d96371d5637f05daca1e32b9
UI_Home_PowerSave_SwordIcon_Icon,主界面：Power / Save / Sword / 图标,Home,Icon,PowerSave.psd,Sword Icon,Assets/AllResources/淘宝ui素材/RuntimeSprites/Home/UI_Home_PowerSave_SwordIcon_Icon.png,UI_Home_PowerSave_SwordIcon_Icon,False,362,331,"0,0,0,0",205d39141db7a92d2fc2a3127b7b47fc601ebdc958bebf0c9abe2a14e982d432
UI_Home_PowerSave_Time,主界面：Power / Save / Time,Home,Simple,PowerSave.psd,Time,Assets/AllResources/淘宝ui素材/RuntimeSprites/Home/UI_Home_PowerSave_Time.png,UI_Home_PowerSave_Time,False,297,95,"0,0,0,0",6341b3524a388cf9eeafbf9a08a5bc2e7bf8151c74f4f8208966f5fd248e05f2
UI_Home_Rate_Background,主界面：Rate / 背景,Home,Background,Rate.psd,Background,Assets/AllResources/淘宝ui素材/RuntimeSprites/Home/UI_Home_Rate_Background.png,UI_Home_Rate_Background,False,1920,1080,"0,0,0,0",7dbbd90c6365dda252cac94e1dc4f28caa54a4d920233acff86caa1a49b72ba4
UI_Home_Rate_ButtonYellow_Btn_Normal,主界面：Rate / 按钮 / 黄色 / 按钮底图 / 普通状态,Home,Sliced,Rate.psd,Button_Yellow/btn,Assets/AllResources/淘宝ui素材/RuntimeSprites/Home/UI_Home_Rate_ButtonYellow_Btn_Normal.png,UI_Home_Rate_ButtonYellow_Btn_Normal,False,495,103,"23,23,23,23",f9edd552ddc101741195847db1f3ada5c8d2a789e609e82f3bc73951cfbd905e
UI_Home_Rate_Star,主界面：Rate / Star,Home,Simple,Rate.psd,star,Assets/AllResources/淘宝ui素材/RuntimeSprites/Home/UI_Home_Rate_Star.png,UI_Home_Rate_Star,False,732,172,"0,0,0,0",c5366a7ab1789b1ad84300b9290b14f185e3babb1d113e5707692553d3bb9486
UI_Home_Rate_Top_ButtonClose_Btn_Normal,主界面：Rate / Top / 按钮 / Close / 按钮底图 / 普通状态,Home,Normal,Rate.psd,Top/Button_Close/btn,Assets/AllResources/淘宝ui素材/RuntimeSprites/Home/UI_Home_Rate_Top_ButtonClose_Btn_Normal.png,UI_Home_Rate_Top_ButtonClose_Btn_Normal,False,90,92,"0,0,0,0",800f8286c76c34d4ea1e51023137f0a80ab43f6efdea0d67aea75dab7c9a131b
UI_Home_Rate_Top_ButtonClose_Icon,主界面：Rate / Top / 按钮 / Close / 图标,Home,Icon,Rate.psd,Top/Button_Close/icon,Assets/AllResources/淘宝ui素材/RuntimeSprites/Home/UI_Home_Rate_Top_ButtonClose_Icon.png,UI_Home_Rate_Top_ButtonClose_Icon,False,39,40,"0,0,0,0",bc1afa06bc4d1c495f5ac993b302d9e11bf150f7369d5c37d9114cf18cde661d
UI_Home_Rate_Top_DecoLine_Overlay,主界面：Rate / Top / 装饰 / Line / 覆盖层,Home,Overlay,Rate.psd,Top/Deco_line,Assets/AllResources/淘宝ui素材/RuntimeSprites/Home/UI_Home_Rate_Top_DecoLine_Overlay.png,UI_Home_Rate_Top_DecoLine_Overlay,False,1922,68,"0,0,0,0",d55b1590ed8c0377f6ec4fcc2f0372e2cb469a3af804481dbd780528506b275b
UI_Home_Reward_IconFreeGold_Icon,主界面：奖励 / 图标 / Free / 金币 / 图标,Home,Icon,Home.psd,Reward/Icon FreeGold,Assets/AllResources/淘宝ui素材/RuntimeSprites/Home/UI_Home_Reward_IconFreeGold_Icon.png,UI_Home_Reward_IconFreeGold_Icon,False,181,145,"0,0,0,0",65333ea3c23346adfc56b55bb4b94dbd1721e813055b7e450258019d433ed9ef
UI_Home_Reward_IconGemDc_Icon,主界面：奖励 / 图标 / 宝石 / Dc / 图标,Home,Icon,Home.psd,Reward/Icon Gem DC,Assets/AllResources/淘宝ui素材/RuntimeSprites/Home/UI_Home_Reward_IconGemDc_Icon.png,UI_Home_Reward_IconGemDc_Icon,False,162,133,"0,0,0,0",d89a65cc951ac801bfb8506337a63e0c2566078dfb910d88dacf5c1488da478f
UI_Home_Reward_IconSave_TagFull,主界面：奖励 / 图标 / Save / Tag / Full,Home,Simple,Home.psd,Reward/Icon Save/tag full,Assets/AllResources/淘宝ui素材/RuntimeSprites/Home/UI_Home_Reward_IconSave_TagFull.png,UI_Home_Reward_IconSave_TagFull,False,61,38,"0,0,0,0",c1f45405e79a547a2f0b359a466ca512d7fd39abb306cdacd0cf008de7bd16da
UI_Home_Setting_Background,主界面：设置 / 背景,Home,Background,Setting.psd,Background,Assets/AllResources/淘宝ui素材/RuntimeSprites/Home/UI_Home_Setting_Background.png,UI_Home_Setting_Background,False,1920,1080,"0,0,0,0",01bcb53f0fcfa0f72cb0c9d6d039711b1f943f21a3d4c5a5e325a9a88f0b9cd9
UI_Home_Setting_Buttons_ButtonGray_Btn_Normal,主界面：设置 / Buttons / 按钮 / 灰色 / 按钮底图 / 普通状态,Home,Sliced,Setting.psd,Buttons/Button_Gray/btn,Assets/AllResources/淘宝ui素材/RuntimeSprites/Home/UI_Home_Setting_Buttons_ButtonGray_Btn_Normal.png,UI_Home_Setting_Buttons_ButtonGray_Btn_Normal,False,394,103,"23,23,23,23",a2bd5c869a407ac83b25fd317376993aeccd801490d4216fc0441dfeeca6c755
UI_Home_Setting_Buttons_ButtonGray_Btn_Normal_02,主界面：设置 / Buttons / 按钮 / 灰色 / 按钮底图 / 普通状态 / 02号,Home,Sliced,Setting.psd,Buttons/Button_Gray#2/btn,Assets/AllResources/淘宝ui素材/RuntimeSprites/Home/UI_Home_Setting_Buttons_ButtonGray_Btn_Normal.png,UI_Home_Setting_Buttons_ButtonGray_Btn_Normal,True,394,103,"23,23,23,23",a2bd5c869a407ac83b25fd317376993aeccd801490d4216fc0441dfeeca6c755
UI_Home_Setting_Buttons_ButtonGray_Btn_Normal_03,主界面：设置 / Buttons / 按钮 / 灰色 / 按钮底图 / 普通状态 / 03号,Home,Sliced,Setting.psd,Buttons/Button_Gray#3/btn,Assets/AllResources/淘宝ui素材/RuntimeSprites/Home/UI_Home_Setting_Buttons_ButtonGray_Btn_Normal_03.png,UI_Home_Setting_Buttons_ButtonGray_Btn_Normal_03,False,394,103,"23,23,23,23",3bb121871f7385e3955bfd63391cf07dd414d5f0676564a92b4d564d29f491ae
UI_Home_Setting_Buttons_ButtonGray_Btn_Normal_04,主界面：设置 / Buttons / 按钮 / 灰色 / 按钮底图 / 普通状态 / 04号,Home,Sliced,Setting.psd,Buttons/Button_Gray#4/btn,Assets/AllResources/淘宝ui素材/RuntimeSprites/Home/UI_Home_Setting_Buttons_ButtonGray_Btn_Normal_03.png,UI_Home_Setting_Buttons_ButtonGray_Btn_Normal_03,True,394,103,"23,23,23,23",3bb121871f7385e3955bfd63391cf07dd414d5f0676564a92b4d564d29f491ae
UI_Home_Setting_Buttons_ButtonGray_Btn_Normal_05,主界面：设置 / Buttons / 按钮 / 灰色 / 按钮底图 / 普通状态 / 05号,Home,Sliced,Setting.psd,Buttons/Button_Gray#5/btn,Assets/AllResources/淘宝ui素材/RuntimeSprites/Home/UI_Home_Setting_Buttons_ButtonGray_Btn_Normal.png,UI_Home_Setting_Buttons_ButtonGray_Btn_Normal,True,394,103,"23,23,23,23",a2bd5c869a407ac83b25fd317376993aeccd801490d4216fc0441dfeeca6c755
UI_Home_Setting_Buttons_ButtonGray_Btn_Normal_06,主界面：设置 / Buttons / 按钮 / 灰色 / 按钮底图 / 普通状态 / 06号,Home,Sliced,Setting.psd,Buttons/Button_Gray#6/btn,Assets/AllResources/淘宝ui素材/RuntimeSprites/Home/UI_Home_Setting_Buttons_ButtonGray_Btn_Normal.png,UI_Home_Setting_Buttons_ButtonGray_Btn_Normal,True,394,103,"23,23,23,23",a2bd5c869a407ac83b25fd317376993aeccd801490d4216fc0441dfeeca6c755
UI_Home_Setting_Buttons_ButtonGray_Btn_Normal_07,主界面：设置 / Buttons / 按钮 / 灰色 / 按钮底图 / 普通状态 / 07号,Home,Sliced,Setting.psd,Buttons/Button_Gray#7/btn,Assets/AllResources/淘宝ui素材/RuntimeSprites/Home/UI_Home_Setting_Buttons_ButtonGray_Btn_Normal.png,UI_Home_Setting_Buttons_ButtonGray_Btn_Normal,True,394,103,"23,23,23,23",a2bd5c869a407ac83b25fd317376993aeccd801490d4216fc0441dfeeca6c755
UI_Home_Setting_Buttons_ButtonGray_Flag,主界面：设置 / Buttons / 按钮 / 灰色 / Flag,Home,Simple,Setting.psd,Buttons/Button_Gray/flag,Assets/AllResources/淘宝ui素材/RuntimeSprites/Home/UI_Home_Setting_Buttons_ButtonGray_Flag.png,UI_Home_Setting_Buttons_ButtonGray_Flag,False,116,91,"0,0,0,0",cea310b3080b6ebf4db86d14bae30745d83426eefceac7696ca29474626063be
UI_Home_Setting_Buttons_GetGold,主界面：设置 / Buttons / Get / 金币,Home,Simple,Setting.psd,Buttons/GetGold,Assets/AllResources/淘宝ui素材/RuntimeSprites/Home/UI_Home_Setting_Buttons_GetGold.png,UI_Home_Setting_Buttons_GetGold,False,82,86,"0,0,0,0",79ba89bd91792ff7b1b22b58366c3f163ea001298a5e901d783936d6ae0b35fa
UI_Home_Setting_Buttons_GetGold_02,主界面：设置 / Buttons / Get / 金币 / 02号,Home,Simple,Setting.psd,Buttons/GetGold#2,Assets/AllResources/淘宝ui素材/RuntimeSprites/Home/UI_Home_Setting_Buttons_GetGold_02.png,UI_Home_Setting_Buttons_GetGold_02,False,82,86,"0,0,0,0",b1f742906ef900c3b9d3fdbd9c9e4688b3e2d4d3abfda0e8986c955d833de67d
UI_Home_Setting_ButtonWhite_Btn_Normal,主界面：设置 / 按钮 / 白色 / 按钮底图 / 普通状态,Home,Sliced,Setting.psd,Button_White/btn,Assets/AllResources/淘宝ui素材/RuntimeSprites/Home/UI_Home_Setting_ButtonWhite_Btn_Normal.png,UI_Home_Setting_ButtonWhite_Btn_Normal,False,394,103,"23,23,23,23",3a28e21ba95cfeb1ca35c058c2f23afdb23dd4032606cae512039460c2ea5ad4
UI_Home_Setting_Control_ControlBar_Control_Pointer_Handle,主界面：设置 / 控制 / 进度条 / 控制 / Pointer / 滑块,Home,Handle,Setting.psd,Control/ControlBar/Control/pointer,Assets/AllResources/淘宝ui素材/RuntimeSprites/Home/UI_Home_Setting_Control_ControlBar_Control_Pointer_Handle.png,UI_Home_Setting_Control_ControlBar_Control_Pointer_Handle,False,54,54,"0,0,0,0",615c38f0270fbcf5de93a50a16f6c70ec5716e070cd13b389b3abdaa01599342
UI_Home_Setting_Control_ControlBar_Fill,主界面：设置 / 控制 / 进度条 / 填充,Home,Fill,Setting.psd,Control/ControlBar#2,Assets/AllResources/淘宝ui素材/RuntimeSprites/Home/UI_Home_Setting_Control_ControlBar_Fill.png,UI_Home_Setting_Control_ControlBar_Fill,False,469,54,"0,0,0,0",e29459c3b75049b1d29405dbde2b0256a15f83f6c646bf79563fd4ebc43298a2
UI_Home_Setting_Control_Icon,主界面：设置 / 控制 / 图标,Home,Icon,Setting.psd,Control/icon,Assets/AllResources/淘宝ui素材/RuntimeSprites/Home/UI_Home_Setting_Control_Icon.png,UI_Home_Setting_Control_Icon,False,62,601,"0,0,0,0",52b7b3f263c817c3ab642373f9ebbfd17332885b3893f9d6bffb4ce3b21b1b93
UI_Home_Setting_Control_SwitchOff_Handle,主界面：设置 / 控制 / 开关 / 关闭状态 / 滑块,Home,Handle,Setting.psd,Control/SwitchOff,Assets/AllResources/淘宝ui素材/RuntimeSprites/Home/UI_Home_Setting_Control_SwitchOff_Handle.png,UI_Home_Setting_Control_SwitchOff_Handle,False,179,81,"0,0,0,0",1a5eeb4007fac646a59f2d8ce451c1044cda25977a42d0c9a66fe2cf0c98e8b4
UI_Home_Setting_Control_SwitchOn_Handle,主界面：设置 / 控制 / 开关 / 开启状态 / 滑块,Home,Handle,Setting.psd,Control/SwitchOn,Assets/AllResources/淘宝ui素材/RuntimeSprites/Home/UI_Home_Setting_Control_SwitchOn_Handle.png,UI_Home_Setting_Control_SwitchOn_Handle,False,179,81,"0,0,0,0",1a87877ce88d5aa4d5506dd198631fd0be1aee48054ecd8efaf3290ca6f24657
UI_Home_Setting_ControlBar_Control_Prg_Bar_Fill,主界面：设置 / 控制 / 进度条 / 控制 / Prg / 进度条 / 填充,Home,Fill,Setting.psd,Control/ControlBar/Control/prg/bar,Assets/AllResources/淘宝ui素材/RuntimeSprites/Home/UI_Home_Setting_ControlBar_Control_Prg_Bar_Fill.png,UI_Home_Setting_ControlBar_Control_Prg_Bar_Fill,False,177,23,"0,0,0,0",bfa755bf670cd409f69a2d65234cfbba3a31b6ce2b197357248a9155ea7263e0
UI_Home_Setting_ControlBar_Control_Prg_Bg_Background,主界面：设置 / 控制 / 进度条 / 控制 / Prg / Bg / 背景,Home,Background,Setting.psd,Control/ControlBar/Control/prg/bg,Assets/AllResources/淘宝ui素材/RuntimeSprites/Home/UI_Home_Setting_ControlBar_Control_Prg_Bg_Background.png,UI_Home_Setting_ControlBar_Control_Prg_Bg_Background,False,390,34,"0,0,0,0",a62299a076faaf391ab659aeccd4e13ef75caf77b3d64b1235a90bc7c16291f3
UI_Home_Setting_Line,主界面：设置 / Line,Home,Simple,Setting.psd,line,Assets/AllResources/淘宝ui素材/RuntimeSprites/Home/UI_Home_Setting_Line.png,UI_Home_Setting_Line,False,1802,10,"0,0,0,0",46b9ce1864926ae68fa486ae21f859443e7b010dd772efb3a22085db5406b0f1
UI_Home_Setting_SocialAccount,主界面：设置 / Social / 账号信息,Home,Simple,Setting.psd,SocialAccount,Assets/AllResources/淘宝ui素材/RuntimeSprites/Home/UI_Home_Setting_SocialAccount.png,UI_Home_Setting_SocialAccount,False,822,145,"0,0,0,0",2e2a04304a9c2ba74b0d54aedb26c185e4964ee3ef85027cf5e18f4478d16615
UI_Home_Setting_Top_Back,主界面：设置 / Top / 返回,Home,Simple,Setting.psd,Top/Back,Assets/AllResources/淘宝ui素材/RuntimeSprites/Home/UI_Home_Setting_Top_Back.png,UI_Home_Setting_Top_Back,False,39,47,"0,0,0,0",5eb11265a8d8cf80f9244d09fbf5024ec2984f04f4a13fba82ca9e3d62f2dba0
UI_Home_Setting_Top_Faq,主界面：设置 / Top / Faq,Home,Simple,Setting.psd,Top/FAQ,Assets/AllResources/淘宝ui素材/RuntimeSprites/Home/UI_Home_Setting_Top_Faq.png,UI_Home_Setting_Top_Faq,False,58,55,"0,0,0,0",0981ed800f361e7e3901f25ab10535ccf65ce960095091108b4a6997fb4c9e27
UI_Home_SubMenu_Count,主界面：Sub / 菜单 / Count,Home,Simple,Home.psd,Sub Menu/count,Assets/AllResources/淘宝ui素材/RuntimeSprites/Home/UI_Home_SubMenu_Count.png,UI_Home_SubMenu_Count,False,262,143,"0,0,0,0",952e831488b2d6cc3312d3aed236623adb4f68f6ac2f5575b04e6104f684f966
UI_Home_SubMenu_Icons,主界面：Sub / 菜单 / Icons,Home,Simple,Home.psd,Sub Menu/Icons,Assets/AllResources/淘宝ui素材/RuntimeSprites/Home/UI_Home_SubMenu_Icons.png,UI_Home_SubMenu_Icons,False,422,189,"0,0,0,0",f880a9077a9a09367987596fb2a3383e4947d410a0298cd3916f0ae8099e0971
UI_Home_Top_Account,主界面：Top / 账号信息,Home,Simple,Home.psd,Top/Account,Assets/AllResources/淘宝ui素材/RuntimeSprites/Home/UI_Home_Top_Account.png,UI_Home_Top_Account,False,477,113,"0,0,0,0",32b5c34b101f63c0b854c4666b296c60110b416fe4d4b964cb86a8860307d606
UI_Home_Top_ButtonSetting_Icon,主界面：Top / 按钮 / 设置 / 图标,Home,Icon,Home.psd,Top/Button_Setting/icon,Assets/AllResources/淘宝ui素材/RuntimeSprites/Home/UI_Home_Top_ButtonSetting_Icon.png,UI_Home_Top_ButtonSetting_Icon,False,55,55,"0,0,0,0",ebe045d4f6e307d6fe3ff00fba992c5eb7369c3dbe8335d2dec50a62faa1f474
UI_Home_Top_Resource_Coin,主界面：Top / 资源栏 / 金币,Home,Simple,Home.psd,Top/Resource/Coin,Assets/AllResources/淘宝ui素材/RuntimeSprites/Home/UI_Home_Top_Resource_Coin.png,UI_Home_Top_Resource_Coin,False,321,73,"0,0,0,0",734e4c2a55b138b9a6571b1c07289a0e9380595a026dc8a0ea17ab0c7707f8b7
UI_Home_Top_Resource_Energy,主界面：Top / 资源栏 / 体力,Home,Simple,Home.psd,Top/Resource/Energy,Assets/AllResources/淘宝ui素材/RuntimeSprites/Home/UI_Home_Top_Resource_Energy.png,UI_Home_Top_Resource_Energy,False,256,82,"0,0,0,0",2801a7269e9caadd0068b30205dc275249c057f42ea922b0cc12b180b8256fae
UI_Home_Top_Resource_Gem,主界面：Top / 资源栏 / 宝石,Home,Simple,Home.psd,Top/Resource/Gem,Assets/AllResources/淘宝ui素材/RuntimeSprites/Home/UI_Home_Top_Resource_Gem.png,UI_Home_Top_Resource_Gem,False,236,78,"0,0,0,0",dc2df95542d13717f51fd095072f2db233c97cb6458cb20d9c1fd9d11034e689
UI_Popups_Language_Background,通用弹窗：Language / 背景,Popups,Background,Language.psd,Background,Assets/AllResources/淘宝ui素材/RuntimeSprites/Popups/UI_Popups_Language_Background.png,UI_Popups_Language_Background,False,1922,1082,"0,0,0,0",ccb66a158fcbfb0cde8d5883498f40b14b625a897ec75df0b16bbe97ee2c62b9
UI_Popups_Language_Check,通用弹窗：Language / 勾选,Popups,Simple,Language.psd,Language/check,Assets/AllResources/淘宝ui素材/RuntimeSprites/Popups/UI_Popups_Language_Check.png,UI_Popups_Language_Check,False,64,62,"0,0,0,0",31b5ace303c36c4d90a5b3c0517a3f90ead3f60332082c4a64d57d6958deb0b2
UI_Popups_Language_Popup,通用弹窗：Language / 弹窗,Popups,Sliced,Language.psd,Popup,Assets/AllResources/淘宝ui素材/RuntimeSprites/Popups/UI_Popups_Language_Popup.png,UI_Popups_Language_Popup,False,996,842,"32,24,32,24",e03b07fc508759e086572d82c925249772e80b6ae51af7ef90324ad683d140a5
UI_Popups_Language_Slot01_LanguageFlagDeu,通用弹窗：Language / Slot01 / Language / Flag / Deu,Popups,Simple,Language.psd,Language/1/LanguageFlagDeu,Assets/AllResources/淘宝ui素材/RuntimeSprites/Popups/UI_Popups_Language_Slot01_LanguageFlagDeu.png,UI_Popups_Language_Slot01_LanguageFlagDeu,False,151,127,"0,0,0,0",95cb2091971e22af8ff41dd8d63d50f0006080324d4eef1788a63339e6545d54
UI_Popups_Language_Slot01_LanguageFlagEng,通用弹窗：Language / Slot01 / Language / Flag / Eng,Popups,Simple,Language.psd,Language/1/LanguageFlagEng,Assets/AllResources/淘宝ui素材/RuntimeSprites/Popups/UI_Popups_Language_Slot01_LanguageFlagEng.png,UI_Popups_Language_Slot01_LanguageFlagEng,False,151,127,"0,0,0,0",724b6c79cea5c16e1d3abd3e6358097ddcc1d66bc2e03033863336d61a271296
UI_Popups_Language_Slot01_LanguageFlagEsp,通用弹窗：Language / Slot01 / Language / Flag / Esp,Popups,Simple,Language.psd,Language/1/LanguageFlagEsp,Assets/AllResources/淘宝ui素材/RuntimeSprites/Popups/UI_Popups_Language_Slot01_LanguageFlagEsp.png,UI_Popups_Language_Slot01_LanguageFlagEsp,False,151,127,"0,0,0,0",1d07317563eb3a9eed5ffd569147bcb8994132dbed015ee0cc7c6b083dfcb443
UI_Popups_Language_Slot01_LanguageFlagFra,通用弹窗：Language / Slot01 / Language / Flag / Fra,Popups,Simple,Language.psd,Language/1/LanguageFlagFra,Assets/AllResources/淘宝ui素材/RuntimeSprites/Popups/UI_Popups_Language_Slot01_LanguageFlagFra.png,UI_Popups_Language_Slot01_LanguageFlagFra,False,150,116,"0,0,0,0",652bb6c29c6ecc5223f9583104ccd5bc47ab1a8e4b486cc0cd145145321ffb90
UI_Popups_Language_Slot02_LanguageFlagChn,通用弹窗：Language / Slot02 / Language / Flag / Chn,Popups,Simple,Language.psd,Language/2/LanguageFlagChn,Assets/AllResources/淘宝ui素材/RuntimeSprites/Popups/UI_Popups_Language_Slot02_LanguageFlagChn.png,UI_Popups_Language_Slot02_LanguageFlagChn,False,151,127,"0,0,0,0",55adef02699cffd060ac2e25f592ec5a3315277a9108e7e44a02d33487970491
UI_Popups_Language_Slot02_LanguageFlagJpn,通用弹窗：Language / Slot02 / Language / Flag / Jpn,Popups,Simple,Language.psd,Language/2/LanguageFlagJpn,Assets/AllResources/淘宝ui素材/RuntimeSprites/Popups/UI_Popups_Language_Slot02_LanguageFlagJpn.png,UI_Popups_Language_Slot02_LanguageFlagJpn,False,151,127,"0,0,0,0",34e770699284f948998dcd55458ed46f731945f6ecd11a607eaa4b2508cf1912
UI_Popups_Language_Slot02_LanguageFlagKor,通用弹窗：Language / Slot02 / Language / Flag / Kor,Popups,Simple,Language.psd,Language/2/LanguageFlagKor,Assets/AllResources/淘宝ui素材/RuntimeSprites/Popups/UI_Popups_Language_Slot02_LanguageFlagKor.png,UI_Popups_Language_Slot02_LanguageFlagKor,False,151,127,"0,0,0,0",c61a605738bd08ac3a15e35534a56636227614f67f874f18db4380b5db5277e8
UI_Popups_Language_Slot02_LanguageFlagTwn,通用弹窗：Language / Slot02 / Language / Flag / Twn,Popups,Simple,Language.psd,Language/2/LanguageFlagTwn,Assets/AllResources/淘宝ui素材/RuntimeSprites/Popups/UI_Popups_Language_Slot02_LanguageFlagTwn.png,UI_Popups_Language_Slot02_LanguageFlagTwn,False,151,127,"0,0,0,0",12d312eaa22f4111ed59df6999e7991d32560ea392949bcd38071914a851cbe3
UI_Popups_Language_Slot03_LanguageFlagInd,通用弹窗：Language / Slot03 / Language / Flag / Ind,Popups,Simple,Language.psd,Language/3/LanguageFlagInd,Assets/AllResources/淘宝ui素材/RuntimeSprites/Popups/UI_Popups_Language_Slot03_LanguageFlagInd.png,UI_Popups_Language_Slot03_LanguageFlagInd,False,151,127,"0,0,0,0",b02a1dc5eabf14b8ff302d173e78ee2eb87693d3f2f298936ada9e3e1d5674ff
UI_Popups_Language_Slot03_LanguageFlagPrt,通用弹窗：Language / Slot03 / Language / Flag / Prt,Popups,Simple,Language.psd,Language/3/LanguageFlagPrt,Assets/AllResources/淘宝ui素材/RuntimeSprites/Popups/UI_Popups_Language_Slot03_LanguageFlagPrt.png,UI_Popups_Language_Slot03_LanguageFlagPrt,False,151,127,"0,0,0,0",fd35d1b2fc39fff06fd5f93745463f07d77c5c3ae86b6ec8a50f66341b3ad618
UI_Popups_Language_Slot03_LanguageFlagRus,通用弹窗：Language / Slot03 / Language / Flag / Rus,Popups,Simple,Language.psd,Language/3/LanguageFlagRus,Assets/AllResources/淘宝ui素材/RuntimeSprites/Popups/UI_Popups_Language_Slot03_LanguageFlagRus.png,UI_Popups_Language_Slot03_LanguageFlagRus,False,151,127,"0,0,0,0",a041573696ca5d65c5ba5a202fa328eb5137a7cc131a329774e5f333afb0afa2
UI_Popups_Language_Slot03_LanguageFlagTur,通用弹窗：Language / Slot03 / Language / Flag / Tur,Popups,Simple,Language.psd,Language/3/LanguageFlagTur,Assets/AllResources/淘宝ui素材/RuntimeSprites/Popups/UI_Popups_Language_Slot03_LanguageFlagTur.png,UI_Popups_Language_Slot03_LanguageFlagTur,False,151,127,"0,0,0,0",7cf966ecd9903e764534e9290f219b131afcc185a397d2702d272f6c2ce13193
UI_Popups_PopupChecking_Background,通用弹窗：弹窗 / Checking / 背景,Popups,Background,PopupChecking.psd,Background,Assets/AllResources/淘宝ui素材/RuntimeSprites/Popups/UI_Popups_PopupChecking_Background.png,UI_Popups_PopupChecking_Background,False,1922,1082,"0,0,0,0",7743ab62888e530d8bba56ec67f5d49157ba1caa961c2b0143e93bb21d4ddc38
UI_Popups_PopupChecking_Popup,通用弹窗：弹窗 / Checking / 弹窗,Popups,Sliced,PopupChecking.psd,Popup,Assets/AllResources/淘宝ui素材/RuntimeSprites/Popups/UI_Popups_PopupChecking_Popup.png,UI_Popups_PopupChecking_Popup,False,836,522,"32,24,32,24",f5c42115121112907a7692a46971d317baf9bd0cf08bd8586d93477987df266b
UI_Popups_PopupEualprivacy_Background,通用弹窗：弹窗 / Eualprivacy / 背景,Popups,Background,PopupEUALPrivacy.psd,Background,Assets/AllResources/淘宝ui素材/RuntimeSprites/Popups/UI_Popups_PopupChecking_Background.png,UI_Popups_PopupChecking_Background,True,1922,1082,"0,0,0,0",7743ab62888e530d8bba56ec67f5d49157ba1caa961c2b0143e93bb21d4ddc38
UI_Popups_PopupEualprivacy_Popup,通用弹窗：弹窗 / Eualprivacy / 弹窗,Popups,Sliced,PopupEUALPrivacy.psd,Popup,Assets/AllResources/淘宝ui素材/RuntimeSprites/Popups/UI_Popups_PopupEualprivacy_Popup.png,UI_Popups_PopupEualprivacy_Popup,False,1036,522,"32,24,32,24",96d07b23b561ed1ed8cb6722d107c0babe03a16c5c6d720bca719e2fef4200d6
UI_Popups_PopupLogin_Background,通用弹窗：弹窗 / Login / 背景,Popups,Background,PopupLogin.psd,Background,Assets/AllResources/淘宝ui素材/RuntimeSprites/Popups/UI_Popups_PopupChecking_Background.png,UI_Popups_PopupChecking_Background,True,1922,1082,"0,0,0,0",7743ab62888e530d8bba56ec67f5d49157ba1caa961c2b0143e93bb21d4ddc38
UI_Popups_PopupLogin_Login,通用弹窗：弹窗 / Login,Popups,Sliced,PopupLogin.psd,Login,Assets/AllResources/淘宝ui素材/RuntimeSprites/Popups/UI_Popups_PopupLogin_Login.png,UI_Popups_PopupLogin_Login,False,836,842,"32,24,32,24",0c6c500d5095aceb72a751dd74679795e0d23e6467f9ced7a143e28f1f061d9b
UI_Popups_PopupName_Background,通用弹窗：弹窗 / 名称 / 背景,Popups,Background,PopupName.psd,Background,Assets/AllResources/淘宝ui素材/RuntimeSprites/Popups/UI_Popups_PopupChecking_Background.png,UI_Popups_PopupChecking_Background,True,1922,1082,"0,0,0,0",7743ab62888e530d8bba56ec67f5d49157ba1caa961c2b0143e93bb21d4ddc38
UI_Popups_PopupName_ErrorText,通用弹窗：弹窗 / 名称 / 错误 / Text,Popups,Simple,PopupName.psd,Error_Text,Assets/AllResources/淘宝ui素材/RuntimeSprites/Popups/UI_Popups_PopupName_ErrorText.png,UI_Popups_PopupName_ErrorText,False,1356,118,"0,0,0,0",4461233f72d620d0e44ccfbfce528e2d7207fef362a76642d667aae29db6f52a
UI_Popups_PopupName_Popup,通用弹窗：弹窗 / 名称 / 弹窗,Popups,Sliced,PopupName.psd,Popup,Assets/AllResources/淘宝ui素材/RuntimeSprites/Popups/UI_Popups_PopupName_Popup.png,UI_Popups_PopupName_Popup,False,876,584,"32,24,32,24",a0bd5437e3fead65c7bc56d0338b8aecb99a837d829e9b22d795cb965676e0db
UI_Popups_PopupSignup_Background,通用弹窗：弹窗 / Signup / 背景,Popups,Background,PopupSignup.psd,Background,Assets/AllResources/淘宝ui素材/RuntimeSprites/Popups/UI_Popups_PopupChecking_Background.png,UI_Popups_PopupChecking_Background,True,1922,1082,"0,0,0,0",7743ab62888e530d8bba56ec67f5d49157ba1caa961c2b0143e93bb21d4ddc38
UI_Popups_PopupSignup_Login,通用弹窗：弹窗 / Signup / Login,Popups,Sliced,PopupSignup.psd,Login,Assets/AllResources/淘宝ui素材/RuntimeSprites/Popups/UI_Popups_PopupSignup_Login.png,UI_Popups_PopupSignup_Login,False,836,842,"32,24,32,24",9f91252302cb679c5b136be6ee7d05b4ff07531a06e401ad9c5250bfb591009c
UI_Popups_PopupUpdate_Background,通用弹窗：弹窗 / Update / 背景,Popups,Background,PopupUpdate.psd,Background,Assets/AllResources/淘宝ui素材/RuntimeSprites/Popups/UI_Popups_PopupChecking_Background.png,UI_Popups_PopupChecking_Background,True,1922,1082,"0,0,0,0",7743ab62888e530d8bba56ec67f5d49157ba1caa961c2b0143e93bb21d4ddc38
UI_Popups_PopupUpdate_Popup,通用弹窗：弹窗 / Update / 弹窗,Popups,Sliced,PopupUpdate.psd,Popup,Assets/AllResources/淘宝ui素材/RuntimeSprites/Popups/UI_Popups_PopupUpdate_Popup.png,UI_Popups_PopupUpdate_Popup,False,896,482,"32,24,32,24",3a99fbd6abe7f75677220c92750b579392ced30fc1c74719010d48a312a68033
UI_Progression_BattlePass_Background,成长与活动：战斗 / Pass / 背景,Progression,Background,BattlePass.psd,Background,Assets/AllResources/淘宝ui素材/RuntimeSprites/Progression/UI_Progression_BattlePass_Background.png,UI_Progression_BattlePass_Background,False,1920,1080,"0,0,0,0",830881064540f62d5b9c1fd102a82c889d2c03ab65847b4b273b9b1ed67ed6da
UI_Progression_BattlePass_BattlePassBgPurple_Background,成长与活动：战斗 / Pass / 战斗 / Pass / Bg / 紫色 / 背景,Progression,Background,BattlePass.psd,BattlePass_Bg_Purple,Assets/AllResources/淘宝ui素材/RuntimeSprites/Progression/UI_Progression_BattlePass_BattlePassBgPurple_Background.png,UI_Progression_BattlePass_BattlePassBgPurple_Background,False,1922,442,"0,0,0,0",83104ba8f4bba56f6015fed71c875ed7d8556e960850549315f14ecdb3cf338f
UI_Progression_BattlePass_BattlePassReward,成长与活动：战斗 / Pass / 战斗 / Pass / 奖励,Progression,Simple,BattlePass.psd,Battle_pass_reward,Assets/AllResources/淘宝ui素材/RuntimeSprites/Progression/UI_Progression_BattlePass_BattlePassReward.png,UI_Progression_BattlePass_BattlePassReward,False,1411,390,"0,0,0,0",428bfb8dcf17501f3bd713f7d0355d879bfe220effbd4b1ea24e4218d2d20dd6
UI_Progression_BattlePass_FreePassReward_AlreadyGet,成长与活动：战斗 / Pass / Free / Pass / 奖励 / Already / Get,Progression,Simple,BattlePass.psd,Free_pass_reward/already_get,Assets/AllResources/淘宝ui素材/RuntimeSprites/Progression/UI_Progression_BattlePass_FreePassReward_AlreadyGet.png,UI_Progression_BattlePass_FreePassReward_AlreadyGet,False,266,237,"0,0,0,0",f8daf753063e11a250c966256b32f33b37f6462c9aebf5be518ecbad3c568fac
UI_Progression_BattlePass_FreePassReward_Current,成长与活动：战斗 / Pass / Free / Pass / 奖励 / Current,Progression,Simple,BattlePass.psd,Free_pass_reward/current,Assets/AllResources/淘宝ui素材/RuntimeSprites/Progression/UI_Progression_BattlePass_FreePassReward_Current.png,UI_Progression_BattlePass_FreePassReward_Current,False,233,234,"0,0,0,0",12d7de1d7f9588b1765bd8c22f1e1ff3ef2819d3afcc14631c94e1813690539f
UI_Progression_BattlePass_FreePassReward_Default,成长与活动：战斗 / Pass / Free / Pass / 奖励 / 默认,Progression,Simple,BattlePass.psd,Free_pass_reward/default,Assets/AllResources/淘宝ui素材/RuntimeSprites/Progression/UI_Progression_BattlePass_FreePassReward_Default.png,UI_Progression_BattlePass_FreePassReward_Default,False,267,234,"0,0,0,0",46460d5833deea4ce6562c8a4fdc4d1533fec478bc429d8d73e17eac64bd990b
UI_Progression_BattlePass_FreePassReward_Default_02,成长与活动：战斗 / Pass / Free / Pass / 奖励 / 默认 / 02号,Progression,Simple,BattlePass.psd,Free_pass_reward/default#2,Assets/AllResources/淘宝ui素材/RuntimeSprites/Progression/UI_Progression_BattlePass_FreePassReward_Default_02.png,UI_Progression_BattlePass_FreePassReward_Default_02,False,266,234,"0,0,0,0",734009ac7f6c2928aafed117672cf3fc3639c99fa72bbde8c3b20f92a2b9d679
UI_Progression_BattlePass_FreePassReward_Default_03,成长与活动：战斗 / Pass / Free / Pass / 奖励 / 默认 / 03号,Progression,Simple,BattlePass.psd,Free_pass_reward/default#3,Assets/AllResources/淘宝ui素材/RuntimeSprites/Progression/UI_Progression_BattlePass_FreePassReward_Default_03.png,UI_Progression_BattlePass_FreePassReward_Default_03,False,268,234,"0,0,0,0",5d1d905dde5b5b8490414d9304db953544b475a231d7db7602e84eaadd10f018
UI_Progression_BattlePass_FreePassReward_Default_04,成长与活动：战斗 / Pass / Free / Pass / 奖励 / 默认 / 04号,Progression,Simple,BattlePass.psd,Free_pass_reward/default#4,Assets/AllResources/淘宝ui素材/RuntimeSprites/Progression/UI_Progression_BattlePass_FreePassReward_Default_04.png,UI_Progression_BattlePass_FreePassReward_Default_04,False,267,234,"0,0,0,0",85add44fddb542f954ab69e53af3021a54fd30e5eb68b809f3441c9ec4bce635
UI_Progression_BattlePass_LeftBattlePassIcon_Icon,成长与活动：战斗 / Pass / Left / 战斗 / Pass / 图标,Progression,Icon,BattlePass.psd,Left_Battle_pass_Icon,Assets/AllResources/淘宝ui素材/RuntimeSprites/Progression/UI_Progression_BattlePass_LeftBattlePassIcon_Icon.png,UI_Progression_BattlePass_LeftBattlePassIcon_Icon,False,427,869,"0,0,0,0",e8a4f0ca9aa03e7cb1007d96217776c8e357ea24e4139fbf38db5bef0ba805bb
UI_Progression_BattlePass_PassProgressBar_Lock_Bg_Background,成长与活动：战斗 / Pass / 进度 / 进度条 / 锁定 / Bg / 背景,Progression,Background,BattlePass.psd,Pass_Progress_Bar/lock/bg,Assets/AllResources/淘宝ui素材/RuntimeSprites/Progression/UI_Progression_BattlePass_PassProgressBar_Lock_Bg_Background.png,UI_Progression_BattlePass_PassProgressBar_Lock_Bg_Background,False,74,75,"0,0,0,0",4ea570a34e2e43cb78893cc47cb8c626da62eec12f6a6fde60bfe656e1c88aaa
UI_Progression_BattlePass_PassProgressBar_Num_Bg_Background,成长与活动：战斗 / Pass / 进度 / 进度条 / Num / Bg / 背景,Progression,Background,BattlePass.psd,Pass_Progress_Bar/num/bg,Assets/AllResources/淘宝ui素材/RuntimeSprites/Progression/UI_Progression_BattlePass_PassProgressBar_Num_Bg_Background.png,UI_Progression_BattlePass_PassProgressBar_Num_Bg_Background,False,74,75,"0,0,0,0",1665d1d8b2ec90fc41da21d71e100d302767c0f428137a67ecce70ba4df4132d
UI_Progression_BattlePass_PassProgressBar_Num_Bg_Background_02,成长与活动：战斗 / Pass / 进度 / 进度条 / Num / Bg / 背景 / 02号,Progression,Background,BattlePass.psd,Pass_Progress_Bar/num /bg,Assets/AllResources/淘宝ui素材/RuntimeSprites/Progression/UI_Progression_BattlePass_PassProgressBar_Num_Bg_Background_02.png,UI_Progression_BattlePass_PassProgressBar_Num_Bg_Background_02,False,74,75,"0,0,0,0",02ab7393d80a3d3d782ac54f00d6ad9b63b7226e87b7c16a3286687a32d9bff8
UI_Progression_BattlePass_PassProgressBar_Prg_PrgBg_Background,成长与活动：战斗 / Pass / 进度 / 进度条 / Prg / Bg / 背景,Progression,Background,BattlePass.psd,Pass_Progress_Bar/prg/prg_bg,Assets/AllResources/淘宝ui素材/RuntimeSprites/Progression/UI_Progression_BattlePass_PassProgressBar_Prg_PrgBg_Background.png,UI_Progression_BattlePass_PassProgressBar_Prg_PrgBg_Background,False,2270,44,"0,0,0,0",0ad9288976fc5172f2457ae03e6896b41d568b40b2be634ec9430fa89cd9984d
UI_Progression_BattlePass_Time,成长与活动：战斗 / Pass / Time,Progression,Simple,BattlePass.psd,time,Assets/AllResources/淘宝ui素材/RuntimeSprites/Progression/UI_Progression_BattlePass_Time.png,UI_Progression_BattlePass_Time,False,399,37,"0,0,0,0",86496511905564b3d7bde3320b9c7ff16046366045fe5e331d2cafd0fe707d21
UI_Progression_BattlePass_Top_Back,成长与活动：战斗 / Pass / Top / 返回,Progression,Simple,BattlePass.psd,Top/Back,Assets/AllResources/淘宝ui素材/RuntimeSprites/Progression/UI_Progression_BattlePass_Top_Back.png,UI_Progression_BattlePass_Top_Back,False,39,47,"0,0,0,0",5eb11265a8d8cf80f9244d09fbf5024ec2984f04f4a13fba82ca9e3d62f2dba0
UI_Progression_BattlePass_Top_DecoLine_Overlay,成长与活动：战斗 / Pass / Top / 装饰 / Line / 覆盖层,Progression,Overlay,BattlePass.psd,Top/Deco_line,Assets/AllResources/淘宝ui素材/RuntimeSprites/Progression/UI_Progression_BattlePass_Top_DecoLine_Overlay.png,UI_Progression_BattlePass_Top_DecoLine_Overlay,False,1922,68,"0,0,0,0",3382d1479a81a7f9313184e9a9e3ff9cbc8ee7d270090fb0979770f5ad3b74b6
UI_Progression_BattlePass_Top_Home,成长与活动：战斗 / Pass / Top / 主页,Progression,Simple,BattlePass.psd,Top/Home,Assets/AllResources/淘宝ui素材/RuntimeSprites/Progression/UI_Progression_BattlePass_Top_Home.png,UI_Progression_BattlePass_Top_Home,False,50,54,"0,0,0,0",de4b34505b8833c05be374d98e842e3190b2410c51361d50db5e20f7d268122e
UI_Progression_BattlePass_Top_Resource_Gem,成长与活动：战斗 / Pass / Top / 资源栏 / 宝石,Progression,Simple,BattlePass.psd,Top/Resource/Gem,Assets/AllResources/淘宝ui素材/RuntimeSprites/Progression/UI_Progression_BattlePass_Top_Resource_Gem.png,UI_Progression_BattlePass_Top_Resource_Gem,False,236,71,"0,0,0,0",3512f35c1af61c12c2c050238a0f885e7bb9ddc974746e0b1104e68bac30096d
UI_Progression_BattlePass_Top_Resource_Gold,成长与活动：战斗 / Pass / Top / 资源栏 / 金币,Progression,Simple,BattlePass.psd,Top/Resource/Gold,Assets/AllResources/淘宝ui素材/RuntimeSprites/Progression/UI_Progression_BattlePass_Top_Resource_Gold.png,UI_Progression_BattlePass_Top_Resource_Gold,False,321,71,"0,0,0,0",65738aba5dad9bdbb6013b95264e5d629c1585503549a8219866807bb2486f3e
UI_Progression_BattlePass_TrophyProgressBar_Fill,成长与活动：战斗 / Pass / Trophy / 进度 / 进度条 / 填充,Progression,Fill,BattlePass.psd,Trophy_Progress_Bar,Assets/AllResources/淘宝ui素材/RuntimeSprites/Progression/UI_Progression_BattlePass_TrophyProgressBar_Fill.png,UI_Progression_BattlePass_TrophyProgressBar_Fill,False,497,54,"0,0,0,0",f534563f1a00a331fd54e3f8e4f20323ef7484401018f6bd13bb99922572d7c2
UI_Progression_GuideBook_Background,成长与活动：Guide / Book / 背景,Progression,Background,GuideBook.psd,Background,Assets/AllResources/淘宝ui素材/RuntimeSprites/Progression/UI_Progression_GuideBook_Background.png,UI_Progression_GuideBook_Background,False,1920,1080,"0,0,0,0",d5e7b81aae11a9c4ad0e2d6545641b77537eae40c521fded9ef67b4f9fc36c05
UI_Progression_GuideBook_Detail,成长与活动：Guide / Book / 详情,Progression,Simple,GuideBook.psd,Detail,Assets/AllResources/淘宝ui素材/RuntimeSprites/Progression/UI_Progression_GuideBook_Detail.png,UI_Progression_GuideBook_Detail,False,609,897,"0,0,0,0",f05cb62f94188673555239057b764596c8deaf26bd7cd2329f4035082df25e4a
UI_Progression_GuideBook_Equipment,成长与活动：Guide / Book / 装备,Progression,Simple,GuideBook.psd,Equipment,Assets/AllResources/淘宝ui素材/RuntimeSprites/Progression/UI_Progression_GuideBook_Equipment.png,UI_Progression_GuideBook_Equipment,False,479,574,"0,0,0,0",d69a44dafdaedf73614e6feb19e0a46b43265b4737c6728382f2c82d42894cfd
UI_Progression_GuideBook_Item_Slot01,成长与活动：Guide / Book / 物品 / Slot01,Progression,Simple,GuideBook.psd,Item/Item/1/1,Assets/AllResources/淘宝ui素材/RuntimeSprites/Progression/UI_Progression_GuideBook_Item_Slot01.png,UI_Progression_GuideBook_Item_Slot01,False,133,134,"0,0,0,0",6928a37c187ba462269d72e590e2176c8adc8d08b6db99a8ef448dd40d98f4be
UI_Progression_GuideBook_Item_Slot01_Slot02,成长与活动：Guide / Book / 物品 / Slot01 / Slot02,Progression,Simple,GuideBook.psd,Item/Item/1/2,Assets/AllResources/淘宝ui素材/RuntimeSprites/Progression/UI_Progression_GuideBook_Item_Slot01_Slot02.png,UI_Progression_GuideBook_Item_Slot01_Slot02,False,133,134,"0,0,0,0",a977d86e12a232a3d02a68406de13fcf5eb6c2b789bba77f38b056467162e87f
UI_Progression_GuideBook_Item_Slot01_Slot03,成长与活动：Guide / Book / 物品 / Slot01 / Slot03,Progression,Simple,GuideBook.psd,Item/Item/1/3,Assets/AllResources/淘宝ui素材/RuntimeSprites/Progression/UI_Progression_GuideBook_Item_Slot01_Slot03.png,UI_Progression_GuideBook_Item_Slot01_Slot03,False,133,134,"0,0,0,0",a7d8635d4845549922fbcbde5ac37721525fd1a32e94b5ac3beb8d55c2e683fb
UI_Progression_GuideBook_Item_Slot01_Slot04,成长与活动：Guide / Book / 物品 / Slot01 / Slot04,Progression,Simple,GuideBook.psd,Item/Item/1/4,Assets/AllResources/淘宝ui素材/RuntimeSprites/Progression/UI_Progression_GuideBook_Item_Slot01_Slot04.png,UI_Progression_GuideBook_Item_Slot01_Slot04,False,133,134,"0,0,0,0",4db6ff15a7a403cce2397c0ca05ac5b6ae06932481fec2ba41ba4ff59f054140
UI_Progression_GuideBook_Item_Slot01_Slot05,成长与活动：Guide / Book / 物品 / Slot01 / Slot05,Progression,Simple,GuideBook.psd,Item/Item/1/5,Assets/AllResources/淘宝ui素材/RuntimeSprites/Progression/UI_Progression_GuideBook_Item_Slot01_Slot05.png,UI_Progression_GuideBook_Item_Slot01_Slot05,False,133,134,"0,0,0,0",80cad62fac8aa8d1764061b86d0450ac43ea9393ec670b85bacbb1a69b8ca56d
UI_Progression_GuideBook_Item_Slot01_Slot06,成长与活动：Guide / Book / 物品 / Slot01 / Slot06,Progression,Simple,GuideBook.psd,Item/Item/1/6,Assets/AllResources/淘宝ui素材/RuntimeSprites/Progression/UI_Progression_GuideBook_Item_Slot01_Slot06.png,UI_Progression_GuideBook_Item_Slot01_Slot06,False,133,134,"0,0,0,0",1f636cb287a648563cd7cbf705775c5f2e5ae8eff9034176c050959c357d6ad2
UI_Progression_GuideBook_Item_Slot01_Slot07,成长与活动：Guide / Book / 物品 / Slot01 / Slot07,Progression,Simple,GuideBook.psd,Item/Item/1/7,Assets/AllResources/淘宝ui素材/RuntimeSprites/Progression/UI_Progression_GuideBook_Item_Slot01_Slot07.png,UI_Progression_GuideBook_Item_Slot01_Slot07,False,133,134,"0,0,0,0",35f12e614e66d5d12f394d4911c07f968e5beeece73c7d4b297f5b587fdf8710
UI_Progression_GuideBook_Item_Slot01_Slot08,成长与活动：Guide / Book / 物品 / Slot01 / Slot08,Progression,Simple,GuideBook.psd,Item/Item/1/8,Assets/AllResources/淘宝ui素材/RuntimeSprites/Progression/UI_Progression_GuideBook_Item_Slot01_Slot08.png,UI_Progression_GuideBook_Item_Slot01_Slot08,False,133,134,"0,0,0,0",2b97fe9e2250c433594adf95cbb7904428f7c4f72915479dde59c43d862ad4a0
UI_Progression_GuideBook_Item_Slot02,成长与活动：Guide / Book / 物品 / Slot02,Progression,Simple,GuideBook.psd,Item/Item/2/2,Assets/AllResources/淘宝ui素材/RuntimeSprites/Progression/UI_Progression_GuideBook_Item_Slot02.png,UI_Progression_GuideBook_Item_Slot02,False,133,134,"0,0,0,0",b0b8366146c78f904b6fd16e1280be0bfad6c950bf927bcaa756b4a2e87d5c40
UI_Progression_GuideBook_Item_Slot02_Slot01,成长与活动：Guide / Book / 物品 / Slot02 / Slot01,Progression,Simple,GuideBook.psd,Item/Item/2/1,Assets/AllResources/淘宝ui素材/RuntimeSprites/Progression/UI_Progression_GuideBook_Item_Slot02_Slot01.png,UI_Progression_GuideBook_Item_Slot02_Slot01,False,133,134,"0,0,0,0",d94c0971535a74f06634377730ceeec2026a32c147b5a2a229000e09c7b6c348
UI_Progression_GuideBook_Item_Slot02_Slot03,成长与活动：Guide / Book / 物品 / Slot02 / Slot03,Progression,Simple,GuideBook.psd,Item/Item/2/3,Assets/AllResources/淘宝ui素材/RuntimeSprites/Progression/UI_Progression_GuideBook_Item_Slot02_Slot03.png,UI_Progression_GuideBook_Item_Slot02_Slot03,False,133,134,"0,0,0,0",82c4592c821e6b1e99318293705ac662ad8b35d82229b253256c3e0a808df9e6
UI_Progression_GuideBook_Item_Slot02_Slot04,成长与活动：Guide / Book / 物品 / Slot02 / Slot04,Progression,Simple,GuideBook.psd,Item/Item/2/4,Assets/AllResources/淘宝ui素材/RuntimeSprites/Progression/UI_Progression_GuideBook_Item_Slot02_Slot04.png,UI_Progression_GuideBook_Item_Slot02_Slot04,False,133,134,"0,0,0,0",9dfc2d3e5be94f8694ac55478bb406cd6d74e7d0b5317b5b9e88abe970e414ad
UI_Progression_GuideBook_Item_Slot02_Slot05,成长与活动：Guide / Book / 物品 / Slot02 / Slot05,Progression,Simple,GuideBook.psd,Item/Item/2/5,Assets/AllResources/淘宝ui素材/RuntimeSprites/Progression/UI_Progression_GuideBook_Item_Slot02_Slot05.png,UI_Progression_GuideBook_Item_Slot02_Slot05,False,133,134,"0,0,0,0",7e9c1a2c84ee689089d338eb0caa387784cf96036c731030f7637a2d84f48112
UI_Progression_GuideBook_Item_Slot02_Slot06,成长与活动：Guide / Book / 物品 / Slot02 / Slot06,Progression,Simple,GuideBook.psd,Item/Item/2/6,Assets/AllResources/淘宝ui素材/RuntimeSprites/Progression/UI_Progression_GuideBook_Item_Slot02_Slot06.png,UI_Progression_GuideBook_Item_Slot02_Slot06,False,133,134,"0,0,0,0",71a1ef5943947ab03a530b1615c03a62b8077790ac876f1110bb93983b307e8b
UI_Progression_GuideBook_Item_Slot02_Slot07,成长与活动：Guide / Book / 物品 / Slot02 / Slot07,Progression,Simple,GuideBook.psd,Item/Item/2/7,Assets/AllResources/淘宝ui素材/RuntimeSprites/Progression/UI_Progression_GuideBook_Item_Slot02_Slot07.png,UI_Progression_GuideBook_Item_Slot02_Slot07,False,133,134,"0,0,0,0",bed6515659d32e05c9b285c1c2e55ffefba5ba64a6b47d17376d56d9e4aa0327
UI_Progression_GuideBook_Item_Slot02_Slot08,成长与活动：Guide / Book / 物品 / Slot02 / Slot08,Progression,Simple,GuideBook.psd,Item/Item/2/8,Assets/AllResources/淘宝ui素材/RuntimeSprites/Progression/UI_Progression_GuideBook_Item_Slot02_Slot08.png,UI_Progression_GuideBook_Item_Slot02_Slot08,False,133,134,"0,0,0,0",bbec42aa11950f372a3cae9bfa67ae7e4f7b46397133a761dd4646187209b266
UI_Progression_GuideBook_Item_Slot03,成长与活动：Guide / Book / 物品 / Slot03,Progression,Simple,GuideBook.psd,Item/Item/3/3,Assets/AllResources/淘宝ui素材/RuntimeSprites/Progression/UI_Progression_GuideBook_Item_Slot03.png,UI_Progression_GuideBook_Item_Slot03,False,133,134,"0,0,0,0",6f3bef43d7790b515792b9806e27f0b1ec3337c13755ae3fcb6bc185e59ea183
UI_Progression_GuideBook_Item_Slot03_Slot01,成长与活动：Guide / Book / 物品 / Slot03 / Slot01,Progression,Simple,GuideBook.psd,Item/Item/3/1,Assets/AllResources/淘宝ui素材/RuntimeSprites/Progression/UI_Progression_GuideBook_Item_Slot03_Slot01.png,UI_Progression_GuideBook_Item_Slot03_Slot01,False,133,134,"0,0,0,0",22d57dd1c6a9d0f3561762b2d5f657f790bbc9d09726db0a12eae5aae3cd706d
UI_Progression_GuideBook_Item_Slot03_Slot02,成长与活动：Guide / Book / 物品 / Slot03 / Slot02,Progression,Simple,GuideBook.psd,Item/Item/3/2,Assets/AllResources/淘宝ui素材/RuntimeSprites/Progression/UI_Progression_GuideBook_Item_Slot03_Slot02.png,UI_Progression_GuideBook_Item_Slot03_Slot02,False,133,134,"0,0,0,0",69dd1dd6db77e2c8b3ad8235f02462cbdd4d9e9b7101d7c2e5360a41e052d4e4
UI_Progression_GuideBook_Item_Slot03_Slot04,成长与活动：Guide / Book / 物品 / Slot03 / Slot04,Progression,Simple,GuideBook.psd,Item/Item/3/4,Assets/AllResources/淘宝ui素材/RuntimeSprites/Progression/UI_Progression_GuideBook_Item_Slot03_Slot04.png,UI_Progression_GuideBook_Item_Slot03_Slot04,False,133,134,"0,0,0,0",04e68ab4ceff6228d82287a2a5d29178335a21b458e6ec6f59ef0e252e66f26d
UI_Progression_GuideBook_Item_Slot03_Slot05,成长与活动：Guide / Book / 物品 / Slot03 / Slot05,Progression,Simple,GuideBook.psd,Item/Item/3/5,Assets/AllResources/淘宝ui素材/RuntimeSprites/Progression/UI_Progression_GuideBook_Item_Slot03_Slot05.png,UI_Progression_GuideBook_Item_Slot03_Slot05,False,133,134,"0,0,0,0",b397e0392a908fe5f2ad1583fc6ff297fd0099ff457e3f4a1460ce7182c3bca3
UI_Progression_GuideBook_Item_Slot03_Slot06,成长与活动：Guide / Book / 物品 / Slot03 / Slot06,Progression,Simple,GuideBook.psd,Item/Item/3/6,Assets/AllResources/淘宝ui素材/RuntimeSprites/Progression/UI_Progression_GuideBook_Item_Slot03_Slot06.png,UI_Progression_GuideBook_Item_Slot03_Slot06,False,133,134,"0,0,0,0",dbe52ac896b8195a6371a6cc3347674bf76e90a2e78330089fc166c9de60d38c
UI_Progression_GuideBook_Item_Slot03_Slot07,成长与活动：Guide / Book / 物品 / Slot03 / Slot07,Progression,Simple,GuideBook.psd,Item/Item/3/7,Assets/AllResources/淘宝ui素材/RuntimeSprites/Progression/UI_Progression_GuideBook_Item_Slot03_Slot07.png,UI_Progression_GuideBook_Item_Slot03_Slot07,False,133,134,"0,0,0,0",5b16ec6d69cc912178e60f6824d91928bbb6d73414e94e8d3f3a67080bda316c
UI_Progression_GuideBook_Item_Slot03_Slot08,成长与活动：Guide / Book / 物品 / Slot03 / Slot08,Progression,Simple,GuideBook.psd,Item/Item/3/8,Assets/AllResources/淘宝ui素材/RuntimeSprites/Progression/UI_Progression_GuideBook_Item_Slot03_Slot08.png,UI_Progression_GuideBook_Item_Slot03_Slot08,False,133,134,"0,0,0,0",1db03f30afe27bbd13195561ed3703b3bad7fe3300b33685e0f19e0e8780237d
UI_Progression_GuideBook_Item_Slot04,成长与活动：Guide / Book / 物品 / Slot04,Progression,Simple,GuideBook.psd,Item/Item/4/4,Assets/AllResources/淘宝ui素材/RuntimeSprites/Progression/UI_Progression_GuideBook_Item_Slot04.png,UI_Progression_GuideBook_Item_Slot04,False,133,134,"0,0,0,0",069b193fbaaf86ca7cce233a9afff7a81ca7817ccbfe3b6a314c5fb9c39a0782
UI_Progression_GuideBook_Item_Slot04_Slot01,成长与活动：Guide / Book / 物品 / Slot04 / Slot01,Progression,Simple,GuideBook.psd,Item/Item/4/1,Assets/AllResources/淘宝ui素材/RuntimeSprites/Progression/UI_Progression_GuideBook_Item_Slot04_Slot01.png,UI_Progression_GuideBook_Item_Slot04_Slot01,False,133,134,"0,0,0,0",c7bf1f2d1ab71dd94fb48fc139a21a9dae467a81523b857f3440dfd8485f04db
UI_Progression_GuideBook_Item_Slot04_Slot02,成长与活动：Guide / Book / 物品 / Slot04 / Slot02,Progression,Simple,GuideBook.psd,Item/Item/4/2,Assets/AllResources/淘宝ui素材/RuntimeSprites/Progression/UI_Progression_GuideBook_Item_Slot04_Slot02.png,UI_Progression_GuideBook_Item_Slot04_Slot02,False,133,134,"0,0,0,0",57fddbf0e2e2eb75cb5c05e27b773423c55780b8877bd6aa2f045036037a80ac
UI_Progression_GuideBook_Item_Slot04_Slot03,成长与活动：Guide / Book / 物品 / Slot04 / Slot03,Progression,Simple,GuideBook.psd,Item/Item/4/3,Assets/AllResources/淘宝ui素材/RuntimeSprites/Progression/UI_Progression_GuideBook_Item_Slot04_Slot03.png,UI_Progression_GuideBook_Item_Slot04_Slot03,False,133,134,"0,0,0,0",cb77cf385f289c321387d4111501e50c1b01e27da3c792e5e98149ef4ded4e73
UI_Progression_GuideBook_Item_Slot04_Slot05,成长与活动：Guide / Book / 物品 / Slot04 / Slot05,Progression,Simple,GuideBook.psd,Item/Item/4/5,Assets/AllResources/淘宝ui素材/RuntimeSprites/Progression/UI_Progression_GuideBook_Item_Slot04_Slot05.png,UI_Progression_GuideBook_Item_Slot04_Slot05,False,133,134,"0,0,0,0",d356386a1bcb547fd0d6beba87dcaa09ceef6b71554418f12983791ab75dadf5
UI_Progression_GuideBook_Item_Slot04_Slot06,成长与活动：Guide / Book / 物品 / Slot04 / Slot06,Progression,Simple,GuideBook.psd,Item/Item/4/6,Assets/AllResources/淘宝ui素材/RuntimeSprites/Progression/UI_Progression_GuideBook_Item_Slot04_Slot06.png,UI_Progression_GuideBook_Item_Slot04_Slot06,False,133,134,"0,0,0,0",e2df90df2db37e675021123b0ce92c771ff47eb1b90c292e7cdabdf7ef08ab87
UI_Progression_GuideBook_Item_Slot04_Slot07,成长与活动：Guide / Book / 物品 / Slot04 / Slot07,Progression,Simple,GuideBook.psd,Item/Item/4/7,Assets/AllResources/淘宝ui素材/RuntimeSprites/Progression/UI_Progression_GuideBook_Item_Slot04_Slot07.png,UI_Progression_GuideBook_Item_Slot04_Slot07,False,133,134,"0,0,0,0",e8355ba4e573ad9015d5b143f2d30f9eaefdcd8f5cd195beec83be32f1c8ea88
UI_Progression_GuideBook_Item_Slot04_Slot08,成长与活动：Guide / Book / 物品 / Slot04 / Slot08,Progression,Simple,GuideBook.psd,Item/Item/4/8,Assets/AllResources/淘宝ui素材/RuntimeSprites/Progression/UI_Progression_GuideBook_Item_Slot04_Slot08.png,UI_Progression_GuideBook_Item_Slot04_Slot08,False,133,134,"0,0,0,0",3b0c73f75895aeded599e82d3cf25da03721a4b3ce14865951e609f315faebc7
UI_Progression_GuideBook_Item_Slot05,成长与活动：Guide / Book / 物品 / Slot05,Progression,Simple,GuideBook.psd,Item/Item/5/5,Assets/AllResources/淘宝ui素材/RuntimeSprites/Progression/UI_Progression_GuideBook_Item_Slot05.png,UI_Progression_GuideBook_Item_Slot05,False,133,134,"0,0,0,0",133dd8213e19ab975364f6be530e1e10bc0e0c1fe255489db258b0e081b27a2e
UI_Progression_GuideBook_Item_Slot05_Slot01,成长与活动：Guide / Book / 物品 / Slot05 / Slot01,Progression,Simple,GuideBook.psd,Item/Item/5/1,Assets/AllResources/淘宝ui素材/RuntimeSprites/Progression/UI_Progression_GuideBook_Item_Slot05_Slot01.png,UI_Progression_GuideBook_Item_Slot05_Slot01,False,133,134,"0,0,0,0",3d2a8ef7fd7b830e43687ba1d6a251db2a632a81ede93cf8da705f22244bd373
UI_Progression_GuideBook_Item_Slot05_Slot02,成长与活动：Guide / Book / 物品 / Slot05 / Slot02,Progression,Simple,GuideBook.psd,Item/Item/5/2,Assets/AllResources/淘宝ui素材/RuntimeSprites/Progression/UI_Progression_GuideBook_Item_Slot05_Slot02.png,UI_Progression_GuideBook_Item_Slot05_Slot02,False,133,134,"0,0,0,0",b0127db02284fd8fa4ba4551cd69da71ea0cf3dc9ea6b0796aabfa34c73f9931
UI_Progression_GuideBook_Item_Slot05_Slot03,成长与活动：Guide / Book / 物品 / Slot05 / Slot03,Progression,Simple,GuideBook.psd,Item/Item/5/3,Assets/AllResources/淘宝ui素材/RuntimeSprites/Progression/UI_Progression_GuideBook_Item_Slot05_Slot03.png,UI_Progression_GuideBook_Item_Slot05_Slot03,False,133,134,"0,0,0,0",90d49e6c50203fde74a0bfdb8738b13376d2715387a1c41ee53e1fdbde836099
UI_Progression_GuideBook_Item_Slot05_Slot04,成长与活动：Guide / Book / 物品 / Slot05 / Slot04,Progression,Simple,GuideBook.psd,Item/Item/5/4,Assets/AllResources/淘宝ui素材/RuntimeSprites/Progression/UI_Progression_GuideBook_Item_Slot05_Slot04.png,UI_Progression_GuideBook_Item_Slot05_Slot04,False,133,134,"0,0,0,0",8bf119c395fec08ceec550ecc307aa151d1ad7eb727cb10b1736d55dae71405d
UI_Progression_GuideBook_Item_Slot05_Slot06,成长与活动：Guide / Book / 物品 / Slot05 / Slot06,Progression,Simple,GuideBook.psd,Item/Item/5/6,Assets/AllResources/淘宝ui素材/RuntimeSprites/Progression/UI_Progression_GuideBook_Item_Slot05_Slot06.png,UI_Progression_GuideBook_Item_Slot05_Slot06,False,133,134,"0,0,0,0",e1eb3070c5c670cbd013f1d1110d7cd1acc89d2eab343c41179f1ceb5b523737
UI_Progression_GuideBook_Item_Slot05_Slot07,成长与活动：Guide / Book / 物品 / Slot05 / Slot07,Progression,Simple,GuideBook.psd,Item/Item/5/7,Assets/AllResources/淘宝ui素材/RuntimeSprites/Progression/UI_Progression_GuideBook_Item_Slot05_Slot07.png,UI_Progression_GuideBook_Item_Slot05_Slot07,False,133,134,"0,0,0,0",f4c49a055581ae79b9e4b1df4c4e296c7252ea8f42c0a3b65de08342a5d204d3
UI_Progression_GuideBook_Item_Slot05_Slot08,成长与活动：Guide / Book / 物品 / Slot05 / Slot08,Progression,Simple,GuideBook.psd,Item/Item/5/8,Assets/AllResources/淘宝ui素材/RuntimeSprites/Progression/UI_Progression_GuideBook_Item_Slot05_Slot08.png,UI_Progression_GuideBook_Item_Slot05_Slot08,False,133,134,"0,0,0,0",af254c82cd9e32baa0ade3169f0ed49a54f0c92630d8d6ef765552dd66746f32
UI_Progression_GuideBook_Item_Slot06,成长与活动：Guide / Book / 物品 / Slot06,Progression,Simple,GuideBook.psd,Item/Item/6/6,Assets/AllResources/淘宝ui素材/RuntimeSprites/Progression/UI_Progression_GuideBook_Item_Slot06.png,UI_Progression_GuideBook_Item_Slot06,False,133,134,"0,0,0,0",553aee52bd4e2715014cd45d607944a67728c4d20b0870e7fdb7d5961fcc5630
UI_Progression_GuideBook_Item_Slot06_Slot01,成长与活动：Guide / Book / 物品 / Slot06 / Slot01,Progression,Simple,GuideBook.psd,Item/Item/6/1,Assets/AllResources/淘宝ui素材/RuntimeSprites/Progression/UI_Progression_GuideBook_Item_Slot06_Slot01.png,UI_Progression_GuideBook_Item_Slot06_Slot01,False,133,134,"0,0,0,0",556951adfd3fd2a2cb534ade36108275c68238ade584efd42a62ba0e6c6a3efa
UI_Progression_GuideBook_Item_Slot06_Slot02,成长与活动：Guide / Book / 物品 / Slot06 / Slot02,Progression,Simple,GuideBook.psd,Item/Item/6/2,Assets/AllResources/淘宝ui素材/RuntimeSprites/Progression/UI_Progression_GuideBook_Item_Slot06_Slot02.png,UI_Progression_GuideBook_Item_Slot06_Slot02,False,133,134,"0,0,0,0",fba0c59584b6a53468764a65f7bd3d40868116ee8f34193fec02777b3b86226c
UI_Progression_GuideBook_Item_Slot06_Slot03,成长与活动：Guide / Book / 物品 / Slot06 / Slot03,Progression,Simple,GuideBook.psd,Item/Item/6/3,Assets/AllResources/淘宝ui素材/RuntimeSprites/Progression/UI_Progression_GuideBook_Item_Slot06_Slot03.png,UI_Progression_GuideBook_Item_Slot06_Slot03,False,133,134,"0,0,0,0",50b25eb879d14a461cb6e95323478a51208d65afdf120d50d61051d2ed734d82
UI_Progression_GuideBook_Item_Slot06_Slot04,成长与活动：Guide / Book / 物品 / Slot06 / Slot04,Progression,Simple,GuideBook.psd,Item/Item/6/4,Assets/AllResources/淘宝ui素材/RuntimeSprites/Progression/UI_Progression_GuideBook_Item_Slot06_Slot04.png,UI_Progression_GuideBook_Item_Slot06_Slot04,False,133,134,"0,0,0,0",08c97886c6e6016b2ca0c99bfb32fdf920525c3cdca6830fc94e6abed7d072a5
UI_Progression_GuideBook_Item_Slot06_Slot05,成长与活动：Guide / Book / 物品 / Slot06 / Slot05,Progression,Simple,GuideBook.psd,Item/Item/6/5,Assets/AllResources/淘宝ui素材/RuntimeSprites/Progression/UI_Progression_GuideBook_Item_Slot06_Slot05.png,UI_Progression_GuideBook_Item_Slot06_Slot05,False,133,134,"0,0,0,0",5331e02e6c9a158fbfae3bb91c2bc5ca9384d33bf02f70db0afb6cc763b613ee
UI_Progression_GuideBook_Item_Slot06_Slot07,成长与活动：Guide / Book / 物品 / Slot06 / Slot07,Progression,Simple,GuideBook.psd,Item/Item/6/7,Assets/AllResources/淘宝ui素材/RuntimeSprites/Progression/UI_Progression_GuideBook_Item_Slot06_Slot07.png,UI_Progression_GuideBook_Item_Slot06_Slot07,False,133,134,"0,0,0,0",63cd110562ab865a024419777c722d3f5de6fd508a71f88508a289a391b3c9c0
UI_Progression_GuideBook_Item_Slot06_Slot08,成长与活动：Guide / Book / 物品 / Slot06 / Slot08,Progression,Simple,GuideBook.psd,Item/Item/6/8,Assets/AllResources/淘宝ui素材/RuntimeSprites/Progression/UI_Progression_GuideBook_Item_Slot06_Slot08.png,UI_Progression_GuideBook_Item_Slot06_Slot08,False,133,134,"0,0,0,0",1ab8dd4eff392b30152beb1d5f5476c90960c656f203f1e2c47bbddeb4166448
UI_Progression_GuideBook_Tab_Line,成长与活动：Guide / Book / 页签 / Line,Progression,Simple,GuideBook.psd,Tab/line,Assets/AllResources/淘宝ui素材/RuntimeSprites/Progression/UI_Progression_GuideBook_Tab_Line.png,UI_Progression_GuideBook_Tab_Line,False,1193,5,"0,0,0,0",90af160a5c8078bcb11fef632dcd0541c76ba939322854d4b6f0dea5ca68c7af
UI_Progression_GuideBook_Tab_Menu_Icon,成长与活动：Guide / Book / 页签 / 菜单 / 图标,Progression,Icon,GuideBook.psd,Tab/menu/icon,Assets/AllResources/淘宝ui素材/RuntimeSprites/Progression/UI_Progression_GuideBook_Tab_Menu_Icon.png,UI_Progression_GuideBook_Tab_Menu_Icon,False,54,59,"0,0,0,0",a7358a128b980d07567c1914b29914f50ff9d5f4880442f33354a200857637d4
UI_Progression_GuideBook_Tab_Menu_Icon_02,成长与活动：Guide / Book / 页签 / 菜单 / 图标 / 02号,Progression,Icon,GuideBook.psd,Tab/menu/icon#2,Assets/AllResources/淘宝ui素材/RuntimeSprites/Progression/UI_Progression_GuideBook_Tab_Menu_Icon_02.png,UI_Progression_GuideBook_Tab_Menu_Icon_02,False,54,58,"0,0,0,0",83ddb3c56a96b6c0022d0173ac1412ed7a073c5f869320486b21ee5f0e05eee1
UI_Progression_GuideBook_Tab_Menu_Icon_03,成长与活动：Guide / Book / 页签 / 菜单 / 图标 / 03号,Progression,Icon,GuideBook.psd,Tab/menu/icon#3,Assets/AllResources/淘宝ui素材/RuntimeSprites/Progression/UI_Progression_GuideBook_Tab_Menu_Icon_03.png,UI_Progression_GuideBook_Tab_Menu_Icon_03,False,56,54,"0,0,0,0",ffcadf541f1ca98da29cd52c68dc55735174d2c60e82a5885c9c28db7c62d373
UI_Progression_GuideBook_Tab_Menu_Icon_04,成长与活动：Guide / Book / 页签 / 菜单 / 图标 / 04号,Progression,Icon,GuideBook.psd,Tab/menu/icon#4,Assets/AllResources/淘宝ui素材/RuntimeSprites/Progression/UI_Progression_GuideBook_Tab_Menu_Icon_04.png,UI_Progression_GuideBook_Tab_Menu_Icon_04,False,54,54,"0,0,0,0",3db971aba8f20e3dc57f2ade81bc5d66e9d6d429389775c7ea8205aafd19d4f4
UI_Progression_GuideBook_Top_Back,成长与活动：Guide / Book / Top / 返回,Progression,Simple,GuideBook.psd,Top/Back,Assets/AllResources/淘宝ui素材/RuntimeSprites/Progression/UI_Progression_BattlePass_Top_Back.png,UI_Progression_BattlePass_Top_Back,True,39,47,"0,0,0,0",5eb11265a8d8cf80f9244d09fbf5024ec2984f04f4a13fba82ca9e3d62f2dba0
UI_Progression_GuideBook_Top_Home,成长与活动：Guide / Book / Top / 主页,Progression,Simple,GuideBook.psd,Top/Home,Assets/AllResources/淘宝ui素材/RuntimeSprites/Progression/UI_Progression_BattlePass_Top_Home.png,UI_Progression_BattlePass_Top_Home,True,50,54,"0,0,0,0",de4b34505b8833c05be374d98e842e3190b2410c51361d50db5e20f7d268122e
UI_Progression_Guild_Background,成长与活动：公会 / 背景,Progression,Background,Guild.psd,Background,Assets/AllResources/淘宝ui素材/RuntimeSprites/Progression/UI_Progression_Guild_Background.png,UI_Progression_Guild_Background,False,1920,1080,"0,0,0,0",7546a7a553748d48ecf28b177839fff07c3c87c39fc7261026693d6d2f7c053b
UI_Progression_Guild_ButtonBlueGray_Btn_Normal,成长与活动：公会 / 按钮 / 蓝色 / 灰色 / 按钮底图 / 普通状态,Progression,Sliced,Guild.psd,Button_BlueGray/btn,Assets/AllResources/淘宝ui素材/RuntimeSprites/Progression/UI_Progression_Guild_ButtonBlueGray_Btn_Normal.png,UI_Progression_Guild_ButtonBlueGray_Btn_Normal,False,315,103,"23,23,23,23",930c34c16dfc1109594abf6712f385cf73affe181da76daeaf5721dd5fbf501e
UI_Progression_Guild_ButtonBlueGray_Icon,成长与活动：公会 / 按钮 / 蓝色 / 灰色 / 图标,Progression,Icon,Guild.psd,Button_BlueGray/icon#2,Assets/AllResources/淘宝ui素材/RuntimeSprites/Progression/UI_Progression_Guild_ButtonBlueGray_Icon.png,UI_Progression_Guild_ButtonBlueGray_Icon,False,51,51,"0,0,0,0",4d2693c0c5818d6a990ef28e3cb72b48f8ec0047b9900ff5ab4985aefbebf991
UI_Progression_Guild_ButtonGreen,成长与活动：公会 / 按钮 / 绿色,Progression,Simple,Guild.psd,Button_Green,Assets/AllResources/淘宝ui素材/RuntimeSprites/Progression/UI_Progression_Guild_ButtonGreen.png,UI_Progression_Guild_ButtonGreen,False,475,103,"0,0,0,0",d72364915f2577269186a74232f1fe724f2d4dd3c71a0da287b03114746b694c
UI_Progression_Guild_GuildDetail,成长与活动：公会 / 详情,Progression,Simple,Guild.psd,Guild_Detail,Assets/AllResources/淘宝ui素材/RuntimeSprites/Progression/UI_Progression_Guild_GuildDetail.png,UI_Progression_Guild_GuildDetail,False,720,727,"0,0,0,0",fe90677af58aaf8ccf16db00183fdd2a21e238481b80f63ba7f3272c3d81336f
UI_Progression_Guild_List,成长与活动：公会 / List,Progression,Simple,Guild.psd,List/List,Assets/AllResources/淘宝ui素材/RuntimeSprites/Progression/UI_Progression_Guild_List.png,UI_Progression_Guild_List,False,1035,165,"0,0,0,0",0e73f74d08e4bcd62aa63f6ccef65722e9a9aa94b54bba9e2a2b1dcc8ebebd53
UI_Progression_Guild_List_02,成长与活动：公会 / List / 02号,Progression,Simple,Guild.psd,List/List#2,Assets/AllResources/淘宝ui素材/RuntimeSprites/Progression/UI_Progression_Guild_List_02.png,UI_Progression_Guild_List_02,False,1035,165,"0,0,0,0",6768b3491b544cb41b871600f3f3fd6eae87074b92a631aa6d2da056a27032ff
UI_Progression_Guild_List_03,成长与活动：公会 / List / 03号,Progression,Simple,Guild.psd,List/List#3,Assets/AllResources/淘宝ui素材/RuntimeSprites/Progression/UI_Progression_Guild_List_03.png,UI_Progression_Guild_List_03,False,1035,165,"0,0,0,0",59d3cf40018de7862d71af28cad8f93db1bea3cff5e48040c4101649c2c8d64c
UI_Progression_Guild_List_04,成长与活动：公会 / List / 04号,Progression,Simple,Guild.psd,List/List#4,Assets/AllResources/淘宝ui素材/RuntimeSprites/Progression/UI_Progression_Guild_List_04.png,UI_Progression_Guild_List_04,False,1035,165,"0,0,0,0",1006704bb0cac9b48ba92b395db402c590198f2590f5580c68b040144fb7b31e
UI_Progression_Guild_List_05,成长与活动：公会 / List / 05号,Progression,Simple,Guild.psd,List/List#5,Assets/AllResources/淘宝ui素材/RuntimeSprites/Progression/UI_Progression_Guild_List_05.png,UI_Progression_Guild_List_05,False,1035,165,"0,0,0,0",ff0892910d6250b1e3798627233c21c4fc13dd3416cb9370bd71e1c151e638f8
UI_Progression_Guild_Top_Back,成长与活动：公会 / Top / 返回,Progression,Simple,Guild.psd,Top/Back,Assets/AllResources/淘宝ui素材/RuntimeSprites/Progression/UI_Progression_BattlePass_Top_Back.png,UI_Progression_BattlePass_Top_Back,True,39,47,"0,0,0,0",5eb11265a8d8cf80f9244d09fbf5024ec2984f04f4a13fba82ca9e3d62f2dba0
UI_Progression_Guild_Top_Home,成长与活动：公会 / Top / 主页,Progression,Simple,Guild.psd,Top/Home,Assets/AllResources/淘宝ui素材/RuntimeSprites/Progression/UI_Progression_BattlePass_Top_Home.png,UI_Progression_BattlePass_Top_Home,True,50,54,"0,0,0,0",de4b34505b8833c05be374d98e842e3190b2410c51361d50db5e20f7d268122e
UI_Progression_LevelUp,成长与活动：等级 / Up,Progression,Simple,LevelUp.psd,LevelUp,Assets/AllResources/淘宝ui素材/RuntimeSprites/Progression/UI_Progression_LevelUp.png,UI_Progression_LevelUp,False,1495,408,"0,0,0,0",2669910f205ba795bfa4afd659082cfaf9a1f22af6caba0763c1d3303e66ea61
UI_Progression_LevelUp_Background,成长与活动：等级 / Up / 背景,Progression,Background,LevelUp.psd,Background,Assets/AllResources/淘宝ui素材/RuntimeSprites/Progression/UI_Progression_LevelUp_Background.png,UI_Progression_LevelUp_Background,False,1922,1082,"0,0,0,0",aa188afdfbfd0fe318cce5da1372aa9296110cd7f239bd9ef8a3ce70a4689fee
UI_Progression_LevelUp_ButtonYellow_Btn_Normal,成长与活动：等级 / Up / 按钮 / 黄色 / 按钮底图 / 普通状态,Progression,Sliced,LevelUp.psd,Button_Yellow/btn,Assets/AllResources/淘宝ui素材/RuntimeSprites/Progression/UI_Progression_LevelUp_ButtonYellow_Btn_Normal.png,UI_Progression_LevelUp_ButtonYellow_Btn_Normal,False,315,103,"23,23,23,23",c6a8616f87157c3c9b6432a64a6997503db4858a8fb92ab69b5d2c2218d29687
UI_Progression_LevelUp_Glow,成长与活动：等级 / Up / Glow,Progression,Simple,LevelUp.psd,glow,Assets/AllResources/淘宝ui素材/RuntimeSprites/Progression/UI_Progression_LevelUp_Glow.png,UI_Progression_LevelUp_Glow,False,761,615,"0,0,0,0",a5886568ecc74aba0c614040d783f3de3a0fe11a6193a1b6c7bcf8d2a7366c9f
UI_Progression_LevelUp_Reward_Book,成长与活动：等级 / Up / 奖励 / Book,Progression,Simple,LevelUp.psd,Reward/Reward/book,Assets/AllResources/淘宝ui素材/RuntimeSprites/Progression/UI_Progression_LevelUp_Reward_Book.png,UI_Progression_LevelUp_Reward_Book,False,132,135,"0,0,0,0",ed04e5a7f2c58e2f559526cd7565e08c98c778793da69d6e8c7a7e16ceed4ddc
UI_Progression_LevelUp_Reward_Key,成长与活动：等级 / Up / 奖励 / Key,Progression,Simple,LevelUp.psd,Reward/Reward/key,Assets/AllResources/淘宝ui素材/RuntimeSprites/Progression/UI_Progression_LevelUp_Reward_Key.png,UI_Progression_LevelUp_Reward_Key,False,132,134,"0,0,0,0",75ca3cb9b5befa0a9c2f6c8af9af3837ee8941625954f72dcc74bfa463d3a778
UI_Progression_LevelUp_Reward_Line,成长与活动：等级 / Up / 奖励 / Line,Progression,Simple,LevelUp.psd,Reward/Line,Assets/AllResources/淘宝ui素材/RuntimeSprites/Progression/UI_Progression_LevelUp_Reward_Line.png,UI_Progression_LevelUp_Reward_Line,False,451,21,"0,0,0,0",29d38d5bd8358f8f72dbfef9b79e87a92a501b7e6632c5c40a291ec22534477d
UI_Progression_LevelUp_Reward_Lucky,成长与活动：等级 / Up / 奖励 / Lucky,Progression,Simple,LevelUp.psd,Reward/Reward/lucky,Assets/AllResources/淘宝ui素材/RuntimeSprites/Progression/UI_Progression_LevelUp_Reward_Lucky.png,UI_Progression_LevelUp_Reward_Lucky,False,133,134,"0,0,0,0",656a58b5ea6afada68c84cc51c81de05057415ef7ccb498ad1093b578fa3b1b3
UI_Progression_Missions_Background,成长与活动：Missions / 背景,Progression,Background,Missions.psd,Background,Assets/AllResources/淘宝ui素材/RuntimeSprites/Progression/UI_Progression_Guild_Background.png,UI_Progression_Guild_Background,True,1920,1080,"0,0,0,0",7546a7a553748d48ecf28b177839fff07c3c87c39fc7261026693d6d2f7c053b
UI_Progression_Missions_DailyReward,成长与活动：Missions / 每日 / 奖励,Progression,Simple,Missions.psd,Daily Reward,Assets/AllResources/淘宝ui素材/RuntimeSprites/Progression/UI_Progression_Missions_DailyReward.png,UI_Progression_Missions_DailyReward,False,1445,205,"0,0,0,0",65d405f916092b7fc1fd774302423b25501025aa7a19162dcb22efe543850d6e
UI_Progression_Missions_List_ButtonGreen_Btn_Normal,成长与活动：Missions / List / 按钮 / 绿色 / 按钮底图 / 普通状态,Progression,Sliced,Missions.psd,List/Button_Green/btn,Assets/AllResources/淘宝ui素材/RuntimeSprites/Progression/UI_Progression_Missions_List_ButtonGreen_Btn_Normal.png,UI_Progression_Missions_List_ButtonGreen_Btn_Normal,False,258,103,"23,23,23,23",27438a54dc72da28d87ba5b2fbc175158af75e2893fd1e0cb66c99ef80c59191
UI_Progression_Missions_List_Count,成长与活动：Missions / List / Count,Progression,Simple,Missions.psd,List/count,Assets/AllResources/淘宝ui素材/RuntimeSprites/Progression/UI_Progression_Missions_List_Count.png,UI_Progression_Missions_List_Count,False,57,57,"0,0,0,0",3ccbc7a49cdbeb2d81e4fee3a6a2fcb53f38246538c16c3033611d02866fb297
UI_Progression_Missions_List_Icon,成长与活动：Missions / List / 图标,Progression,Icon,Missions.psd,List/icon,Assets/AllResources/淘宝ui素材/RuntimeSprites/Progression/UI_Progression_Missions_List_Icon.png,UI_Progression_Missions_List_Icon,False,94,642,"0,0,0,0",f16598febf4e8617aa2f8ddbe7364f7045380e536e0e5975d8206dbbb9a2e4b6
UI_Progression_Missions_List_Icon_02,成长与活动：Missions / List / 图标 / 02号,Progression,Icon,Missions.psd,List/icon#2,Assets/AllResources/淘宝ui素材/RuntimeSprites/Progression/UI_Progression_Missions_List_Icon_02.png,UI_Progression_Missions_List_Icon_02,False,45,83,"0,0,0,0",ec2c92d01c115d596604c50de0459072ef3f709c7705bf40be82085350962eea
UI_Progression_Missions_List_Icon_03,成长与活动：Missions / List / 图标 / 03号,Progression,Icon,Missions.psd,List/icon#3,Assets/AllResources/淘宝ui素材/RuntimeSprites/Progression/UI_Progression_Missions_List_Icon_03.png,UI_Progression_Missions_List_Icon_03,False,53,83,"0,0,0,0",22b9a67a6bebd72867f4e8306e664f84762f43d0ba7165b22a81d7e6da4898a5
UI_Progression_Missions_List_Icon_04,成长与活动：Missions / List / 图标 / 04号,Progression,Icon,Missions.psd,List/icon ,Assets/AllResources/淘宝ui素材/RuntimeSprites/Progression/UI_Progression_Missions_List_Icon_04.png,UI_Progression_Missions_List_Icon_04,False,73,78,"0,0,0,0",53ffab7477d92327f1651a700b3c2863e71ca2c4dab664c75102da232e1f94c6
UI_Progression_Missions_List_Icon_05,成长与活动：Missions / List / 图标 / 05号,Progression,Icon,Missions.psd,List/icon #2,Assets/AllResources/淘宝ui素材/RuntimeSprites/Progression/UI_Progression_Missions_List_Icon_05.png,UI_Progression_Missions_List_Icon_05,False,50,88,"0,0,0,0",fd4bd6ae3a05a13fbdbd4ad9cf1dc2333827c7d34ec2482c300a6150dec50d47
UI_Progression_Missions_List_Icon_06,成长与活动：Missions / List / 图标 / 06号,Progression,Icon,Missions.psd,List/icon#4,Assets/AllResources/淘宝ui素材/RuntimeSprites/Progression/UI_Progression_Missions_List_Icon_06.png,UI_Progression_Missions_List_Icon_06,False,55,79,"0,0,0,0",407a9ba89033b2d3a9c719d437fc37de9c3ec5820541c6436d41ed23af7d17da
UI_Progression_Missions_List_PrgBar_Fill,成长与活动：Missions / List / Prg / 进度条 / 填充,Progression,Fill,Missions.psd,List/prg_bar,Assets/AllResources/淘宝ui素材/RuntimeSprites/Progression/UI_Progression_Missions_List_PrgBar_Fill.png,UI_Progression_Missions_List_PrgBar_Fill,False,292,26,"0,0,0,0",0901b0c85dc581635ef322d2eab542cd3e1553fd8f3fd1f4c8b4218a98515862
UI_Progression_Missions_List_PrgBar_Fill_02,成长与活动：Missions / List / Prg / 进度条 / 填充 / 02号,Progression,Fill,Missions.psd,List/prg_bar ,Assets/AllResources/淘宝ui素材/RuntimeSprites/Progression/UI_Progression_Missions_List_PrgBar_Fill_02.png,UI_Progression_Missions_List_PrgBar_Fill_02,False,292,26,"0,0,0,0",4e0764737db0b3561261a29893bc9c19acba19d253353575263bb0de55ec83f3
UI_Progression_Missions_List_PrgBar_Fill_03,成长与活动：Missions / List / Prg / 进度条 / 填充 / 03号,Progression,Fill,Missions.psd,List/prg_bar#2,Assets/AllResources/淘宝ui素材/RuntimeSprites/Progression/UI_Progression_Missions_List_PrgBar_Fill_03.png,UI_Progression_Missions_List_PrgBar_Fill_03,False,292,26,"0,0,0,0",93e2f0e4f08b3d376728220c3c51c798e7c9b46a719a15f6df327bf047740941
UI_Progression_Missions_List_PrgBar_Fill_04,成长与活动：Missions / List / Prg / 进度条 / 填充 / 04号,Progression,Fill,Missions.psd,List/prg_bar#3,Assets/AllResources/淘宝ui素材/RuntimeSprites/Progression/UI_Progression_Missions_List_PrgBar_Fill_04.png,UI_Progression_Missions_List_PrgBar_Fill_04,False,292,26,"0,0,0,0",9cb3fb38c5bc976d4f9bd1ce84d6a45dec64b200b08250165f474eaf3a11862f
UI_Progression_Missions_Tab_Menu_Slot01_Count,成长与活动：Missions / 页签 / 菜单 / Slot01 / Count,Progression,Simple,Missions.psd,Tab/menu/1/count,Assets/AllResources/淘宝ui素材/RuntimeSprites/Progression/UI_Progression_Missions_Tab_Menu_Slot01_Count.png,UI_Progression_Missions_Tab_Menu_Slot01_Count,False,56,57,"0,0,0,0",282dce4841e9804a9cdcbd7e405fa706b03199eaffd6fdba931d937764c7da8d
UI_Progression_Missions_Tab_Menu_Slot01_F,成长与活动：Missions / 页签 / 菜单 / Slot01 / F,Progression,Simple,Missions.psd,Tab/menu/1/f,Assets/AllResources/淘宝ui素材/RuntimeSprites/Progression/UI_Progression_Missions_Tab_Menu_Slot01_F.png,UI_Progression_Missions_Tab_Menu_Slot01_F,False,65,99,"0,0,0,0",02cb4b9fb83317314362b8a4f2ef876d4b43985cf6878a87e584678a7442cb63
UI_Progression_Missions_Tab_Menu_Slot02_N,成长与活动：Missions / 页签 / 菜单 / Slot02 / N,Progression,Simple,Missions.psd,Tab/menu/2/n,Assets/AllResources/淘宝ui素材/RuntimeSprites/Progression/UI_Progression_Missions_Tab_Menu_Slot02_N.png,UI_Progression_Missions_Tab_Menu_Slot02_N,False,175,103,"0,0,0,0",7fe123928e066337dad50d061afa61556af0ccdea4f7afb0326272934a79cbd9
UI_Progression_Missions_Top_Back,成长与活动：Missions / Top / 返回,Progression,Simple,Missions.psd,Top/Back,Assets/AllResources/淘宝ui素材/RuntimeSprites/Progression/UI_Progression_BattlePass_Top_Back.png,UI_Progression_BattlePass_Top_Back,True,39,47,"0,0,0,0",5eb11265a8d8cf80f9244d09fbf5024ec2984f04f4a13fba82ca9e3d62f2dba0
UI_Progression_Missions_Top_Home,成长与活动：Missions / Top / 主页,Progression,Simple,Missions.psd,Top/Home,Assets/AllResources/淘宝ui素材/RuntimeSprites/Progression/UI_Progression_BattlePass_Top_Home.png,UI_Progression_BattlePass_Top_Home,True,50,54,"0,0,0,0",de4b34505b8833c05be374d98e842e3190b2410c51361d50db5e20f7d268122e
UI_Progression_Missions_Top_Resource_Gem,成长与活动：Missions / Top / 资源栏 / 宝石,Progression,Simple,Missions.psd,Top/Resource/Gem,Assets/AllResources/淘宝ui素材/RuntimeSprites/Progression/UI_Progression_BattlePass_Top_Resource_Gem.png,UI_Progression_BattlePass_Top_Resource_Gem,True,236,71,"0,0,0,0",3512f35c1af61c12c2c050238a0f885e7bb9ddc974746e0b1104e68bac30096d
UI_Progression_Missions_Top_Resource_Gold,成长与活动：Missions / Top / 资源栏 / 金币,Progression,Simple,Missions.psd,Top/Resource/Gold,Assets/AllResources/淘宝ui素材/RuntimeSprites/Progression/UI_Progression_BattlePass_Top_Resource_Gold.png,UI_Progression_BattlePass_Top_Resource_Gold,True,321,71,"0,0,0,0",65738aba5dad9bdbb6013b95264e5d629c1585503549a8219866807bb2486f3e
UI_Progression_Ranking_Background,成长与活动：排行榜 / 背景,Progression,Background,Ranking.psd,Background,Assets/AllResources/淘宝ui素材/RuntimeSprites/Progression/UI_Progression_Ranking_Background.png,UI_Progression_Ranking_Background,False,1920,1080,"0,0,0,0",77a9ba8629ebf60db1c7cd1c3b8b0abaa011bb21d673e966c98862fcd84ff767
UI_Progression_Ranking_List,成长与活动：排行榜 / List,Progression,Simple,Ranking.psd,List,Assets/AllResources/淘宝ui素材/RuntimeSprites/Progression/UI_Progression_Ranking_List.png,UI_Progression_Ranking_List,False,1445,1057,"0,0,0,0",dd21ff82d5f96dd05ee7a1b32d898f326564abb199bb62ac7b96982647d1b290
UI_Progression_Ranking_Tab_Slot01,成长与活动：排行榜 / 页签 / Slot01,Progression,Simple,Ranking.psd,Tab/tab/1,Assets/AllResources/淘宝ui素材/RuntimeSprites/Progression/UI_Progression_Ranking_Tab_Slot01.png,UI_Progression_Ranking_Tab_Slot01,False,91,97,"0,0,0,0",a4e9f636a918ed68428f618047b899fa6660ab6a30907137cf6efff2da76f3dd
UI_Progression_Ranking_Tab_Slot02,成长与活动：排行榜 / 页签 / Slot02,Progression,Simple,Ranking.psd,Tab/tab/2,Assets/AllResources/淘宝ui素材/RuntimeSprites/Progression/UI_Progression_Ranking_Tab_Slot02.png,UI_Progression_Ranking_Tab_Slot02,False,164,97,"0,0,0,0",13b1f10ded204b26c40cc6e9bc198d9aa4c1b9b761d44a4bcbe5870def9a4fa1
UI_Progression_Ranking_Tab_Slot03,成长与活动：排行榜 / 页签 / Slot03,Progression,Simple,Ranking.psd,Tab/tab/3,Assets/AllResources/淘宝ui素材/RuntimeSprites/Progression/UI_Progression_Ranking_Tab_Slot03.png,UI_Progression_Ranking_Tab_Slot03,False,111,85,"0,0,0,0",d998724ed6054cdd2594e7ed91cf21922ba7ec417382d88949a33a9e9b43cd58
UI_Progression_Ranking_Top_Back,成长与活动：排行榜 / Top / 返回,Progression,Simple,Ranking.psd,Top/Back,Assets/AllResources/淘宝ui素材/RuntimeSprites/Progression/UI_Progression_BattlePass_Top_Back.png,UI_Progression_BattlePass_Top_Back,True,39,47,"0,0,0,0",5eb11265a8d8cf80f9244d09fbf5024ec2984f04f4a13fba82ca9e3d62f2dba0
UI_Progression_Ranking_Top_Home,成长与活动：排行榜 / Top / 主页,Progression,Simple,Ranking.psd,Top/Home,Assets/AllResources/淘宝ui素材/RuntimeSprites/Progression/UI_Progression_BattlePass_Top_Home.png,UI_Progression_BattlePass_Top_Home,True,50,54,"0,0,0,0",de4b34505b8833c05be374d98e842e3190b2410c51361d50db5e20f7d268122e
UI_Progression_RewardDaily_Background,成长与活动：奖励 / 每日 / 背景,Progression,Background,RewardDaily.psd,Background,Assets/AllResources/淘宝ui素材/RuntimeSprites/Progression/UI_Progression_RewardDaily_Background.png,UI_Progression_RewardDaily_Background,False,1920,1080,"0,0,0,0",7dbbd90c6365dda252cac94e1dc4f28caa54a4d920233acff86caa1a49b72ba4
UI_Progression_RewardDaily_ButtonGreen_Btn_Normal,成长与活动：奖励 / 每日 / 按钮 / 绿色 / 按钮底图 / 普通状态,Progression,Sliced,RewardDaily.psd,Button_Green/btn,Assets/AllResources/淘宝ui素材/RuntimeSprites/Progression/UI_Progression_RewardDaily_ButtonGreen_Btn_Normal.png,UI_Progression_RewardDaily_ButtonGreen_Btn_Normal,False,316,103,"23,23,23,23",589a185ba3ad7bc326be2b7b1fc78115dc73b31db719ad15a13067bca993308d
UI_Progression_RewardDaily_Reward_Check,成长与活动：奖励 / 每日 / 奖励 / 勾选,Progression,Simple,RewardDaily.psd,Reward/check,Assets/AllResources/淘宝ui素材/RuntimeSprites/Progression/UI_Progression_RewardDaily_Reward_Check.png,UI_Progression_RewardDaily_Reward_Check,False,58,56,"0,0,0,0",97cfd087b8d50023cd7e303b98567a08bf2ad156f07024abc2cc7f7dce0ed94a
UI_Progression_RewardDaily_Reward_Check_02,成长与活动：奖励 / 每日 / 奖励 / 勾选 / 02号,Progression,Simple,RewardDaily.psd,Reward/check#2,Assets/AllResources/淘宝ui素材/RuntimeSprites/Progression/UI_Progression_RewardDaily_Reward_Check.png,UI_Progression_RewardDaily_Reward_Check,True,58,56,"0,0,0,0",97cfd087b8d50023cd7e303b98567a08bf2ad156f07024abc2cc7f7dce0ed94a
UI_Progression_RewardDaily_Reward_Focus_Selected,成长与活动：奖励 / 每日 / 奖励 / 选中高亮 / 选中状态,Progression,Selected,RewardDaily.psd,Reward/focus,Assets/AllResources/淘宝ui素材/RuntimeSprites/Progression/UI_Progression_RewardDaily_Reward_Focus_Selected.png,UI_Progression_RewardDaily_Reward_Focus_Selected,False,148,167,"0,0,0,0",59b2df2d5dd200181b780ac1bb064a5eb53ef648efdddf911b330b21efb0adae
UI_Progression_RewardDaily_Reward_Frame,成长与活动：奖励 / 每日 / 奖励 / 边框,Progression,Frame,RewardDaily.psd,Reward/frame,Assets/AllResources/淘宝ui素材/RuntimeSprites/Progression/UI_Progression_RewardDaily_Reward_Frame.png,UI_Progression_RewardDaily_Reward_Frame,False,1678,679,"0,0,0,0",0403a451c3e967aa06dacedba74df01b970dcafd911901a05cca6b55826dcfd0
UI_Progression_RewardDaily_Reward_RewardIcon_Icon,成长与活动：奖励 / 每日 / 奖励 / 图标,Progression,Icon,RewardDaily.psd,Reward/reward_icon,Assets/AllResources/淘宝ui素材/RuntimeSprites/Progression/UI_Progression_RewardDaily_Reward_RewardIcon_Icon.png,UI_Progression_RewardDaily_Reward_RewardIcon_Icon,False,1608,574,"0,0,0,0",f1f07d99a18474e36ea537acaefaf41e67bbeca53ead291128a10ed286829853
UI_Progression_RewardDaily_Top_ButtonClose_Btn_Normal,成长与活动：奖励 / 每日 / Top / 按钮 / Close / 按钮底图 / 普通状态,Progression,Normal,RewardDaily.psd,Top/Button_Close/btn,Assets/AllResources/淘宝ui素材/RuntimeSprites/Progression/UI_Progression_RewardDaily_Top_ButtonClose_Btn_Normal.png,UI_Progression_RewardDaily_Top_ButtonClose_Btn_Normal,False,90,92,"0,0,0,0",800f8286c76c34d4ea1e51023137f0a80ab43f6efdea0d67aea75dab7c9a131b
UI_Progression_RewardDaily_Top_ButtonClose_Icon,成长与活动：奖励 / 每日 / Top / 按钮 / Close / 图标,Progression,Icon,RewardDaily.psd,Top/Button_Close/icon,Assets/AllResources/淘宝ui素材/RuntimeSprites/Progression/UI_Progression_RewardDaily_Top_ButtonClose_Icon.png,UI_Progression_RewardDaily_Top_ButtonClose_Icon,False,39,40,"0,0,0,0",bc1afa06bc4d1c495f5ac993b302d9e11bf150f7369d5c37d9114cf18cde661d
UI_Progression_RewardWeek_Background,成长与活动：奖励 / 每周 / 背景,Progression,Background,RewardWeek.psd,Background,Assets/AllResources/淘宝ui素材/RuntimeSprites/Progression/UI_Progression_RewardDaily_Background.png,UI_Progression_RewardDaily_Background,True,1920,1080,"0,0,0,0",7dbbd90c6365dda252cac94e1dc4f28caa54a4d920233acff86caa1a49b72ba4
UI_Progression_RewardWeek_ButtonGreen_Btn_Normal,成长与活动：奖励 / 每周 / 按钮 / 绿色 / 按钮底图 / 普通状态,Progression,Sliced,RewardWeek.psd,Button_Green/btn,Assets/AllResources/淘宝ui素材/RuntimeSprites/Progression/UI_Progression_RewardDaily_ButtonGreen_Btn_Normal.png,UI_Progression_RewardDaily_ButtonGreen_Btn_Normal,True,316,103,"23,23,23,23",589a185ba3ad7bc326be2b7b1fc78115dc73b31db719ad15a13067bca993308d
UI_Progression_RewardWeek_Reward_Check,成长与活动：奖励 / 每周 / 奖励 / 勾选,Progression,Simple,RewardWeek.psd,Reward/reward/check,Assets/AllResources/淘宝ui素材/RuntimeSprites/Progression/UI_Progression_RewardWeek_Reward_Check.png,UI_Progression_RewardWeek_Reward_Check,False,64,65,"0,0,0,0",b9dd47020f318454451ac45cf1ec23e274bbd4f4014f4254a342e888ef0e991b
UI_Progression_RewardWeek_Reward_Check_02,成长与活动：奖励 / 每周 / 奖励 / 勾选 / 02号,Progression,Simple,RewardWeek.psd,Reward/reward/check#2,Assets/AllResources/淘宝ui素材/RuntimeSprites/Progression/UI_Progression_RewardWeek_Reward_Check.png,UI_Progression_RewardWeek_Reward_Check,True,64,65,"0,0,0,0",b9dd47020f318454451ac45cf1ec23e274bbd4f4014f4254a342e888ef0e991b
UI_Progression_RewardWeek_Reward_Focus_Selected,成长与活动：奖励 / 每周 / 奖励 / 选中高亮 / 选中状态,Progression,Selected,RewardWeek.psd,Reward/focus,Assets/AllResources/淘宝ui素材/RuntimeSprites/Progression/UI_Progression_RewardWeek_Reward_Focus_Selected.png,UI_Progression_RewardWeek_Reward_Focus_Selected,False,354,313,"0,0,0,0",c8c55f6bbca079d51ecbc453f9a8a884df98349d4f959ff0c9b659ef2bb5da1e
UI_Progression_RewardWeek_Reward_Frame,成长与活动：奖励 / 每周 / 奖励 / 边框,Progression,Frame,RewardWeek.psd,Reward/frame,Assets/AllResources/淘宝ui素材/RuntimeSprites/Progression/UI_Progression_RewardWeek_Reward_Frame.png,UI_Progression_RewardWeek_Reward_Frame,False,1493,653,"0,0,0,0",b36b480a22c40fad7bbd13adf51a9676a0f5f0436d64ec5c1a5cba996c1677dd
UI_Progression_RewardWeek_Top_ButtonClose_Btn_Normal,成长与活动：奖励 / 每周 / Top / 按钮 / Close / 按钮底图 / 普通状态,Progression,Normal,RewardWeek.psd,Top/Button_Close/btn,Assets/AllResources/淘宝ui素材/RuntimeSprites/Progression/UI_Progression_RewardDaily_Top_ButtonClose_Btn_Normal.png,UI_Progression_RewardDaily_Top_ButtonClose_Btn_Normal,True,90,92,"0,0,0,0",800f8286c76c34d4ea1e51023137f0a80ab43f6efdea0d67aea75dab7c9a131b
UI_Progression_RewardWeek_Top_ButtonClose_Icon,成长与活动：奖励 / 每周 / Top / 按钮 / Close / 图标,Progression,Icon,RewardWeek.psd,Top/Button_Close/icon,Assets/AllResources/淘宝ui素材/RuntimeSprites/Progression/UI_Progression_RewardDaily_Top_ButtonClose_Icon.png,UI_Progression_RewardDaily_Top_ButtonClose_Icon,True,39,40,"0,0,0,0",bc1afa06bc4d1c495f5ac993b302d9e11bf150f7369d5c37d9114cf18cde661d
UI_Progression_Roulette,成长与活动：Roulette,Progression,Simple,Roulette.psd,Roulette,Assets/AllResources/淘宝ui素材/RuntimeSprites/Progression/UI_Progression_Roulette.png,UI_Progression_Roulette,False,862,865,"0,0,0,0",d7a6991b2fe06bb673e23409199d32b2d4e238fdb446ce4013c40a68b739e5e5
UI_Progression_Roulette_Background,成长与活动：Roulette / 背景,Progression,Background,Roulette.psd,Background,Assets/AllResources/淘宝ui素材/RuntimeSprites/Progression/UI_Progression_RewardDaily_Background.png,UI_Progression_RewardDaily_Background,True,1920,1080,"0,0,0,0",7dbbd90c6365dda252cac94e1dc4f28caa54a4d920233acff86caa1a49b72ba4
UI_Progression_Roulette_ButtonYellow_Arrow,成长与活动：Roulette / 按钮 / 黄色 / 箭头,Progression,Simple,Roulette.psd,Button_Yellow/arrow,Assets/AllResources/淘宝ui素材/RuntimeSprites/Progression/UI_Progression_Roulette_ButtonYellow_Arrow.png,UI_Progression_Roulette_ButtonYellow_Arrow,False,76,104,"0,0,0,0",bc3cd908b89704f1dab4a4ae4dbc34fb82d393273efbc53bd85a3f0e6b749222
UI_Progression_Roulette_ButtonYellow_Btn_Normal,成长与活动：Roulette / 按钮 / 黄色 / 按钮底图 / 普通状态,Progression,Normal,Roulette.psd,Button_Yellow/btn,Assets/AllResources/淘宝ui素材/RuntimeSprites/Progression/UI_Progression_Roulette_ButtonYellow_Btn_Normal.png,UI_Progression_Roulette_ButtonYellow_Btn_Normal,False,256,256,"0,0,0,0",c1b35b893b2d70177bd70a9a0190caed09bd6afd1f38fd4ffd45ba6e1bd43610
UI_Progression_Roulette_RouletteFrame_Frame,成长与活动：Roulette / 边框,Progression,Frame,Roulette.psd,Roulette Frame,Assets/AllResources/淘宝ui素材/RuntimeSprites/Progression/UI_Progression_Roulette_RouletteFrame_Frame.png,UI_Progression_Roulette_RouletteFrame_Frame,False,972,908,"0,0,0,0",f2d66fcfd33b95ab53205df95022cd6c9b992a406b4577ba21653bd7dadbc6aa
UI_Progression_Roulette_Top_ButtonClose_Btn_Normal,成长与活动：Roulette / Top / 按钮 / Close / 按钮底图 / 普通状态,Progression,Normal,Roulette.psd,Top/Button_Close/btn,Assets/AllResources/淘宝ui素材/RuntimeSprites/Progression/UI_Progression_RewardDaily_Top_ButtonClose_Btn_Normal.png,UI_Progression_RewardDaily_Top_ButtonClose_Btn_Normal,True,90,92,"0,0,0,0",800f8286c76c34d4ea1e51023137f0a80ab43f6efdea0d67aea75dab7c9a131b
UI_Progression_Roulette_Top_ButtonClose_Icon,成长与活动：Roulette / Top / 按钮 / Close / 图标,Progression,Icon,Roulette.psd,Top/Button_Close/icon,Assets/AllResources/淘宝ui素材/RuntimeSprites/Progression/UI_Progression_RewardDaily_Top_ButtonClose_Icon.png,UI_Progression_RewardDaily_Top_ButtonClose_Icon,True,39,40,"0,0,0,0",bc1afa06bc4d1c495f5ac993b302d9e11bf150f7369d5c37d9114cf18cde661d
UI_Progression_Roulette_Top_DecoLine_Overlay,成长与活动：Roulette / Top / 装饰 / Line / 覆盖层,Progression,Overlay,Roulette.psd,Top/Deco_line,Assets/AllResources/淘宝ui素材/RuntimeSprites/Progression/UI_Progression_Roulette_Top_DecoLine_Overlay.png,UI_Progression_Roulette_Top_DecoLine_Overlay,False,1922,68,"0,0,0,0",2d3da9aaffbd7241e04b3cbf9e45658602ab80567dab73610e773d85f4208224
UI_Progression_StageSelect_Arrow_Next,成长与活动：关卡 / Select / 箭头 / Next,Progression,Simple,StageSelect.psd,Arrow/Next,Assets/AllResources/淘宝ui素材/RuntimeSprites/Progression/UI_Progression_StageSelect_Arrow_Next.png,UI_Progression_StageSelect_Arrow_Next,False,62,91,"0,0,0,0",b99c0d9275800bc97efdb3e3db09bc51a63119306568a970c698495f77b0df28
UI_Progression_StageSelect_Arrow_Prev,成长与活动：关卡 / Select / 箭头 / Prev,Progression,Simple,StageSelect.psd,Arrow/Prev,Assets/AllResources/淘宝ui素材/RuntimeSprites/Progression/UI_Progression_StageSelect_Arrow_Prev.png,UI_Progression_StageSelect_Arrow_Prev,False,62,91,"0,0,0,0",18ba15c1b40969c8c34bf471a61dd138c0e8268d908759583379a4231a9df6e6
UI_Progression_StageSelect_Background,成长与活动：关卡 / Select / 背景,Progression,Background,StageSelect.psd,Background,Assets/AllResources/淘宝ui素材/RuntimeSprites/Progression/UI_Progression_StageSelect_Background.png,UI_Progression_StageSelect_Background,False,1920,1080,"0,0,0,0",13c62b43a350207f40d62e315292c11a61beddf49d08846b5a9248add0860154
UI_Progression_StageSelect_PageNavi,成长与活动：关卡 / Select / 页面 / Navi,Progression,Simple,StageSelect.psd,PageNavi,Assets/AllResources/淘宝ui素材/RuntimeSprites/Progression/UI_Progression_StageSelect_PageNavi.png,UI_Progression_StageSelect_PageNavi,False,232,41,"0,0,0,0",89aa5d4615d5c4614ed7af9432bafae824a616d46394abd4631cd3ee7a510746
UI_Progression_StageSelect_Stage_Lock,成长与活动：关卡 / Select / 关卡 / 锁定,Progression,Simple,StageSelect.psd,Stage/Lock/Lock,Assets/AllResources/淘宝ui素材/RuntimeSprites/Progression/UI_Progression_StageSelect_Stage_Lock.png,UI_Progression_StageSelect_Stage_Lock,False,201,201,"0,0,0,0",d27eae013e2edc9407759b04f52a07cadb1700a946f7d959491f414a8305e6a8
UI_Progression_StageSelect_Stage_Lock_02,成长与活动：关卡 / Select / 关卡 / 锁定 / 02号,Progression,Simple,StageSelect.psd,Stage/Lock/Lock#2,Assets/AllResources/淘宝ui素材/RuntimeSprites/Progression/UI_Progression_StageSelect_Stage_Lock_02.png,UI_Progression_StageSelect_Stage_Lock_02,False,201,201,"0,0,0,0",290773f0b71c18ef2ebbd68fe3d2402dfea2bbbd0f69d3e306c9e25b9fbe66d7
UI_Progression_StageSelect_Stage_Lock_03,成长与活动：关卡 / Select / 关卡 / 锁定 / 03号,Progression,Simple,StageSelect.psd,Stage/Lock/Lock#3,Assets/AllResources/淘宝ui素材/RuntimeSprites/Progression/UI_Progression_StageSelect_Stage_Lock_03.png,UI_Progression_StageSelect_Stage_Lock_03,False,202,201,"0,0,0,0",59fea241f2c9ad2d96add91358215ccb15cec8bbbf0e0d019f7487e72dfabea7
UI_Progression_StageSelect_Stage_Lock_04,成长与活动：关卡 / Select / 关卡 / 锁定 / 04号,Progression,Simple,StageSelect.psd,Stage/Lock/Lock#4,Assets/AllResources/淘宝ui素材/RuntimeSprites/Progression/UI_Progression_StageSelect_Stage_Lock_04.png,UI_Progression_StageSelect_Stage_Lock_04,False,201,201,"0,0,0,0",4c17714f302de397897d2857879b1f71f30de69a2471f6a8ddabca7885f2b870
UI_Progression_StageSelect_Stage_Lock_05,成长与活动：关卡 / Select / 关卡 / 锁定 / 05号,Progression,Simple,StageSelect.psd,Stage/Lock/Lock#5,Assets/AllResources/淘宝ui素材/RuntimeSprites/Progression/UI_Progression_StageSelect_Stage_Lock_05.png,UI_Progression_StageSelect_Stage_Lock_05,False,201,201,"0,0,0,0",f58985f5c7cd272784d41a32dd783d901a03dac1cb20a0288faf58f9ac56539c
UI_Progression_StageSelect_Stage_Lock_06,成长与活动：关卡 / Select / 关卡 / 锁定 / 06号,Progression,Simple,StageSelect.psd,Stage/Lock/Lock#6,Assets/AllResources/淘宝ui素材/RuntimeSprites/Progression/UI_Progression_StageSelect_Stage_Lock_03.png,UI_Progression_StageSelect_Stage_Lock_03,True,202,201,"0,0,0,0",59fea241f2c9ad2d96add91358215ccb15cec8bbbf0e0d019f7487e72dfabea7
UI_Progression_StageSelect_Stage_Lock_07,成长与活动：关卡 / Select / 关卡 / 锁定 / 07号,Progression,Simple,StageSelect.psd,Stage/Lock/Lock#7,Assets/AllResources/淘宝ui素材/RuntimeSprites/Progression/UI_Progression_StageSelect_Stage_Lock_04.png,UI_Progression_StageSelect_Stage_Lock_04,True,201,201,"0,0,0,0",4c17714f302de397897d2857879b1f71f30de69a2471f6a8ddabca7885f2b870
UI_Progression_StageSelect_Stage_Lock_08,成长与活动：关卡 / Select / 关卡 / 锁定 / 08号,Progression,Simple,StageSelect.psd,Stage/Lock/Lock ,Assets/AllResources/淘宝ui素材/RuntimeSprites/Progression/UI_Progression_StageSelect_Stage_Lock_05.png,UI_Progression_StageSelect_Stage_Lock_05,True,201,201,"0,0,0,0",f58985f5c7cd272784d41a32dd783d901a03dac1cb20a0288faf58f9ac56539c
UI_Progression_StageSelect_Stage_Slot01_Frame,成长与活动：关卡 / Select / 关卡 / Slot01 / 边框,Progression,Frame,StageSelect.psd,Stage/1/frame,Assets/AllResources/淘宝ui素材/RuntimeSprites/Progression/UI_Progression_StageSelect_Stage_Slot01_Frame.png,UI_Progression_StageSelect_Stage_Slot01_Frame,False,202,201,"0,0,0,0",bcc258f6cf818b65e98858c8b2400b4f6ddf95291618a3f91758caffd1e31639
UI_Progression_StageSelect_Stage_Slot01_Grade,成长与活动：关卡 / Select / 关卡 / Slot01 / Grade,Progression,Simple,StageSelect.psd,Stage/1/grade,Assets/AllResources/淘宝ui素材/RuntimeSprites/Progression/UI_Progression_StageSelect_Stage_Slot01_Grade.png,UI_Progression_StageSelect_Stage_Slot01_Grade,False,140,46,"0,0,0,0",cd2e30eb662c2c76089b95db02606b63e4ba3f1fa0263af4b596db2a30a9c0b4
UI_Progression_StageSelect_Stage_Slot02_Frame,成长与活动：关卡 / Select / 关卡 / Slot02 / 边框,Progression,Frame,StageSelect.psd,Stage/2/frame,Assets/AllResources/淘宝ui素材/RuntimeSprites/Progression/UI_Progression_StageSelect_Stage_Slot02_Frame.png,UI_Progression_StageSelect_Stage_Slot02_Frame,False,201,201,"0,0,0,0",805fa08f525cfe827656e1f8c53daf2eefe48760526c222e1df3d267796d54a2
UI_Progression_StageSelect_Stage_Slot02_Grade,成长与活动：关卡 / Select / 关卡 / Slot02 / Grade,Progression,Simple,StageSelect.psd,Stage/2/grade,Assets/AllResources/淘宝ui素材/RuntimeSprites/Progression/UI_Progression_StageSelect_Stage_Slot02_Grade.png,UI_Progression_StageSelect_Stage_Slot02_Grade,False,140,46,"0,0,0,0",3972cb297492c72169dde66fddde2f7b470ef8ac93b09e3492c1977a2bf43468
UI_Progression_StageSelect_Stage_Slot03_Frame,成长与活动：关卡 / Select / 关卡 / Slot03 / 边框,Progression,Frame,StageSelect.psd,Stage/3/frame,Assets/AllResources/淘宝ui素材/RuntimeSprites/Progression/UI_Progression_StageSelect_Stage_Slot03_Frame.png,UI_Progression_StageSelect_Stage_Slot03_Frame,False,201,201,"0,0,0,0",d9f697d0747b6818653a10466a8669dfadbafd762e11f3fc404b0b71980b503a
UI_Progression_StageSelect_Stage_Slot03_Grade,成长与活动：关卡 / Select / 关卡 / Slot03 / Grade,Progression,Simple,StageSelect.psd,Stage/3/grade,Assets/AllResources/淘宝ui素材/RuntimeSprites/Progression/UI_Progression_StageSelect_Stage_Slot03_Grade.png,UI_Progression_StageSelect_Stage_Slot03_Grade,False,140,46,"0,0,0,0",8cae459518cbd2c4e14512c6395b51efba67d9fcf51823d64c7c260a54ea0abd
UI_Progression_StageSelect_Stage_Slot04_Frame,成长与活动：关卡 / Select / 关卡 / Slot04 / 边框,Progression,Frame,StageSelect.psd,Stage/4/frame,Assets/AllResources/淘宝ui素材/RuntimeSprites/Progression/UI_Progression_StageSelect_Stage_Slot04_Frame.png,UI_Progression_StageSelect_Stage_Slot04_Frame,False,202,201,"0,0,0,0",1a447134b2f1d011e5c97fe6d68cf834e40225affdbb020662f9163902976ad5
UI_Progression_StageSelect_Stage_Slot05_Frame,成长与活动：关卡 / Select / 关卡 / Slot05 / 边框,Progression,Frame,StageSelect.psd,Stage/5/frame,Assets/AllResources/淘宝ui素材/RuntimeSprites/Progression/UI_Progression_StageSelect_Stage_Slot05_Frame.png,UI_Progression_StageSelect_Stage_Slot05_Frame,False,201,201,"0,0,0,0",346d002e43c7b18cacc26a7a73cc4b2c11f62086a2bf9dc316998b73643b0406
UI_Progression_StageSelect_Stage_Slot06_Frame,成长与活动：关卡 / Select / 关卡 / Slot06 / 边框,Progression,Frame,StageSelect.psd,Stage/6/frame,Assets/AllResources/淘宝ui素材/RuntimeSprites/Progression/UI_Progression_StageSelect_Stage_Slot06_Frame.png,UI_Progression_StageSelect_Stage_Slot06_Frame,False,201,201,"0,0,0,0",8aa955f25b51105e95b40da2325bed9a7a2dbf5e1f25c1ab00d304b3c601ff70
UI_Progression_StageSelect_Stage_Slot07_Frame,成长与活动：关卡 / Select / 关卡 / Slot07 / 边框,Progression,Frame,StageSelect.psd,Stage/7/frame,Assets/AllResources/淘宝ui素材/RuntimeSprites/Progression/UI_Progression_StageSelect_Stage_Slot07_Frame.png,UI_Progression_StageSelect_Stage_Slot07_Frame,False,202,201,"0,0,0,0",66c38149e1ecf689b6df54e68491fab0ec655cc8f5f6915cea1d5d2b13c0714a
UI_Progression_StageSelect_Stage_Slot08_Frame,成长与活动：关卡 / Select / 关卡 / Slot08 / 边框,Progression,Frame,StageSelect.psd,Stage/8/frame,Assets/AllResources/淘宝ui素材/RuntimeSprites/Progression/UI_Progression_StageSelect_Stage_Slot08_Frame.png,UI_Progression_StageSelect_Stage_Slot08_Frame,False,201,201,"0,0,0,0",e8eae6891f2efc95f6f73860ffbe81ad5d6b71bf41e52366356c66dd40e2492f
UI_Progression_StageSelect_Stage_Slot09_Frame,成长与活动：关卡 / Select / 关卡 / Slot09 / 边框,Progression,Frame,StageSelect.psd,Stage/9/frame,Assets/AllResources/淘宝ui素材/RuntimeSprites/Progression/UI_Progression_StageSelect_Stage_Slot09_Frame.png,UI_Progression_StageSelect_Stage_Slot09_Frame,False,201,201,"0,0,0,0",37a54e2adb1cf2a120ce20602f74a3cc24418f71955a1623a9a5df1078443b8a
UI_Progression_StageSelect_Stage_Slot10_Frame,成长与活动：关卡 / Select / 关卡 / Slot10 / 边框,Progression,Frame,StageSelect.psd,Stage/10/frame,Assets/AllResources/淘宝ui素材/RuntimeSprites/Progression/UI_Progression_StageSelect_Stage_Slot07_Frame.png,UI_Progression_StageSelect_Stage_Slot07_Frame,True,202,201,"0,0,0,0",66c38149e1ecf689b6df54e68491fab0ec655cc8f5f6915cea1d5d2b13c0714a
UI_Progression_StageSelect_Top_Back,成长与活动：关卡 / Select / Top / 返回,Progression,Simple,StageSelect.psd,Top/Back,Assets/AllResources/淘宝ui素材/RuntimeSprites/Progression/UI_Progression_BattlePass_Top_Back.png,UI_Progression_BattlePass_Top_Back,True,39,47,"0,0,0,0",5eb11265a8d8cf80f9244d09fbf5024ec2984f04f4a13fba82ca9e3d62f2dba0
UI_Progression_StageSelect_Top_DecoLine_Overlay,成长与活动：关卡 / Select / Top / 装饰 / Line / 覆盖层,Progression,Overlay,StageSelect.psd,Top/Deco_line,Assets/AllResources/淘宝ui素材/RuntimeSprites/Progression/UI_Progression_StageSelect_Top_DecoLine_Overlay.png,UI_Progression_StageSelect_Top_DecoLine_Overlay,False,1922,68,"0,0,0,0",415baf35645b658851f701e0c9197d10c44a03a1f9c82ef9a85f9ef3c9e6c50b
UI_Progression_StageSelect_Top_Star,成长与活动：关卡 / Select / Top / Star,Progression,Simple,StageSelect.psd,Top/star,Assets/AllResources/淘宝ui素材/RuntimeSprites/Progression/UI_Progression_StageSelect_Top_Star.png,UI_Progression_StageSelect_Top_Star,False,56,53,"0,0,0,0",89ea8684c4a08dc0cf160533032ebd1f485ed6a95e8335612a366d8cba7ceace
UI_Shop_ShopChest_Background,商店界面：商店 / 宝箱 / 背景,Shop,Background,Shop_Chest.psd,Background,Assets/AllResources/淘宝ui素材/RuntimeSprites/Shop/UI_Shop_ShopChest_Background.png,UI_Shop_ShopChest_Background,False,2770,1080,"0,0,0,0",39b529f756d52f7a161207a852ccc93328bbe8e1b74415fdeb59a25b0925a84e
UI_Shop_ShopChest_Slot01_ButtonBlue_Btn_Normal,商店界面：商店 / 宝箱 / Slot01 / 按钮 / 蓝色 / 按钮底图 / 普通状态,Shop,Sliced,Shop_Chest.psd,1/Button_Blue/btn,Assets/AllResources/淘宝ui素材/RuntimeSprites/Shop/UI_Shop_ShopChest_Slot01_ButtonBlue_Btn_Normal.png,UI_Shop_ShopChest_Slot01_ButtonBlue_Btn_Normal,False,218,103,"23,23,23,23",48f0a27f109b2c3382f359e7c854f7c97a9e9fb478a6ef00c6ae5d211ce88b60
UI_Shop_ShopChest_Slot01_ButtonYellow_Btn_Normal,商店界面：商店 / 宝箱 / Slot01 / 按钮 / 黄色 / 按钮底图 / 普通状态,Shop,Sliced,Shop_Chest.psd,1/Button_Yellow/btn,Assets/AllResources/淘宝ui素材/RuntimeSprites/Shop/UI_Shop_ShopChest_Slot01_ButtonYellow_Btn_Normal.png,UI_Shop_ShopChest_Slot01_ButtonYellow_Btn_Normal,False,228,103,"23,23,23,23",5131a3ef8e41350a4267a1923c3ef9ca25f711b19d2111369917f973a7ecd279
UI_Shop_ShopChest_Slot01_ShopFrame_Frame,商店界面：商店 / 宝箱 / Slot01 / 商店 / 边框,Shop,Frame,Shop_Chest.psd,1/shop_frame,Assets/AllResources/淘宝ui素材/RuntimeSprites/Shop/UI_Shop_ShopChest_Slot01_ShopFrame_Frame.png,UI_Shop_ShopChest_Slot01_ShopFrame_Frame,False,509,750,"0,0,0,0",739f36f9faba15fdf7b8e4502f1aaca87855afb66281345703a8ecde088c4684
UI_Shop_ShopChest_Slot01_ShopImg,商店界面：商店 / 宝箱 / Slot01 / 商店 / 图片,Shop,Simple,Shop_Chest.psd,1/shop_img,Assets/AllResources/淘宝ui素材/RuntimeSprites/Shop/UI_Shop_ShopChest_Slot01_ShopImg.png,UI_Shop_ShopChest_Slot01_ShopImg,False,327,280,"0,0,0,0",92717ddf44491f82a6a83a92cb207287b34e85169fe30b32601b740f0b131530
UI_Shop_ShopChest_Slot01_ShopLabelPopular,商店界面：商店 / 宝箱 / Slot01 / 商店 / 标签 / Popular,Shop,Simple,Shop_Chest.psd,1/shop_label_popular,Assets/AllResources/淘宝ui素材/RuntimeSprites/Shop/UI_Shop_ShopChest_Slot01_ShopLabelPopular.png,UI_Shop_ShopChest_Slot01_ShopLabelPopular,False,320,77,"0,0,0,0",ab9769c324467b2f0a250db3a5a1fd6e8746f704fa8f8d754b9618c1e6f41e8e
UI_Shop_ShopChest_Slot02_ButtonBlue_Btn_Normal,商店界面：商店 / 宝箱 / Slot02 / 按钮 / 蓝色 / 按钮底图 / 普通状态,Shop,Sliced,Shop_Chest.psd,2/Button_Blue/btn,Assets/AllResources/淘宝ui素材/RuntimeSprites/Shop/UI_Shop_ShopChest_Slot02_ButtonBlue_Btn_Normal.png,UI_Shop_ShopChest_Slot02_ButtonBlue_Btn_Normal,False,417,103,"23,23,23,23",93450a2f6833f4b3f40af125bc5396f7715e355fcda60738893c4b9d90ffae97
UI_Shop_ShopChest_Slot02_ShopFrame_Frame,商店界面：商店 / 宝箱 / Slot02 / 商店 / 边框,Shop,Frame,Shop_Chest.psd,2/shop_frame,Assets/AllResources/淘宝ui素材/RuntimeSprites/Shop/UI_Shop_ShopChest_Slot02_ShopFrame_Frame.png,UI_Shop_ShopChest_Slot02_ShopFrame_Frame,False,509,750,"0,0,0,0",d3bdf79750e56a585b6b33844775b9030f04be6fc72a485a1a184337d39a7e83
UI_Shop_ShopChest_Slot02_ShopImg,商店界面：商店 / 宝箱 / Slot02 / 商店 / 图片,Shop,Simple,Shop_Chest.psd,2/shop_img,Assets/AllResources/淘宝ui素材/RuntimeSprites/Shop/UI_Shop_ShopChest_Slot02_ShopImg.png,UI_Shop_ShopChest_Slot02_ShopImg,False,348,331,"0,0,0,0",249c9430f69c5fbd134e5ffcf9e10f0674ddc6fa786e32b258b5e99dc44c7812
UI_Shop_ShopChest_Slot03_Artwork,商店界面：商店 / 宝箱 / Slot03 / Artwork,Shop,Simple,Shop_Chest.psd,3/Group 7599,Assets/AllResources/淘宝ui素材/RuntimeSprites/Shop/UI_Shop_ShopChest_Slot03_Artwork.png,UI_Shop_ShopChest_Slot03_Artwork,False,511,750,"0,0,0,0",59db9d1d4bcedfcece5f372acf25111acc35647f8c27dd000743becd14a5959d
UI_Shop_ShopChest_Slot03_ButtonBlue_Btn_Normal,商店界面：商店 / 宝箱 / Slot03 / 按钮 / 蓝色 / 按钮底图 / 普通状态,Shop,Sliced,Shop_Chest.psd,3/Button_Blue/btn,Assets/AllResources/淘宝ui素材/RuntimeSprites/Shop/UI_Shop_ShopChest_Slot03_ButtonBlue_Btn_Normal.png,UI_Shop_ShopChest_Slot03_ButtonBlue_Btn_Normal,False,418,103,"23,23,23,23",c85c3382970223b1cffad2ff7939dce57a5c2926b84916fdb63a4adc552fded8
UI_Shop_ShopChest_Slot03_ShopFrame_Frame,商店界面：商店 / 宝箱 / Slot03 / 商店 / 边框,Shop,Frame,Shop_Chest.psd,3/shop_frame,Assets/AllResources/淘宝ui素材/RuntimeSprites/Shop/UI_Shop_ShopChest_Slot03_ShopFrame_Frame.png,UI_Shop_ShopChest_Slot03_ShopFrame_Frame,False,509,750,"0,0,0,0",6ab3536c92e437f854284dd2db84bcf5c431ff4bac576d89c4783267fc8925cc
UI_Shop_ShopChest_Slot03_ShopLabelBest,商店界面：商店 / 宝箱 / Slot03 / 商店 / 标签 / Best,Shop,Simple,Shop_Chest.psd,3/shop_label_best,Assets/AllResources/淘宝ui素材/RuntimeSprites/Shop/UI_Shop_ShopChest_Slot03_ShopLabelBest.png,UI_Shop_ShopChest_Slot03_ShopLabelBest,False,318,77,"0,0,0,0",7d284f1afd611cd205e549010c669b89bbd27d4676f1a5373cdcad0bc6bc4b8a
UI_Shop_ShopChest_Slot04_ButtonBlue_Btn_Normal,商店界面：商店 / 宝箱 / Slot04 / 按钮 / 蓝色 / 按钮底图 / 普通状态,Shop,Sliced,Shop_Chest.psd,4/Button_Blue/btn,Assets/AllResources/淘宝ui素材/RuntimeSprites/Shop/UI_Shop_ShopChest_Slot04_ButtonBlue_Btn_Normal.png,UI_Shop_ShopChest_Slot04_ButtonBlue_Btn_Normal,False,418,103,"23,23,23,23",40344ae446a28fc3d0f615bfd41ca25cc2c513bbab1857124ccb02f5ae240e83
UI_Shop_ShopChest_Slot04_ShopFrame_Frame,商店界面：商店 / 宝箱 / Slot04 / 商店 / 边框,Shop,Frame,Shop_Chest.psd,4/shop_frame,Assets/AllResources/淘宝ui素材/RuntimeSprites/Shop/UI_Shop_ShopChest_Slot04_ShopFrame_Frame.png,UI_Shop_ShopChest_Slot04_ShopFrame_Frame,False,509,750,"0,0,0,0",6c755a1ad0b5a1dba03b82fd165fbae4ba9ac1a69b5a4adf7818ee0f544bca67
UI_Shop_ShopChest_Slot04_ShopImg,商店界面：商店 / 宝箱 / Slot04 / 商店 / 图片,Shop,Simple,Shop_Chest.psd,4/shop_img,Assets/AllResources/淘宝ui素材/RuntimeSprites/Shop/UI_Shop_ShopChest_Slot04_ShopImg.png,UI_Shop_ShopChest_Slot04_ShopImg,False,329,355,"0,0,0,0",44e5e5ec123ff60d28622b4b443ed12f508bac95c436b4db0033787b5e07760d
UI_Shop_ShopChest_Slot05_ButtonBlue_Btn_Normal,商店界面：商店 / 宝箱 / Slot05 / 按钮 / 蓝色 / 按钮底图 / 普通状态,Shop,Sliced,Shop_Chest.psd,5/Button_Blue/btn,Assets/AllResources/淘宝ui素材/RuntimeSprites/Shop/UI_Shop_ShopChest_Slot05_ButtonBlue_Btn_Normal.png,UI_Shop_ShopChest_Slot05_ButtonBlue_Btn_Normal,False,418,103,"23,23,23,23",5bdff2ab776e8d39c93e2e007500c262766a677b5b45d14e1fdc897dea674b0e
UI_Shop_ShopChest_Slot05_ShopFrame_Frame,商店界面：商店 / 宝箱 / Slot05 / 商店 / 边框,Shop,Frame,Shop_Chest.psd,5/shop_frame ,Assets/AllResources/淘宝ui素材/RuntimeSprites/Shop/UI_Shop_ShopChest_Slot05_ShopFrame_Frame.png,UI_Shop_ShopChest_Slot05_ShopFrame_Frame,False,509,750,"0,0,0,0",51d9867d6310a3796f309689d26386718f814ba7094c5af08cde7010ce27a2b5
UI_Shop_ShopChest_Slot05_ShopImg,商店界面：商店 / 宝箱 / Slot05 / 商店 / 图片,Shop,Simple,Shop_Chest.psd,5/shop_img,Assets/AllResources/淘宝ui素材/RuntimeSprites/Shop/UI_Shop_ShopChest_Slot05_ShopImg.png,UI_Shop_ShopChest_Slot05_ShopImg,False,385,361,"0,0,0,0",6c913fff04f9904fb4ae51aca452f7128920140de20c1289cfb37088ff3cff73
UI_Shop_ShopChest_Tab,商店界面：商店 / 宝箱 / 页签,Shop,Simple,Shop_Chest.psd,Tab,Assets/AllResources/淘宝ui素材/RuntimeSprites/Shop/UI_Shop_ShopChest_Tab.png,UI_Shop_ShopChest_Tab,False,767,73,"0,0,0,0",f81a43a654eeeea9eb7644d9b28ba950c8680512ec8e39ffa677b1878ba9cc9b
UI_Shop_ShopChest_Top_Back,商店界面：商店 / 宝箱 / Top / 返回,Shop,Simple,Shop_Chest.psd,Top/Back,Assets/AllResources/淘宝ui素材/RuntimeSprites/Shop/UI_Shop_ShopChest_Top_Back.png,UI_Shop_ShopChest_Top_Back,False,38,47,"0,0,0,0",34f7bbc9c76daed4740260ee49bb3fd6101e65bef35ffc6fcbfa4fed3db4eda2
UI_Shop_ShopChest_Top_Home,商店界面：商店 / 宝箱 / Top / 主页,Shop,Simple,Shop_Chest.psd,Top/Home,Assets/AllResources/淘宝ui素材/RuntimeSprites/Shop/UI_Shop_ShopChest_Top_Home.png,UI_Shop_ShopChest_Top_Home,False,50,54,"0,0,0,0",6317c5800260047491cb4ab029903da502963f73ce745316d5089598b3dc4f02
UI_Shop_ShopChest_Top_Resource_Gem,商店界面：商店 / 宝箱 / Top / 资源栏 / 宝石,Shop,Simple,Shop_Chest.psd,Top/Resource/Gem,Assets/AllResources/淘宝ui素材/RuntimeSprites/Shop/UI_Shop_ShopChest_Top_Resource_Gem.png,UI_Shop_ShopChest_Top_Resource_Gem,False,236,71,"0,0,0,0",3512f35c1af61c12c2c050238a0f885e7bb9ddc974746e0b1104e68bac30096d
UI_Shop_ShopChest_Top_Resource_Gold,商店界面：商店 / 宝箱 / Top / 资源栏 / 金币,Shop,Simple,Shop_Chest.psd,Top/Resource/Gold,Assets/AllResources/淘宝ui素材/RuntimeSprites/Shop/UI_Shop_ShopChest_Top_Resource_Gold.png,UI_Shop_ShopChest_Top_Resource_Gold,False,321,71,"0,0,0,0",f59e37aedd1639051e4ea5af0109fe81fa2aee0c4e385bb7f9161e072c4da0ee
UI_Shop_ShopGem_Background,商店界面：商店 / 宝石 / 背景,Shop,Background,Shop_Gem.psd,Background,Assets/AllResources/淘宝ui素材/RuntimeSprites/Shop/UI_Shop_ShopGem_Background.png,UI_Shop_ShopGem_Background,False,3306,1080,"0,0,0,0",6a59d645e208e0c286b1dcbaeb8fe2560cd737b4b21ce8586e29cb4d484c9d42
UI_Shop_ShopGem_Slot01_ButtonGreen_Btn_Normal,商店界面：商店 / 宝石 / Slot01 / 按钮 / 绿色 / 按钮底图 / 普通状态,Shop,Sliced,Shop_Gem.psd,1/Button_Green/btn,Assets/AllResources/淘宝ui素材/RuntimeSprites/Shop/UI_Shop_ShopGem_Slot01_ButtonGreen_Btn_Normal.png,UI_Shop_ShopGem_Slot01_ButtonGreen_Btn_Normal,False,418,103,"23,23,23,23",cc3d05b0c9039325372b482b376d922c7fc874c70b617af15583e58e4b208432
UI_Shop_ShopGem_Slot01_ShopFrame_Frame,商店界面：商店 / 宝石 / Slot01 / 商店 / 边框,Shop,Frame,Shop_Gem.psd,1/shop_frame,Assets/AllResources/淘宝ui素材/RuntimeSprites/Shop/UI_Shop_ShopGem_Slot01_ShopFrame_Frame.png,UI_Shop_ShopGem_Slot01_ShopFrame_Frame,False,509,750,"0,0,0,0",62d5a2376666fa1161df18adf23eb1d2f1f0238bd612ab89d221790d5add7e91
UI_Shop_ShopGem_Slot01_ShopImg,商店界面：商店 / 宝石 / Slot01 / 商店 / 图片,Shop,Simple,Shop_Gem.psd,1/shop_img,Assets/AllResources/淘宝ui素材/RuntimeSprites/Shop/UI_Shop_ShopGem_Slot01_ShopImg.png,UI_Shop_ShopGem_Slot01_ShopImg,False,362,329,"0,0,0,0",e6aaf6a708b7a71d481c4b34ed76191e50005660554eca862471175aae9dbfa3
UI_Shop_ShopGem_Slot01_ShopLabelPopular,商店界面：商店 / 宝石 / Slot01 / 商店 / 标签 / Popular,Shop,Simple,Shop_Gem.psd,1/shop_label_popular,Assets/AllResources/淘宝ui素材/RuntimeSprites/Shop/UI_Shop_ShopGem_Slot01_ShopLabelPopular.png,UI_Shop_ShopGem_Slot01_ShopLabelPopular,False,319,77,"0,0,0,0",9dada2b6d5c7479e9b295251cc0e8bb7ed46b4bbc9e42c6b007c134e50d75290
UI_Shop_ShopGem_Slot02_ButtonGreen_Btn_Normal,商店界面：商店 / 宝石 / Slot02 / 按钮 / 绿色 / 按钮底图 / 普通状态,Shop,Sliced,Shop_Gem.psd,2/Button_Green/btn,Assets/AllResources/淘宝ui素材/RuntimeSprites/Shop/UI_Shop_ShopGem_Slot01_ButtonGreen_Btn_Normal.png,UI_Shop_ShopGem_Slot01_ButtonGreen_Btn_Normal,True,418,103,"23,23,23,23",cc3d05b0c9039325372b482b376d922c7fc874c70b617af15583e58e4b208432
UI_Shop_ShopGem_Slot02_ShopFrame_Frame,商店界面：商店 / 宝石 / Slot02 / 商店 / 边框,Shop,Frame,Shop_Gem.psd,2/shop_frame,Assets/AllResources/淘宝ui素材/RuntimeSprites/Shop/UI_Shop_ShopGem_Slot02_ShopFrame_Frame.png,UI_Shop_ShopGem_Slot02_ShopFrame_Frame,False,509,750,"0,0,0,0",32263e1ac4d44abcc6188d99e3f829fc77acd6270d71811da6cef568d5a9ca30
UI_Shop_ShopGem_Slot02_ShopImg,商店界面：商店 / 宝石 / Slot02 / 商店 / 图片,Shop,Simple,Shop_Gem.psd,2/shop_img,Assets/AllResources/淘宝ui素材/RuntimeSprites/Shop/UI_Shop_ShopGem_Slot02_ShopImg.png,UI_Shop_ShopGem_Slot02_ShopImg,False,390,403,"0,0,0,0",633f805649fe364b611f0a7092966cd54adc752f40d901cf30323053f7cd27c4
UI_Shop_ShopGem_Slot03_ButtonGreen_Btn_Normal,商店界面：商店 / 宝石 / Slot03 / 按钮 / 绿色 / 按钮底图 / 普通状态,Shop,Sliced,Shop_Gem.psd,3/Button_Green/btn,Assets/AllResources/淘宝ui素材/RuntimeSprites/Shop/UI_Shop_ShopGem_Slot01_ButtonGreen_Btn_Normal.png,UI_Shop_ShopGem_Slot01_ButtonGreen_Btn_Normal,True,418,103,"23,23,23,23",cc3d05b0c9039325372b482b376d922c7fc874c70b617af15583e58e4b208432
UI_Shop_ShopGem_Slot03_ShopFrame_Frame,商店界面：商店 / 宝石 / Slot03 / 商店 / 边框,Shop,Frame,Shop_Gem.psd,3/shop_frame,Assets/AllResources/淘宝ui素材/RuntimeSprites/Shop/UI_Shop_ShopGem_Slot03_ShopFrame_Frame.png,UI_Shop_ShopGem_Slot03_ShopFrame_Frame,False,509,750,"0,0,0,0",fb1314f2469e8c2bc470c57022266290482dc7c051e31e20c8bba00ddc7aca85
UI_Shop_ShopGem_Slot03_ShopImg,商店界面：商店 / 宝石 / Slot03 / 商店 / 图片,Shop,Simple,Shop_Gem.psd,3/shop_img,Assets/AllResources/淘宝ui素材/RuntimeSprites/Shop/UI_Shop_ShopGem_Slot03_ShopImg.png,UI_Shop_ShopGem_Slot03_ShopImg,False,622,456,"0,0,0,0",8fcc8d33d6a5d79cc4700c12efe101bbae7f2dd633c83adc889ef91f018bd70b
UI_Shop_ShopGem_Slot03_ShopLabelBest,商店界面：商店 / 宝石 / Slot03 / 商店 / 标签 / Best,Shop,Simple,Shop_Gem.psd,3/shop_label_best,Assets/AllResources/淘宝ui素材/RuntimeSprites/Shop/UI_Shop_ShopChest_Slot03_ShopLabelBest.png,UI_Shop_ShopChest_Slot03_ShopLabelBest,True,318,77,"0,0,0,0",7d284f1afd611cd205e549010c669b89bbd27d4676f1a5373cdcad0bc6bc4b8a
UI_Shop_ShopGem_Slot04_ButtonGreen_Btn_Normal,商店界面：商店 / 宝石 / Slot04 / 按钮 / 绿色 / 按钮底图 / 普通状态,Shop,Sliced,Shop_Gem.psd,4/Button_Green/btn,Assets/AllResources/淘宝ui素材/RuntimeSprites/Shop/UI_Shop_ShopGem_Slot01_ButtonGreen_Btn_Normal.png,UI_Shop_ShopGem_Slot01_ButtonGreen_Btn_Normal,True,418,103,"23,23,23,23",cc3d05b0c9039325372b482b376d922c7fc874c70b617af15583e58e4b208432
UI_Shop_ShopGem_Slot04_ShopFrame_Frame,商店界面：商店 / 宝石 / Slot04 / 商店 / 边框,Shop,Frame,Shop_Gem.psd,4/shop_frame,Assets/AllResources/淘宝ui素材/RuntimeSprites/Shop/UI_Shop_ShopGem_Slot04_ShopFrame_Frame.png,UI_Shop_ShopGem_Slot04_ShopFrame_Frame,False,509,750,"0,0,0,0",6dc14c703be045891bbb5c515ccc81ad6d91c5b3a8a70674107cff828e023f8d
UI_Shop_ShopGem_Slot04_ShopImg,商店界面：商店 / 宝石 / Slot04 / 商店 / 图片,Shop,Simple,Shop_Gem.psd,4/shop_img,Assets/AllResources/淘宝ui素材/RuntimeSprites/Shop/UI_Shop_ShopGem_Slot04_ShopImg.png,UI_Shop_ShopGem_Slot04_ShopImg,False,524,559,"0,0,0,0",88e38d5628e897c95fe221cb72b33c0827a924f6bff411f25665a0e26d45af67
UI_Shop_ShopGem_Slot05_ButtonGreen_Btn_Normal,商店界面：商店 / 宝石 / Slot05 / 按钮 / 绿色 / 按钮底图 / 普通状态,Shop,Sliced,Shop_Gem.psd,5/Button_Green/btn,Assets/AllResources/淘宝ui素材/RuntimeSprites/Shop/UI_Shop_ShopGem_Slot01_ButtonGreen_Btn_Normal.png,UI_Shop_ShopGem_Slot01_ButtonGreen_Btn_Normal,True,418,103,"23,23,23,23",cc3d05b0c9039325372b482b376d922c7fc874c70b617af15583e58e4b208432
UI_Shop_ShopGem_Slot05_ShopFrame_Frame,商店界面：商店 / 宝石 / Slot05 / 商店 / 边框,Shop,Frame,Shop_Gem.psd,5/shop_frame,Assets/AllResources/淘宝ui素材/RuntimeSprites/Shop/UI_Shop_ShopGem_Slot05_ShopFrame_Frame.png,UI_Shop_ShopGem_Slot05_ShopFrame_Frame,False,509,750,"0,0,0,0",821a2546b9905a2574ce0c0a7bf31b3dd9372bdb2f56f65d042e936423b970ad
UI_Shop_ShopGem_Slot05_ShopImg,商店界面：商店 / 宝石 / Slot05 / 商店 / 图片,Shop,Simple,Shop_Gem.psd,5/shop_img,Assets/AllResources/淘宝ui素材/RuntimeSprites/Shop/UI_Shop_ShopGem_Slot05_ShopImg.png,UI_Shop_ShopGem_Slot05_ShopImg,False,448,403,"0,0,0,0",afa007716eb9c67d45f0d1e2099fd0a0a514729c26a7d5d50513ba41d69715af
UI_Shop_ShopGem_Slot06_ButtonGreen_Btn_Normal,商店界面：商店 / 宝石 / Slot06 / 按钮 / 绿色 / 按钮底图 / 普通状态,Shop,Sliced,Shop_Gem.psd,6/Button_Green/btn,Assets/AllResources/淘宝ui素材/RuntimeSprites/Shop/UI_Shop_ShopGem_Slot01_ButtonGreen_Btn_Normal.png,UI_Shop_ShopGem_Slot01_ButtonGreen_Btn_Normal,True,418,103,"23,23,23,23",cc3d05b0c9039325372b482b376d922c7fc874c70b617af15583e58e4b208432
UI_Shop_ShopGem_Slot06_ShopFrame_Frame,商店界面：商店 / 宝石 / Slot06 / 商店 / 边框,Shop,Frame,Shop_Gem.psd,6/shop_frame,Assets/AllResources/淘宝ui素材/RuntimeSprites/Shop/UI_Shop_ShopGem_Slot06_ShopFrame_Frame.png,UI_Shop_ShopGem_Slot06_ShopFrame_Frame,False,509,750,"0,0,0,0",dfa87daf95243aaae8584eeffd7dc6cc6e65d3c6729abfd4ec1cbc2db9c7f325
UI_Shop_ShopGem_Slot06_ShopImg,商店界面：商店 / 宝石 / Slot06 / 商店 / 图片,Shop,Simple,Shop_Gem.psd,6/shop_img,Assets/AllResources/淘宝ui素材/RuntimeSprites/Shop/UI_Shop_ShopGem_Slot06_ShopImg.png,UI_Shop_ShopGem_Slot06_ShopImg,False,579,427,"0,0,0,0",e02f37e57b36eb9c27517219c9b09862fc786fe47495d3845a6e539ab5063d4a
UI_Shop_ShopGem_Tab,商店界面：商店 / 宝石 / 页签,Shop,Simple,Shop_Gem.psd,Tab,Assets/AllResources/淘宝ui素材/RuntimeSprites/Shop/UI_Shop_ShopGem_Tab.png,UI_Shop_ShopGem_Tab,False,770,73,"0,0,0,0",27d2e75dbfeed86d58ec056d44e4a9240c896f00ba180bd9d79dd0e44ef8a90f
UI_Shop_ShopGem_Top_Back,商店界面：商店 / 宝石 / Top / 返回,Shop,Simple,Shop_Gem.psd,Top/Back,Assets/AllResources/淘宝ui素材/RuntimeSprites/Shop/UI_Shop_ShopChest_Top_Back.png,UI_Shop_ShopChest_Top_Back,True,38,47,"0,0,0,0",34f7bbc9c76daed4740260ee49bb3fd6101e65bef35ffc6fcbfa4fed3db4eda2
UI_Shop_ShopGem_Top_Home,商店界面：商店 / 宝石 / Top / 主页,Shop,Simple,Shop_Gem.psd,Top/Home,Assets/AllResources/淘宝ui素材/RuntimeSprites/Shop/UI_Shop_ShopGem_Top_Home.png,UI_Shop_ShopGem_Top_Home,False,50,54,"0,0,0,0",0c0cf8b98fa46ded0d2b593b926ffe60f4dd3a0ac3f12fcb928774f0442f2cf2
UI_Shop_ShopGem_Top_Resource_Gem,商店界面：商店 / 宝石 / Top / 资源栏 / 宝石,Shop,Simple,Shop_Gem.psd,Top/Resource/Gem,Assets/AllResources/淘宝ui素材/RuntimeSprites/Shop/UI_Shop_ShopChest_Top_Resource_Gem.png,UI_Shop_ShopChest_Top_Resource_Gem,True,236,71,"0,0,0,0",3512f35c1af61c12c2c050238a0f885e7bb9ddc974746e0b1104e68bac30096d
UI_Shop_ShopGem_Top_Resource_Gold,商店界面：商店 / 宝石 / Top / 资源栏 / 金币,Shop,Simple,Shop_Gem.psd,Top/Resource/Gold,Assets/AllResources/淘宝ui素材/RuntimeSprites/Shop/UI_Shop_ShopChest_Top_Resource_Gold.png,UI_Shop_ShopChest_Top_Resource_Gold,True,321,71,"0,0,0,0",f59e37aedd1639051e4ea5af0109fe81fa2aee0c4e385bb7f9161e072c4da0ee
UI_Shop_ShopGold_Background,商店界面：商店 / 金币 / 背景,Shop,Background,Shop_Gold.psd,Background,Assets/AllResources/淘宝ui素材/RuntimeSprites/Shop/UI_Shop_ShopGold_Background.png,UI_Shop_ShopGold_Background,False,3306,1080,"0,0,0,0",0a9d5f119beec17d4a130e7da6d1d75ebfe29ad83a7c01b05f8473377d637f42
UI_Shop_ShopGold_Slot01_ButtonGreen_Btn_Normal,商店界面：商店 / 金币 / Slot01 / 按钮 / 绿色 / 按钮底图 / 普通状态,Shop,Sliced,Shop_Gold.psd,1/Button_Green/btn,Assets/AllResources/淘宝ui素材/RuntimeSprites/Shop/UI_Shop_ShopGem_Slot01_ButtonGreen_Btn_Normal.png,UI_Shop_ShopGem_Slot01_ButtonGreen_Btn_Normal,True,418,103,"23,23,23,23",cc3d05b0c9039325372b482b376d922c7fc874c70b617af15583e58e4b208432
UI_Shop_ShopGold_Slot01_ShopFrame_Frame,商店界面：商店 / 金币 / Slot01 / 商店 / 边框,Shop,Frame,Shop_Gold.psd,1/shop_frame,Assets/AllResources/淘宝ui素材/RuntimeSprites/Shop/UI_Shop_ShopGold_Slot01_ShopFrame_Frame.png,UI_Shop_ShopGold_Slot01_ShopFrame_Frame,False,509,750,"0,0,0,0",85ec1d4efc64514c55a60257808b4da54107cdac5ba886b9b38a5a2335ca4742
UI_Shop_ShopGold_Slot01_ShopLabelPopular,商店界面：商店 / 金币 / Slot01 / 商店 / 标签 / Popular,Shop,Simple,Shop_Gold.psd,1/shop_label_popular,Assets/AllResources/淘宝ui素材/RuntimeSprites/Shop/UI_Shop_ShopGem_Slot01_ShopLabelPopular.png,UI_Shop_ShopGem_Slot01_ShopLabelPopular,True,319,77,"0,0,0,0",9dada2b6d5c7479e9b295251cc0e8bb7ed46b4bbc9e42c6b007c134e50d75290
UI_Shop_ShopGold_Slot02_ButtonGreen_Btn_Normal,商店界面：商店 / 金币 / Slot02 / 按钮 / 绿色 / 按钮底图 / 普通状态,Shop,Sliced,Shop_Gold.psd,2/Button_Green/btn,Assets/AllResources/淘宝ui素材/RuntimeSprites/Shop/UI_Shop_ShopGem_Slot01_ButtonGreen_Btn_Normal.png,UI_Shop_ShopGem_Slot01_ButtonGreen_Btn_Normal,True,418,103,"23,23,23,23",cc3d05b0c9039325372b482b376d922c7fc874c70b617af15583e58e4b208432
UI_Shop_ShopGold_Slot02_ShopFrame_Frame,商店界面：商店 / 金币 / Slot02 / 商店 / 边框,Shop,Frame,Shop_Gold.psd,2/shop_frame,Assets/AllResources/淘宝ui素材/RuntimeSprites/Shop/UI_Shop_ShopGold_Slot02_ShopFrame_Frame.png,UI_Shop_ShopGold_Slot02_ShopFrame_Frame,False,509,750,"0,0,0,0",5938503d28670f526997a3006aa5ecccceddffb833acdba34aa7d349deb58929
UI_Shop_ShopGold_Slot02_Star,商店界面：商店 / 金币 / Slot02 / Star,Shop,Simple,Shop_Gold.psd,2/star,Assets/AllResources/淘宝ui素材/RuntimeSprites/Shop/UI_Shop_ShopGold_Slot02_Star.png,UI_Shop_ShopGold_Slot02_Star,False,284,181,"0,0,0,0",9f87570a154437b49171e7f3b88522e68a95a481fa999efb9f1bdb5859e569fe
UI_Shop_ShopGold_Slot03_ButtonGreen_Btn_Normal,商店界面：商店 / 金币 / Slot03 / 按钮 / 绿色 / 按钮底图 / 普通状态,Shop,Sliced,Shop_Gold.psd,3/Button_Green/btn,Assets/AllResources/淘宝ui素材/RuntimeSprites/Shop/UI_Shop_ShopGem_Slot01_ButtonGreen_Btn_Normal.png,UI_Shop_ShopGem_Slot01_ButtonGreen_Btn_Normal,True,418,103,"23,23,23,23",cc3d05b0c9039325372b482b376d922c7fc874c70b617af15583e58e4b208432
UI_Shop_ShopGold_Slot03_ShopFrame_Frame,商店界面：商店 / 金币 / Slot03 / 商店 / 边框,Shop,Frame,Shop_Gold.psd,3/shop_frame,Assets/AllResources/淘宝ui素材/RuntimeSprites/Shop/UI_Shop_ShopGold_Slot03_ShopFrame_Frame.png,UI_Shop_ShopGold_Slot03_ShopFrame_Frame,False,509,750,"0,0,0,0",5f87732b6f5faa89fc835096d6e3fab4901be6181278b4a3603b01e07ade6529
UI_Shop_ShopGold_Slot03_ShopLabelBest,商店界面：商店 / 金币 / Slot03 / 商店 / 标签 / Best,Shop,Simple,Shop_Gold.psd,3/shop_label_best,Assets/AllResources/淘宝ui素材/RuntimeSprites/Shop/UI_Shop_ShopChest_Slot03_ShopLabelBest.png,UI_Shop_ShopChest_Slot03_ShopLabelBest,True,318,77,"0,0,0,0",7d284f1afd611cd205e549010c669b89bbd27d4676f1a5373cdcad0bc6bc4b8a
UI_Shop_ShopGold_Slot04_ButtonGreen_Btn_Normal,商店界面：商店 / 金币 / Slot04 / 按钮 / 绿色 / 按钮底图 / 普通状态,Shop,Sliced,Shop_Gold.psd,4/Button_Green/btn,Assets/AllResources/淘宝ui素材/RuntimeSprites/Shop/UI_Shop_ShopGem_Slot01_ButtonGreen_Btn_Normal.png,UI_Shop_ShopGem_Slot01_ButtonGreen_Btn_Normal,True,418,103,"23,23,23,23",cc3d05b0c9039325372b482b376d922c7fc874c70b617af15583e58e4b208432
UI_Shop_ShopGold_Slot04_ShopFrame_Frame,商店界面：商店 / 金币 / Slot04 / 商店 / 边框,Shop,Frame,Shop_Gold.psd,4/shop_frame,Assets/AllResources/淘宝ui素材/RuntimeSprites/Shop/UI_Shop_ShopGold_Slot04_ShopFrame_Frame.png,UI_Shop_ShopGold_Slot04_ShopFrame_Frame,False,509,750,"0,0,0,0",1cf01369b5d69222e5665bead3117bc05d896a7e9e8aac221147070866eda6c1
UI_Shop_ShopGold_Slot05_ButtonGreen_Btn_Normal,商店界面：商店 / 金币 / Slot05 / 按钮 / 绿色 / 按钮底图 / 普通状态,Shop,Sliced,Shop_Gold.psd,5/Button_Green/btn,Assets/AllResources/淘宝ui素材/RuntimeSprites/Shop/UI_Shop_ShopGem_Slot01_ButtonGreen_Btn_Normal.png,UI_Shop_ShopGem_Slot01_ButtonGreen_Btn_Normal,True,418,103,"23,23,23,23",cc3d05b0c9039325372b482b376d922c7fc874c70b617af15583e58e4b208432
UI_Shop_ShopGold_Slot05_ShopFrame_Frame,商店界面：商店 / 金币 / Slot05 / 商店 / 边框,Shop,Frame,Shop_Gold.psd,5/shop_frame,Assets/AllResources/淘宝ui素材/RuntimeSprites/Shop/UI_Shop_ShopGold_Slot05_ShopFrame_Frame.png,UI_Shop_ShopGold_Slot05_ShopFrame_Frame,False,509,750,"0,0,0,0",c521cc13de4656ea8a0510c864b307aac51954fa9ab81d753367e2d9b03e69ec
UI_Shop_ShopGold_Slot06_ButtonGreen_Btn_Normal,商店界面：商店 / 金币 / Slot06 / 按钮 / 绿色 / 按钮底图 / 普通状态,Shop,Sliced,Shop_Gold.psd,6/Button_Green/btn,Assets/AllResources/淘宝ui素材/RuntimeSprites/Shop/UI_Shop_ShopGem_Slot01_ButtonGreen_Btn_Normal.png,UI_Shop_ShopGem_Slot01_ButtonGreen_Btn_Normal,True,418,103,"23,23,23,23",cc3d05b0c9039325372b482b376d922c7fc874c70b617af15583e58e4b208432
UI_Shop_ShopGold_Slot06_ShopFrame_Frame,商店界面：商店 / 金币 / Slot06 / 商店 / 边框,Shop,Frame,Shop_Gold.psd,6/shop_frame,Assets/AllResources/淘宝ui素材/RuntimeSprites/Shop/UI_Shop_ShopGold_Slot06_ShopFrame_Frame.png,UI_Shop_ShopGold_Slot06_ShopFrame_Frame,False,509,750,"0,0,0,0",ce7d8730cc93b162633e1daf5932cc665bdef5d364d44613a1442695854a3d04
UI_Shop_ShopGold_Tab,商店界面：商店 / 金币 / 页签,Shop,Simple,Shop_Gold.psd,Tab,Assets/AllResources/淘宝ui素材/RuntimeSprites/Shop/UI_Shop_ShopGold_Tab.png,UI_Shop_ShopGold_Tab,False,752,73,"0,0,0,0",b7ad1bb8f8d84f116f5af0a8dcd4a9900af9146c4ebd40e708d196387a5478b2
UI_Shop_ShopGold_Top_Back,商店界面：商店 / 金币 / Top / 返回,Shop,Simple,Shop_Gold.psd,Top/Back,Assets/AllResources/淘宝ui素材/RuntimeSprites/Shop/UI_Shop_ShopChest_Top_Back.png,UI_Shop_ShopChest_Top_Back,True,38,47,"0,0,0,0",34f7bbc9c76daed4740260ee49bb3fd6101e65bef35ffc6fcbfa4fed3db4eda2
UI_Shop_ShopGold_Top_Home,商店界面：商店 / 金币 / Top / 主页,Shop,Simple,Shop_Gold.psd,Top/Home,Assets/AllResources/淘宝ui素材/RuntimeSprites/Shop/UI_Shop_ShopGem_Top_Home.png,UI_Shop_ShopGem_Top_Home,True,50,54,"0,0,0,0",0c0cf8b98fa46ded0d2b593b926ffe60f4dd3a0ac3f12fcb928774f0442f2cf2
UI_Shop_ShopGold_Top_Resource_Gem,商店界面：商店 / 金币 / Top / 资源栏 / 宝石,Shop,Simple,Shop_Gold.psd,Top/Resource/Gem,Assets/AllResources/淘宝ui素材/RuntimeSprites/Shop/UI_Shop_ShopChest_Top_Resource_Gem.png,UI_Shop_ShopChest_Top_Resource_Gem,True,236,71,"0,0,0,0",3512f35c1af61c12c2c050238a0f885e7bb9ddc974746e0b1104e68bac30096d
UI_Shop_ShopGold_Top_Resource_Gold,商店界面：商店 / 金币 / Top / 资源栏 / 金币,Shop,Simple,Shop_Gold.psd,Top/Resource/Gold,Assets/AllResources/淘宝ui素材/RuntimeSprites/Shop/UI_Shop_ShopChest_Top_Resource_Gold.png,UI_Shop_ShopChest_Top_Resource_Gold,True,321,71,"0,0,0,0",f59e37aedd1639051e4ea5af0109fe81fa2aee0c4e385bb7f9161e072c4da0ee
